Order_ID,Order_Date,Customer_ID,Customer_Name,City,State,Brand,Perfume_Name,Category,Quantity,Price,Discount_Percentage,Total_Amount,Payment_Method,Delivery_Status
ORD100000,2025-01-01,CUST00429,Aarav Rathi,Indore,Madhya Pradesh,Tom Ford,Tobacco Vanille,Unisex,2,9560.0,15.8,16099.04,UPI,Delivered
ORD100001,2025-01-01,CUST01049,Amit Rathi,Pune,Maharashtra,Fogg,Fogg Scent Xpressio,Men,1,940.0,30.0,658.0,Cash on Delivery,Delivered
ORD100002,2025-01-01,CUST00468,Diya Reddy,Jaipur,Rajasthan,Zara,Zara Woman Rose,Women,4,1950.0,30.0,5460.0,UPI,Delivered
ORD100003,2025-01-01,CUST00694,Aadhya Menon,Mumbai,Maharashtra,Zara,Zara Woman Rose,Women,1,1090.0,30.0,763.0,Debit Card,Delivered
ORD100004,2025-01-01,CUST01081,Aarav Shah,Chennai,Tamil Nadu,Ajmal,Ajmal Evoke,Unisex,1,2670.0,20.4,2125.32,UPI,Delivered
ORD100005,2025-01-01,CUST00236,Kiran Rathi,Visakhapatnam,Andhra Pradesh,Ajmal,Ajmal Amber Wood,Men,1,820.0,6.6,765.88,UPI,Delivered
ORD100006,2025-01-01,CUST00894,Kavya Agarwal,Bengaluru,Karnataka,Ajmal,Ajmal Evoke,Unisex,2,2360.0,12.1,4148.88,UPI,Delivered
ORD100007,2025-01-01,CUST00215,Meera Mishra,Hyderabad,Telangana,Wild Stone,Wild Stone Code Platinum,Men,1,1450.0,17.2,1200.6,UPI,Delivered
ORD100008,2025-01-01,CUST00657,Ishaan Krishnan,Bengaluru,Karnataka,Ajmal,Ajmal Wisal,Women,1,1290.0,7.5,1193.25,UPI,Delivered
ORD100009,2025-01-01,CUST00315,Tanvi Shah,Kolkata,West Bengal,Wild Stone,Wild Stone Hunter,Men,2,1130.0,24.3,1710.82,UPI,Delivered
ORD100010,2025-01-01,CUST00676,Dhruv Pillai,Delhi,Delhi,Ajmal,Ajmal Amber Wood,Men,2,890.0,8.3,1632.26,Credit Card,Delivered
ORD100011,2025-01-02,CUST01097,Divya Rao,Hyderabad,Telangana,Ajmal,Ajmal Wisal,Women,2,3080.0,9.3,5587.12,Credit Card,Delivered
ORD100012,2025-01-02,CUST00454,Lakshmi Kumar,Kochi,Kerala,Gucci,Gucci Flora,Women,2,6430.0,6.5,12024.1,UPI,Returned
ORD100013,2025-01-02,CUST00288,Sneha Nair,Hyderabad,Telangana,Zara,Zara Woman Rose,Women,1,1120.0,5.7,1056.16,Net Banking,Delivered
ORD100014,2025-01-02,CUST00583,Aditi Kulkarni,Pune,Maharashtra,Zara,Zara Unisex Oud,Unisex,2,1590.0,27.3,2311.86,UPI,Delivered
ORD100015,2025-01-02,CUST00904,Amit Mehta,Hyderabad,Telangana,Zara,Zara Unisex Oud,Unisex,3,1320.0,30.0,2772.0,Net Banking,Delivered
ORD100016,2025-01-02,CUST00451,Diya Banerjee,Delhi,Delhi,Fogg,Fogg Scent Xpressio,Men,2,1080.0,8.7,1972.08,Net Banking,Returned
ORD100017,2025-01-02,CUST00579,Saanvi Iyer,Chandigarh,Punjab,Chanel,Chanel No. 5,Women,1,9800.0,25.5,7301.0,Cash on Delivery,Delivered
ORD100018,2025-01-02,CUST00089,Vikram Agarwal,Patna,Bihar,Fogg,Fogg Femme,Women,1,980.0,22.3,761.46,Cash on Delivery,Delivered
ORD100019,2025-01-02,CUST00814,Geeta Mishra,Jaipur,Rajasthan,Chanel,Chanel No. 5,Women,1,9510.0,21.4,7474.86,Credit Card,Cancelled
ORD100020,2025-01-02,CUST00701,Sunita Rao,Mumbai,Maharashtra,Armani,Si Passione,Women,1,5340.0,14.5,4565.7,UPI,Delivered
ORD100021,2025-01-02,CUST00487,Amit Nair,Nashik,Maharashtra,Zara,Zara Man Gold,Men,2,980.0,26.1,1448.44,Debit Card,Delivered
ORD100022,2025-01-03,CUST00315,Tanvi Shah,Delhi,Delhi,Ajmal,Ajmal Amber Wood,Men,2,2690.0,5.1,5105.62,Net Banking,Delivered
ORD100023,2025-01-03,CUST00684,Sai Chatterjee,Delhi,Delhi,Chanel,Bleu de Chanel,Men,3,11270.0,19.1,27352.29,Net Banking,Delivered
ORD100024,2025-01-03,CUST00992,Ramesh Reddy,Lucknow,Uttar Pradesh,Zara,Zara Woman Rose,Women,1,1520.0,23.3,1165.84,Debit Card,Delivered
ORD100025,2025-01-03,CUST00217,Geeta Banerjee,Bhopal,Madhya Pradesh,Versace,Bright Crystal,Women,4,5450.0,23.2,16742.4,Cash on Delivery,Delivered
ORD100026,2025-01-03,CUST00750,Sanjay Agarwal,Delhi,Delhi,Ajmal,Ajmal Amber Wood,Men,4,1040.0,23.8,3169.92,Debit Card,Delivered
ORD100027,2025-01-03,CUST00583,Aditi Kulkarni,Pune,Maharashtra,Ajmal,Ajmal Evoke,Unisex,1,1700.0,9.4,1540.2,UPI,Delivered
ORD100028,2025-01-03,CUST00309,Yash Joshi,Delhi,Delhi,Calvin Klein,Obsession,Men,4,4680.0,18.5,15256.8,UPI,Delivered
ORD100029,2025-01-03,CUST00875,Swati Rathi,Kochi,Kerala,Calvin Klein,Euphoria,Women,3,6680.0,19.2,16192.32,Net Banking,Delivered
ORD100030,2025-01-03,CUST00874,Swati Iyer,Chennai,Tamil Nadu,Burberry,Her,Women,4,4510.0,20.3,14377.88,UPI,Delivered
ORD100031,2025-01-03,CUST00264,Vivaan Malhotra,Hyderabad,Telangana,Ajmal,Ajmal Amber Wood,Men,1,3140.0,21.1,2477.46,UPI,Delivered
ORD100032,2025-01-03,CUST01030,Preeti Iyer,Delhi,Delhi,Fogg,Fogg Scent Xpressio,Men,3,1490.0,8.0,4112.4,UPI,Delivered
ORD100033,2025-01-04,CUST00487,Amit Nair,Nashik,Maharashtra,Zara,Zara Man Gold,Men,1,2520.0,12.6,2202.48,UPI,Delivered
ORD100034,2025-01-04,CUST00359,Priya Joshi,Chennai,Tamil Nadu,Zara,Zara Unisex Oud,Unisex,1,1550.0,27.3,1126.85,UPI,Returned
ORD100035,2025-01-04,CUST01109,Nikhil Pillai,Jaipur,Rajasthan,Armani,Si Passione,Women,4,7840.0,27.7,22673.28,Net Banking,Returned
ORD100036,2025-01-04,CUST00366,Sunil Kulkarni,Kochi,Kerala,Zara,Zara Unisex Oud,Unisex,1,1220.0,10.6,1090.68,Cash on Delivery,Delivered
ORD100037,2025-01-04,CUST00932,Vivaan Kulkarni,Bengaluru,Karnataka,Fogg,Fogg Scent Xpressio,Men,3,890.0,30.0,1869.0,UPI,Delivered
ORD100038,2025-01-04,CUST00534,Anika Joshi,Kochi,Kerala,Gucci,Gucci Guilty,Unisex,1,10970.0,13.4,9500.02,Net Banking,Delivered
ORD100039,2025-01-04,CUST00429,Aarav Rathi,Indore,Madhya Pradesh,Ajmal,Ajmal Amber Wood,Men,1,1470.0,6.8,1370.04,Debit Card,Delivered
ORD100040,2025-01-04,CUST00947,Ashok Menon,Indore,Madhya Pradesh,Dior,Miss Dior,Women,3,6350.0,17.6,15697.2,Credit Card,Delivered
ORD100041,2025-01-04,CUST01085,Vikram Kulkarni,Delhi,Delhi,Ajmal,Ajmal Wisal,Women,2,2940.0,30.0,4116.0,Debit Card,Delivered
ORD100042,2025-01-04,CUST00886,Anjali Malhotra,Hyderabad,Telangana,Calvin Klein,Euphoria,Women,1,5080.0,15.1,4312.92,Cash on Delivery,Returned
ORD100043,2025-01-04,CUST00458,Sunita Shah,Mumbai,Maharashtra,Zara,Zara Woman Rose,Women,1,1790.0,30.0,1253.0,Cash on Delivery,Delivered
ORD100044,2025-01-04,CUST00997,Kavya Kumar,Ahmedabad,Gujarat,Ajmal,Ajmal Evoke,Unisex,2,2070.0,6.5,3870.9,Credit Card,Delivered
ORD100045,2025-01-05,CUST00847,Manoj Choudhary,Pune,Maharashtra,Calvin Klein,CK One,Unisex,4,6200.0,8.4,22716.8,Credit Card,Delivered
ORD100046,2025-01-05,CUST00876,Priya Agarwal,Bengaluru,Karnataka,Ajmal,Ajmal Amber Wood,Men,1,2140.0,6.8,1994.48,Debit Card,Delivered
ORD100047,2025-01-05,CUST00236,Kiran Rathi,Visakhapatnam,Andhra Pradesh,Ajmal,Ajmal Evoke,Unisex,2,3080.0,22.8,4755.52,Net Banking,Delivered
ORD100048,2025-01-05,CUST00039,Rahul Rao,Bengaluru,Karnataka,Fogg,Fogg Scent Xpressio,Men,2,1450.0,23.5,2218.5,Net Banking,Delivered
ORD100049,2025-01-05,CUST01212,Myra Naidu,Mumbai,Maharashtra,Zara,Zara Unisex Oud,Unisex,2,1480.0,18.3,2418.32,UPI,Delivered
ORD100050,2025-01-05,CUST00403,Ananya Krishnan,Delhi,Delhi,Wild Stone,Wild Stone Code Platinum,Men,2,1400.0,19.9,2242.8,UPI,Delivered
ORD100051,2025-01-05,CUST00049,Meera Krishnan,Visakhapatnam,Andhra Pradesh,Calvin Klein,Obsession,Men,1,5970.0,20.6,4740.18,Cash on Delivery,Returned
ORD100052,2025-01-05,CUST00830,Krishna Desai,Pune,Maharashtra,Versace,Dylan Blue,Men,3,8240.0,23.7,18861.36,UPI,Delivered
ORD100053,2025-01-05,CUST00405,Preeti Naidu,Mumbai,Maharashtra,Fogg,Fogg Scent Xpressio,Men,5,1430.0,8.1,6570.85,Cash on Delivery,Delivered
ORD100054,2025-01-05,CUST01223,Amit Mehta,Indore,Madhya Pradesh,Zara,Zara Man Gold,Men,3,2600.0,5.9,7339.8,UPI,Delivered
ORD100055,2025-01-05,CUST01227,Vihaan Verma,Delhi,Delhi,Fogg,Fogg Scent Xpressio,Men,3,1230.0,30.0,2583.0,UPI,Delivered
ORD100056,2025-01-06,CUST00094,Amit Naidu,Pune,Maharashtra,Versace,Dylan Blue,Men,1,8270.0,10.3,7418.19,UPI,Delivered
ORD100057,2025-01-06,CUST00217,Geeta Banerjee,Bhopal,Madhya Pradesh,Gucci,Gucci Flora,Women,5,4570.0,16.7,19034.05,Cash on Delivery,Delivered
ORD100058,2025-01-07,CUST00403,Ananya Krishnan,Delhi,Delhi,Fogg,Fogg Scent Xpressio,Men,1,1540.0,9.0,1401.4,UPI,Delivered
ORD100059,2025-01-07,CUST00381,Neha Chatterjee,Bengaluru,Karnataka,Armani,Code,Men,2,8700.0,1.4,17156.4,UPI,Delivered
ORD100060,2025-01-07,CUST00199,Sanya Mehta,Mumbai,Maharashtra,Armani,Code,Men,3,8380.0,3.4,24285.24,UPI,Delivered
ORD100061,2025-01-07,CUST00422,Kabir Menon,Pune,Maharashtra,Zara,Zara Unisex Oud,Unisex,3,1590.0,4.1,4574.43,Credit Card,Delivered
ORD100062,2025-01-07,CUST00197,Ramesh Iyer,Jaipur,Rajasthan,Ajmal,Ajmal Wisal,Women,1,1680.0,14.6,1434.72,UPI,Delivered
ORD100063,2025-01-07,CUST00425,Anjali Kulkarni,Ahmedabad,Gujarat,Fogg,Fogg Femme,Women,1,1360.0,12.6,1188.64,Credit Card,Delivered
ORD100064,2025-01-08,CUST00729,Vikram Das,Chennai,Tamil Nadu,Ajmal,Ajmal Amber Wood,Men,3,2500.0,25.9,5557.5,UPI,Delivered
ORD100065,2025-01-08,CUST01062,Ananya Mishra,Lucknow,Uttar Pradesh,Wild Stone,Wild Stone Hunter,Men,4,1590.0,11.1,5654.04,UPI,Delivered
ORD100066,2025-01-08,CUST00921,Diya Gupta,Coimbatore,Tamil Nadu,Zara,Zara Woman Rose,Women,2,1120.0,25.1,1677.76,UPI,Delivered
ORD100067,2025-01-08,CUST00532,Vihaan Yadav,Visakhapatnam,Andhra Pradesh,Armani,Si Passione,Women,2,8670.0,16.8,14426.88,UPI,Delivered
ORD100068,2025-01-09,CUST01191,Aditya Naidu,Bengaluru,Karnataka,Versace,Eros,Men,2,9250.0,12.7,16150.5,Credit Card,Delivered
ORD100069,2025-01-09,CUST00327,Anjali Yadav,Patna,Bihar,Zara,Zara Unisex Oud,Unisex,1,2320.0,19.9,1858.32,UPI,Delivered
ORD100070,2025-01-09,CUST00256,Vivaan Menon,Bengaluru,Karnataka,Burberry,Hero,Men,1,5630.0,4.0,5404.8,Net Banking,Delivered
ORD100071,2025-01-10,CUST01157,Pooja Agarwal,Hyderabad,Telangana,Wild Stone,Wild Stone Hunter,Men,2,1340.0,4.3,2564.76,UPI,Delivered
ORD100072,2025-01-11,CUST00487,Amit Nair,Nashik,Maharashtra,Chanel,Chanel No. 5,Women,2,5440.0,18.6,8856.32,Net Banking,Delivered
ORD100073,2025-01-11,CUST00842,Anika Chatterjee,Bengaluru,Karnataka,Versace,Dylan Blue,Men,1,6420.0,19.2,5187.36,UPI,Delivered
ORD100074,2025-01-11,CUST00001,Rajesh Reddy,Mumbai,Maharashtra,Fogg,Fogg Femme,Women,3,920.0,18.8,2241.12,Debit Card,Delivered
ORD100075,2025-01-11,CUST00578,Nikhil Reddy,Chennai,Tamil Nadu,Armani,Code,Men,1,7230.0,10.7,6456.39,Cash on Delivery,Delivered
ORD100076,2025-01-12,CUST00415,Vikram Malhotra,Hyderabad,Telangana,Versace,Dylan Blue,Men,1,5250.0,20.0,4200.0,Credit Card,Delivered
ORD100077,2025-01-12,CUST00947,Ashok Menon,Indore,Madhya Pradesh,Gucci,Gucci Flora,Women,2,9600.0,9.5,17376.0,Credit Card,Cancelled
ORD100078,2025-01-12,CUST00954,Aditya Das,Indore,Madhya Pradesh,Calvin Klein,Euphoria,Women,3,6730.0,3.8,19422.78,UPI,Delivered
ORD100079,2025-01-12,CUST00457,Preeti Pillai,Visakhapatnam,Andhra Pradesh,Zara,Zara Woman Rose,Women,2,2590.0,27.3,3765.86,Credit Card,Delivered
ORD100080,2025-01-12,CUST00064,Sai Verma,Bengaluru,Karnataka,Dior,J'adore,Women,2,5100.0,9.6,9220.8,Net Banking,Delivered
ORD100081,2025-01-12,CUST00044,Anil Verma,Nagpur,Maharashtra,Zara,Zara Man Gold,Men,1,1450.0,1.5,1428.25,Debit Card,Delivered
ORD100082,2025-01-13,CUST00764,Sunil Rao,Delhi,Delhi,Burberry,Hero,Men,1,5230.0,8.4,4790.68,Net Banking,Delivered
ORD100083,2025-01-13,CUST00932,Vivaan Kulkarni,Bengaluru,Karnataka,Gucci,Gucci Guilty,Unisex,3,7470.0,5.2,21244.68,Debit Card,Delivered
ORD100084,2025-01-13,CUST01160,Kavya Mishra,Delhi,Delhi,Calvin Klein,Euphoria,Women,1,4840.0,0.4,4820.64,Net Banking,Delivered
ORD100085,2025-01-13,CUST00964,Ashok Yadav,Hyderabad,Telangana,Tom Ford,Black Orchid,Unisex,1,7760.0,0.7,7705.68,Cash on Delivery,Delivered
ORD100086,2025-01-13,CUST01167,Tanvi Kulkarni,Pune,Maharashtra,Burberry,Her,Women,2,4490.0,14.9,7641.98,UPI,Returned
ORD100087,2025-01-13,CUST01182,Kavya Yadav,Lucknow,Uttar Pradesh,Wild Stone,Wild Stone Code Platinum,Men,3,1160.0,8.3,3191.16,UPI,Cancelled
ORD100088,2025-01-14,CUST00029,Sai Iyer,Kolkata,West Bengal,Ajmal,Ajmal Evoke,Unisex,2,1500.0,18.7,2439.0,Cash on Delivery,Delivered
ORD100089,2025-01-14,CUST00457,Preeti Pillai,Visakhapatnam,Andhra Pradesh,Chanel,Chanel No. 5,Women,1,11100.0,5.7,10467.3,UPI,Returned
ORD100090,2025-01-14,CUST01167,Tanvi Kulkarni,Chennai,Tamil Nadu,Versace,Bright Crystal,Women,1,9180.0,20.4,7307.28,UPI,Delivered
ORD100091,2025-01-15,CUST00211,Sanjay Singh,Kolkata,West Bengal,Ajmal,Ajmal Wisal,Women,1,1790.0,29.0,1270.9,Credit Card,Delivered
ORD100092,2025-01-15,CUST00363,Ira Pillai,Lucknow,Uttar Pradesh,Zara,Zara Man Gold,Men,2,2130.0,22.5,3301.5,Debit Card,Delivered
ORD100093,2025-01-15,CUST01130,Ira Naidu,Chandigarh,Punjab,Fogg,Fogg Femme,Women,3,1390.0,1.7,4099.11,UPI,Delivered
ORD100094,2025-01-16,CUST00836,Priya Iyer,Pune,Maharashtra,Calvin Klein,Obsession,Men,1,6290.0,19.5,5063.45,Cash on Delivery,Returned
ORD100095,2025-01-16,CUST00430,Nisha Shah,Jaipur,Rajasthan,Ajmal,Ajmal Amber Wood,Men,1,1530.0,5.7,1442.79,UPI,Delivered
ORD100096,2025-01-16,CUST00543,Kiran Kumar,Nashik,Maharashtra,Fogg,Fogg Femme,Women,1,1590.0,22.0,1240.2,Credit Card,Delivered
ORD100097,2025-01-17,CUST00612,Vihaan Naidu,Delhi,Delhi,Armani,Acqua di Gio,Men,2,4930.0,9.5,8923.3,UPI,Delivered
ORD100098,2025-01-17,CUST00679,Varun Reddy,Mumbai,Maharashtra,Wild Stone,Wild Stone Code Platinum,Men,1,1580.0,22.0,1232.4,Debit Card,Returned
ORD100099,2025-01-17,CUST01040,Meera Choudhary,Mumbai,Maharashtra,Zara,Zara Unisex Oud,Unisex,2,990.0,27.0,1445.4,UPI,Delivered
ORD100100,2025-01-17,CUST00030,Amit Malhotra,Ahmedabad,Gujarat,Fogg,Fogg Femme,Women,3,1260.0,3.1,3662.82,Credit Card,Delivered
ORD100101,2025-01-17,CUST00156,Sai Krishnan,Delhi,Delhi,Wild Stone,Wild Stone Hunter,Men,1,1540.0,2.0,1509.2,Credit Card,Delivered
ORD100102,2025-01-17,CUST00050,Vikram Banerjee,Delhi,Delhi,Ajmal,Ajmal Amber Wood,Men,2,1480.0,3.1,2868.24,UPI,Delivered
ORD100103,2025-01-17,CUST00416,Yash Banerjee,Nagpur,Maharashtra,Wild Stone,Wild Stone Code Platinum,Men,3,1350.0,29.5,2855.25,UPI,Cancelled
ORD100104,2025-01-17,CUST00547,Amit Sharma,Delhi,Delhi,Armani,Code,Men,1,4340.0,1.2,4287.92,Debit Card,Delivered
ORD100105,2025-01-18,CUST00325,Yash Mukherjee,Pune,Maharashtra,Ajmal,Ajmal Wisal,Women,1,900.0,17.3,744.3,UPI,Delivered
ORD100106,2025-01-18,CUST01040,Meera Choudhary,Mumbai,Maharashtra,Zara,Zara Man Gold,Men,1,1140.0,10.9,1015.74,Net Banking,Delivered
ORD100107,2025-01-18,CUST00302,Rahul Menon,Delhi,Delhi,Chanel,Chanel No. 5,Women,2,6290.0,10.6,11246.52,Net Banking,Delivered
ORD100108,2025-01-18,CUST00492,Lakshmi Yadav,Bengaluru,Karnataka,Fogg,Fogg Scent Xpressio,Men,3,830.0,11.5,2203.65,Credit Card,Delivered
ORD100109,2025-01-18,CUST01166,Myra Desai,Ahmedabad,Gujarat,Gucci,Gucci Bloom,Women,4,6410.0,15.0,21794.0,Credit Card,Delivered
ORD100110,2025-01-19,CUST00590,Kabir Menon,Delhi,Delhi,Calvin Klein,Obsession,Men,1,4930.0,14.4,4220.08,Cash on Delivery,Delivered
ORD100111,2025-01-19,CUST00893,Krishna Mehta,Delhi,Delhi,Chanel,Bleu de Chanel,Men,1,7110.0,2.6,6925.14,Credit Card,Returned
ORD100112,2025-01-19,CUST00832,Sanjay Agarwal,Chennai,Tamil Nadu,Chanel,Chanel No. 5,Women,1,8500.0,12.1,7471.5,UPI,Returned
ORD100113,2025-01-19,CUST01030,Preeti Iyer,Delhi,Delhi,Ajmal,Ajmal Wisal,Women,1,1900.0,7.7,1753.7,UPI,Delivered
ORD100114,2025-01-19,CUST00535,Anil Desai,Kochi,Kerala,Ajmal,Ajmal Amber Wood,Men,2,810.0,2.1,1585.98,UPI,Delivered
ORD100115,2025-01-20,CUST00204,Arjun Naidu,Chennai,Tamil Nadu,Fogg,Fogg Femme,Women,1,1780.0,12.6,1555.72,UPI,Delivered
ORD100116,2025-01-20,CUST00695,Rajesh Reddy,Chandigarh,Punjab,Tom Ford,Black Orchid,Unisex,2,10230.0,16.1,17165.94,Cash on Delivery,Delivered
ORD100117,2025-01-20,CUST01109,Nikhil Pillai,Jaipur,Rajasthan,Wild Stone,Wild Stone Code Platinum,Men,4,1030.0,19.1,3333.08,Debit Card,Delivered
ORD100118,2025-01-20,CUST00934,Arjun Verma,Nashik,Maharashtra,Zara,Zara Woman Rose,Women,2,1990.0,12.9,3466.58,Debit Card,Delivered
ORD100119,2025-01-20,CUST00199,Sanya Mehta,Mumbai,Maharashtra,Fogg,Fogg Femme,Women,2,1370.0,25.3,2046.78,Credit Card,Delivered
ORD100120,2025-01-20,CUST01145,Meera Desai,Kolkata,West Bengal,Tom Ford,Tobacco Vanille,Unisex,3,10130.0,10.6,27168.66,Credit Card,Delivered
ORD100121,2025-01-21,CUST00726,Rajesh Kulkarni,Chennai,Tamil Nadu,Armani,Si Passione,Women,1,8450.0,6.0,7943.0,UPI,Cancelled
ORD100122,2025-01-21,CUST01215,Sanjay Malhotra,Kochi,Kerala,Calvin Klein,Euphoria,Women,2,4980.0,7.6,9203.04,Debit Card,Delivered
ORD100123,2025-01-21,CUST01180,Nikhil Verma,Bengaluru,Karnataka,Calvin Klein,Euphoria,Women,3,4310.0,5.9,12167.13,Cash on Delivery,Delivered
ORD100124,2025-01-21,CUST00756,Shreya Gupta,Mumbai,Maharashtra,Ajmal,Ajmal Amber Wood,Men,2,1870.0,3.6,3605.36,Cash on Delivery,Delivered
ORD100125,2025-01-21,CUST00787,Priya Naidu,Bengaluru,Karnataka,Versace,Dylan Blue,Men,1,3830.0,12.0,3370.4,UPI,Delivered
ORD100126,2025-01-21,CUST00219,Riya Rathi,Delhi,Delhi,Calvin Klein,Obsession,Men,3,5130.0,19.8,12342.78,UPI,Delivered
ORD100127,2025-01-21,CUST00138,Neha Choudhary,Bengaluru,Karnataka,Dior,Sauvage Elixir,Men,2,11520.0,13.3,19975.68,UPI,Delivered
ORD100128,2025-01-22,CUST00044,Anil Verma,Nagpur,Maharashtra,Fogg,Fogg Femme,Women,5,820.0,4.1,3931.9,UPI,Delivered
ORD100129,2025-01-22,CUST01157,Pooja Agarwal,Hyderabad,Telangana,Calvin Klein,Obsession,Men,1,4500.0,0.9,4459.5,Credit Card,Delivered
ORD100130,2025-01-23,CUST00049,Meera Krishnan,Visakhapatnam,Andhra Pradesh,Zara,Zara Unisex Oud,Unisex,1,1070.0,23.6,817.48,UPI,Delivered
ORD100131,2025-01-23,CUST00742,Preeti Choudhary,Bengaluru,Karnataka,Calvin Klein,Euphoria,Women,5,3380.0,12.0,14872.0,UPI,Delivered
ORD100132,2025-01-23,CUST00397,Kiran Mukherjee,Chennai,Tamil Nadu,Wild Stone,Wild Stone Code Platinum,Men,1,1280.0,16.5,1068.8,UPI,Delivered
ORD100133,2025-01-23,CUST01052,Dhruv Yadav,Bhopal,Madhya Pradesh,Fogg,Fogg Scent Xpressio,Men,1,1160.0,6.8,1081.12,Net Banking,Returned
ORD100134,2025-01-23,CUST00122,Kavya Mehta,Coimbatore,Tamil Nadu,Zara,Zara Man Gold,Men,1,2520.0,26.1,1862.28,UPI,Delivered
ORD100135,2025-01-23,CUST00934,Arjun Verma,Chennai,Tamil Nadu,Dior,Miss Dior,Women,2,7300.0,9.7,13183.8,UPI,Delivered
ORD100136,2025-01-25,CUST00668,Reyansh Joshi,Bengaluru,Karnataka,Versace,Eros,Men,2,5610.0,17.7,9234.06,Debit Card,Delivered
ORD100137,2025-01-25,CUST00200,Anil Menon,Kochi,Kerala,Burberry,Her,Women,1,4260.0,9.0,3876.6,Debit Card,Delivered
ORD100138,2025-01-25,CUST00055,Rahul Singh,Lucknow,Uttar Pradesh,Calvin Klein,Euphoria,Women,2,4500.0,4.3,8613.0,Debit Card,Delivered
ORD100139,2025-01-25,CUST01109,Nikhil Pillai,Indore,Madhya Pradesh,Wild Stone,Wild Stone Code Platinum,Men,1,1030.0,6.9,958.93,UPI,Delivered
ORD100140,2025-01-25,CUST00842,Anika Chatterjee,Bengaluru,Karnataka,Fogg,Fogg Femme,Women,2,1770.0,24.7,2665.62,UPI,Delivered
ORD100141,2025-01-25,CUST00917,Sunita Bansal,Indore,Madhya Pradesh,Calvin Klein,CK One,Unisex,2,6530.0,6.0,12276.4,UPI,Cancelled
ORD100142,2025-01-25,CUST00204,Arjun Naidu,Chennai,Tamil Nadu,Wild Stone,Wild Stone Hunter,Men,5,1270.0,23.8,4838.7,Debit Card,Delivered
ORD100143,2025-01-25,CUST01090,Sai Banerjee,Ahmedabad,Gujarat,Burberry,Hero,Men,2,4880.0,13.6,8432.64,UPI,Delivered
ORD100144,2025-01-25,CUST00447,Sunil Bansal,Jaipur,Rajasthan,Zara,Zara Unisex Oud,Unisex,3,2550.0,6.0,7191.0,Cash on Delivery,Delivered
ORD100145,2025-01-26,CUST01040,Meera Choudhary,Mumbai,Maharashtra,Zara,Zara Unisex Oud,Unisex,3,2720.0,0.5,8119.2,Net Banking,Delivered
ORD100146,2025-01-26,CUST01112,Rajesh Shah,Bengaluru,Karnataka,Wild Stone,Wild Stone Hunter,Men,1,870.0,6.3,815.19,Debit Card,Delivered
ORD100147,2025-01-26,CUST01087,Kabir Gupta,Delhi,Delhi,Chanel,Coco Mademoiselle,Women,1,11400.0,21.5,8949.0,Debit Card,Returned
ORD100148,2025-01-26,CUST00437,Tanvi Shah,Patna,Bihar,Ajmal,Ajmal Amber Wood,Men,2,2130.0,18.1,3488.94,Debit Card,Delivered
ORD100149,2025-01-27,CUST00542,Tanvi Menon,Indore,Madhya Pradesh,Burberry,Hero,Men,3,7730.0,5.0,22030.5,Debit Card,Delivered
ORD100150,2025-01-27,CUST00790,Anjali Joshi,Nashik,Maharashtra,Ajmal,Ajmal Evoke,Unisex,1,1250.0,1.8,1227.5,UPI,Delivered
ORD100151,2025-01-28,CUST01077,Meera Kumar,Kolkata,West Bengal,Dior,Miss Dior,Women,3,8650.0,7.5,24003.75,Credit Card,Returned
ORD100152,2025-01-28,CUST00450,Lakshmi Naidu,Mumbai,Maharashtra,Zara,Zara Man Gold,Men,1,2470.0,2.4,2410.72,UPI,Delivered
ORD100153,2025-01-28,CUST00795,Nikhil Kulkarni,Kochi,Kerala,Calvin Klein,Obsession,Men,2,3870.0,3.8,7445.88,UPI,Delivered
ORD100154,2025-01-28,CUST01215,Sanjay Malhotra,Kochi,Kerala,Dior,Miss Dior,Women,4,7980.0,12.7,27866.16,Credit Card,Delivered
ORD100155,2025-01-28,CUST00094,Amit Naidu,Bengaluru,Karnataka,Chanel,Coco Mademoiselle,Women,2,5020.0,7.5,9287.0,Cash on Delivery,Delivered
ORD100156,2025-01-28,CUST00196,Lakshmi Rathi,Visakhapatnam,Andhra Pradesh,Ajmal,Ajmal Evoke,Unisex,1,3090.0,15.8,2601.78,Debit Card,Returned
ORD100157,2025-01-28,CUST00985,Amit Kulkarni,Jaipur,Rajasthan,Ajmal,Ajmal Amber Wood,Men,2,1930.0,28.4,2763.76,UPI,Delivered
ORD100158,2025-01-28,CUST00401,Kabir Choudhary,Nashik,Maharashtra,Versace,Dylan Blue,Men,2,8860.0,13.9,15256.92,Credit Card,Delivered
ORD100159,2025-01-28,CUST00911,Krishna Agarwal,Coimbatore,Tamil Nadu,Armani,Si Passione,Women,2,6210.0,12.2,10904.76,UPI,Delivered
ORD100160,2025-01-29,CUST00120,Saanvi Menon,Bengaluru,Karnataka,Fogg,Fogg Femme,Women,4,1040.0,19.5,3348.8,UPI,Delivered
ORD100161,2025-01-29,CUST00911,Krishna Agarwal,Coimbatore,Tamil Nadu,Fogg,Fogg Scent Xpressio,Men,1,1080.0,0.0,1080.0,Debit Card,Delivered
ORD100162,2025-01-29,CUST00370,Anil Choudhary,Mumbai,Maharashtra,Dior,Sauvage Elixir,Men,2,10090.0,18.7,16406.34,Cash on Delivery,Delivered
ORD100163,2025-01-29,CUST00646,Aditya Desai,Chennai,Tamil Nadu,Chanel,Chanel No. 5,Women,2,8960.0,8.4,16414.72,Credit Card,Delivered
ORD100164,2025-01-30,CUST00354,Amit Yadav,Mumbai,Maharashtra,Chanel,Coco Mademoiselle,Women,1,9400.0,2.1,9202.6,UPI,Cancelled
ORD100165,2025-01-30,CUST00565,Aditya Menon,Chennai,Tamil Nadu,Zara,Zara Woman Rose,Women,3,2220.0,29.9,4668.66,Credit Card,Delivered
ORD100166,2025-01-31,CUST00440,Tanvi Krishnan,Jaipur,Rajasthan,Armani,Acqua di Gio,Men,1,6320.0,14.8,5384.64,Debit Card,Delivered
ORD100167,2025-01-31,CUST00181,Ashok Banerjee,Lucknow,Uttar Pradesh,Ajmal,Ajmal Wisal,Women,1,2830.0,17.4,2337.58,Debit Card,Delivered
ORD100168,2025-01-31,CUST00939,Sunil Agarwal,Nashik,Maharashtra,Fogg,Fogg Femme,Women,2,860.0,21.9,1343.32,Credit Card,Delivered
ORD100169,2025-02-01,CUST00045,Kabir Agarwal,Delhi,Delhi,Burberry,Hero,Men,1,8370.0,16.4,6997.32,Net Banking,Delivered
ORD100170,2025-02-01,CUST00163,Myra Krishnan,Mumbai,Maharashtra,Wild Stone,Wild Stone Hunter,Men,1,1020.0,18.9,827.22,Credit Card,Delivered
ORD100171,2025-02-01,CUST00109,Vihaan Banerjee,Hyderabad,Telangana,Chanel,Bleu de Chanel,Men,1,7030.0,18.1,5757.57,Credit Card,Delivered
ORD100172,2025-02-01,CUST00798,Swati Yadav,Kolkata,West Bengal,Fogg,Fogg Femme,Women,1,1570.0,18.0,1287.4,Debit Card,Delivered
ORD100173,2025-02-01,CUST00428,Rahul Naidu,Bengaluru,Karnataka,Ajmal,Ajmal Wisal,Women,4,2610.0,29.6,7349.76,Credit Card,Delivered
ORD100174,2025-02-01,CUST00484,Sai Krishnan,Chennai,Tamil Nadu,Ajmal,Ajmal Amber Wood,Men,2,2780.0,11.8,4903.92,Debit Card,Delivered
ORD100175,2025-02-01,CUST00477,Myra Naidu,Chennai,Tamil Nadu,Wild Stone,Wild Stone Code Platinum,Men,1,1350.0,15.6,1139.4,UPI,Delivered
ORD100176,2025-02-01,CUST00883,Swati Malhotra,Mumbai,Maharashtra,Armani,Si Passione,Women,2,6690.0,15.6,11292.72,Debit Card,Delivered
ORD100177,2025-02-01,CUST00535,Anil Desai,Kochi,Kerala,Wild Stone,Wild Stone Code Platinum,Men,1,1210.0,7.8,1115.62,Credit Card,Cancelled
ORD100178,2025-02-01,CUST00491,Ananya Menon,Patna,Bihar,Chanel,Bleu de Chanel,Men,1,7380.0,18.6,6007.32,UPI,Delivered
ORD100179,2025-02-02,CUST01245,Ishaan Choudhary,Mumbai,Maharashtra,Zara,Zara Man Gold,Men,1,1190.0,15.3,1007.93,UPI,Returned
ORD100180,2025-02-02,CUST00535,Anil Desai,Kochi,Kerala,Calvin Klein,Euphoria,Women,2,6540.0,15.4,11065.68,Debit Card,Delivered
ORD100181,2025-02-02,CUST01029,Vikram Desai,Indore,Madhya Pradesh,Wild Stone,Wild Stone Hunter,Men,2,1220.0,30.0,1708.0,UPI,Delivered
ORD100182,2025-02-02,CUST00753,Lakshmi Choudhary,Mumbai,Maharashtra,Zara,Zara Unisex Oud,Unisex,1,2340.0,12.8,2040.48,UPI,Delivered
ORD100183,2025-02-02,CUST00211,Sanjay Singh,Kolkata,West Bengal,Ajmal,Ajmal Evoke,Unisex,1,980.0,8.7,894.74,Credit Card,Delivered
ORD100184,2025-02-02,CUST01098,Divya Chatterjee,Kolkata,West Bengal,Zara,Zara Unisex Oud,Unisex,1,1490.0,28.3,1068.33,Credit Card,Delivered
ORD100185,2025-02-02,CUST00720,Riya Mishra,Surat,Gujarat,Wild Stone,Wild Stone Code Platinum,Men,1,1510.0,14.5,1291.05,UPI,Delivered
ORD100186,2025-02-02,CUST00547,Amit Sharma,Delhi,Delhi,Ajmal,Ajmal Wisal,Women,1,1620.0,30.0,1134.0,Debit Card,Delivered
ORD100187,2025-02-02,CUST01049,Amit Rathi,Pune,Maharashtra,Chanel,Chanel No. 5,Women,2,10700.0,17.2,17719.2,Net Banking,Delivered
ORD100188,2025-02-02,CUST00403,Ananya Krishnan,Delhi,Delhi,Wild Stone,Wild Stone Hunter,Men,1,910.0,29.7,639.73,Cash on Delivery,Delivered
ORD100189,2025-02-03,CUST00900,Reyansh Kulkarni,Jaipur,Rajasthan,Dior,Miss Dior,Women,1,5480.0,13.9,4718.28,Credit Card,Returned
ORD100190,2025-02-03,CUST00842,Anika Chatterjee,Bengaluru,Karnataka,Zara,Zara Man Gold,Men,3,2390.0,30.0,5019.0,UPI,Cancelled
ORD100191,2025-02-03,CUST00109,Vihaan Banerjee,Hyderabad,Telangana,Fogg,Fogg Scent Xpressio,Men,1,1560.0,6.3,1461.72,Credit Card,Delivered
ORD100192,2025-02-03,CUST00492,Lakshmi Yadav,Bengaluru,Karnataka,Dior,Miss Dior,Women,2,10450.0,25.0,15675.0,UPI,Delivered
ORD100193,2025-02-03,CUST00557,Vihaan Rao,Delhi,Delhi,Dior,Miss Dior,Women,3,5390.0,21.7,12661.11,Credit Card,Delivered
ORD100194,2025-02-03,CUST00990,Ananya Shah,Visakhapatnam,Andhra Pradesh,Zara,Zara Unisex Oud,Unisex,3,2170.0,25.4,4856.46,Net Banking,Delivered
ORD100195,2025-02-03,CUST00535,Anil Desai,Kochi,Kerala,Wild Stone,Wild Stone Hunter,Men,2,1540.0,21.4,2420.88,UPI,Delivered
ORD100196,2025-02-03,CUST00726,Rajesh Kulkarni,Delhi,Delhi,Versace,Bright Crystal,Women,1,5610.0,15.8,4723.62,Debit Card,Delivered
ORD100197,2025-02-03,CUST00325,Yash Mukherjee,Pune,Maharashtra,Ajmal,Ajmal Amber Wood,Men,1,3060.0,21.0,2417.4,UPI,Delivered
ORD100198,2025-02-03,CUST00284,Amit Rathi,Kolkata,West Bengal,Calvin Klein,Euphoria,Women,1,3220.0,13.8,2775.64,Credit Card,Delivered
ORD100199,2025-02-03,CUST00492,Lakshmi Yadav,Bengaluru,Karnataka,Fogg,Fogg Femme,Women,1,1040.0,20.6,825.76,UPI,Delivered
ORD100200,2025-02-04,CUST00729,Vikram Das,Chennai,Tamil Nadu,Zara,Zara Unisex Oud,Unisex,3,2000.0,18.8,4872.0,Cash on Delivery,Delivered
ORD100201,2025-02-04,CUST00128,Diya Shah,Delhi,Delhi,Dior,Miss Dior,Women,1,5940.0,15.6,5013.36,Debit Card,Delivered
ORD100202,2025-02-04,CUST01179,Vivaan Das,Pune,Maharashtra,Fogg,Fogg Femme,Women,1,1770.0,4.9,1683.27,UPI,Delivered
ORD100203,2025-02-04,CUST00160,Anika Das,Jaipur,Rajasthan,Zara,Zara Woman Rose,Women,1,1860.0,16.9,1545.66,Cash on Delivery,Delivered
ORD100204,2025-02-04,CUST01186,Diya Kumar,Indore,Madhya Pradesh,Gucci,Gucci Flora,Women,1,8130.0,16.8,6764.16,UPI,Delivered
ORD100205,2025-02-04,CUST00840,Sanjay Reddy,Delhi,Delhi,Ajmal,Ajmal Amber Wood,Men,1,1650.0,19.0,1336.5,UPI,Delivered
ORD100206,2025-02-04,CUST00453,Anika Iyer,Bengaluru,Karnataka,Versace,Eros,Men,1,4870.0,23.7,3715.81,Credit Card,Delivered
ORD100207,2025-02-04,CUST00431,Rohan Gupta,Delhi,Delhi,Calvin Klein,Euphoria,Women,1,3000.0,4.9,2853.0,UPI,Delivered
ORD100208,2025-02-04,CUST00847,Manoj Choudhary,Pune,Maharashtra,Zara,Zara Unisex Oud,Unisex,2,2240.0,30.0,3136.0,UPI,Delivered
ORD100209,2025-02-04,CUST00467,Aditi Kulkarni,Indore,Madhya Pradesh,Fogg,Fogg Scent Xpressio,Men,5,1130.0,9.9,5090.65,Cash on Delivery,Delivered
ORD100210,2025-02-04,CUST00325,Yash Mukherjee,Pune,Maharashtra,Calvin Klein,Euphoria,Women,1,5200.0,25.4,3879.2,UPI,Delivered
ORD100211,2025-02-04,CUST00451,Diya Banerjee,Kolkata,West Bengal,Ajmal,Ajmal Evoke,Unisex,1,2130.0,21.1,1680.57,Net Banking,Delivered
ORD100212,2025-02-05,CUST01090,Sai Banerjee,Ahmedabad,Gujarat,Chanel,Bleu de Chanel,Men,2,6320.0,5.5,11944.8,UPI,Delivered
ORD100213,2025-02-05,CUST00530,Pari Reddy,Lucknow,Uttar Pradesh,Zara,Zara Woman Rose,Women,5,1800.0,10.2,8082.0,Debit Card,Delivered
ORD100214,2025-02-05,CUST00181,Ashok Banerjee,Lucknow,Uttar Pradesh,Gucci,Gucci Flora,Women,4,10990.0,24.3,33277.72,Cash on Delivery,Cancelled
ORD100215,2025-02-05,CUST00300,Ramesh Kumar,Hyderabad,Telangana,Armani,Code,Men,2,5910.0,16.6,9857.88,UPI,Delivered
ORD100216,2025-02-05,CUST00750,Sanjay Agarwal,Delhi,Delhi,Zara,Zara Unisex Oud,Unisex,1,1170.0,18.6,952.38,Credit Card,Delivered
ORD100217,2025-02-05,CUST00306,Amit Banerjee,Ahmedabad,Gujarat,Ajmal,Ajmal Evoke,Unisex,1,1040.0,18.2,850.72,Net Banking,Delivered
ORD100218,2025-02-05,CUST00392,Riya Kumar,Mumbai,Maharashtra,Ajmal,Ajmal Amber Wood,Men,2,3140.0,27.9,4527.88,Debit Card,Delivered
ORD100219,2025-02-05,CUST00611,Priya Singh,Delhi,Delhi,Gucci,Gucci Guilty,Unisex,1,10930.0,11.9,9629.33,Credit Card,Delivered
ORD100220,2025-02-05,CUST00414,Sanya Gupta,Bengaluru,Karnataka,Dior,Sauvage Elixir,Men,2,9940.0,10.0,17892.0,Debit Card,Delivered
ORD100221,2025-02-05,CUST00737,Sai Reddy,Mumbai,Maharashtra,Wild Stone,Wild Stone Hunter,Men,1,1270.0,17.7,1045.21,UPI,Delivered
ORD100222,2025-02-06,CUST00689,Isha Singh,Chandigarh,Punjab,Calvin Klein,Obsession,Men,2,5400.0,24.1,8197.2,UPI,Delivered
ORD100223,2025-02-06,CUST01084,Sai Yadav,Pune,Maharashtra,Zara,Zara Unisex Oud,Unisex,4,2050.0,22.3,6371.4,Net Banking,Delivered
ORD100224,2025-02-06,CUST00932,Vivaan Kulkarni,Bengaluru,Karnataka,Wild Stone,Wild Stone Code Platinum,Men,2,1020.0,12.0,1795.2,UPI,Delivered
ORD100225,2025-02-06,CUST00363,Ira Pillai,Lucknow,Uttar Pradesh,Armani,Acqua di Gio,Men,2,4880.0,17.9,8012.96,Credit Card,Delivered
ORD100226,2025-02-06,CUST00103,Myra Patel,Coimbatore,Tamil Nadu,Chanel,Chanel No. 5,Women,1,5940.0,14.0,5108.4,UPI,Delivered
ORD100227,2025-02-06,CUST00523,Pari Naidu,Kochi,Kerala,Fogg,Fogg Scent Xpressio,Men,1,870.0,25.6,647.28,Debit Card,Delivered
ORD100228,2025-02-06,CUST01166,Myra Desai,Chennai,Tamil Nadu,Dior,J'adore,Women,1,9590.0,22.4,7441.84,Credit Card,Delivered
ORD100229,2025-02-06,CUST00833,Priya Patel,Nashik,Maharashtra,Ajmal,Ajmal Amber Wood,Men,4,1030.0,30.0,2884.0,Debit Card,Delivered
ORD100230,2025-02-06,CUST01102,Lakshmi Menon,Hyderabad,Telangana,Dior,Miss Dior,Women,1,10260.0,26.5,7541.1,UPI,Delivered
ORD100231,2025-02-06,CUST00187,Ira Chatterjee,Hyderabad,Telangana,Fogg,Fogg Femme,Women,2,1460.0,25.1,2187.08,UPI,Delivered
ORD100232,2025-02-06,CUST00944,Anjali Kumar,Delhi,Delhi,Armani,Si Passione,Women,1,5390.0,11.8,4753.98,Cash on Delivery,Delivered
ORD100233,2025-02-07,CUST01167,Tanvi Kulkarni,Chennai,Tamil Nadu,Armani,Acqua di Gio,Men,3,8740.0,19.0,21238.2,Debit Card,Cancelled
ORD100234,2025-02-07,CUST00522,Meera Banerjee,Kochi,Kerala,Gucci,Gucci Guilty,Unisex,2,10400.0,20.3,16577.6,Credit Card,Delivered
ORD100235,2025-02-07,CUST00627,Suresh Chatterjee,Jaipur,Rajasthan,Armani,Acqua di Gio,Men,1,5570.0,19.0,4511.7,Debit Card,Delivered
ORD100236,2025-02-07,CUST00532,Vihaan Yadav,Visakhapatnam,Andhra Pradesh,Burberry,Her,Women,1,6690.0,24.4,5057.64,Cash on Delivery,Delivered
ORD100237,2025-02-07,CUST00932,Vivaan Kulkarni,Bengaluru,Karnataka,Wild Stone,Wild Stone Code Platinum,Men,3,1360.0,10.4,3655.68,Cash on Delivery,Delivered
ORD100238,2025-02-07,CUST00457,Preeti Pillai,Visakhapatnam,Andhra Pradesh,Chanel,Bleu de Chanel,Men,2,10010.0,7.3,18558.54,UPI,Delivered
ORD100239,2025-02-08,CUST01009,Suresh Bansal,Hyderabad,Telangana,Fogg,Fogg Femme,Women,1,1480.0,30.0,1036.0,Net Banking,Delivered
ORD100240,2025-02-08,CUST00199,Sanya Mehta,Mumbai,Maharashtra,Ajmal,Ajmal Amber Wood,Men,4,2170.0,25.4,6475.28,UPI,Delivered
ORD100241,2025-02-08,CUST00806,Vikram Choudhary,Hyderabad,Telangana,Zara,Zara Woman Rose,Women,1,1860.0,13.7,1605.18,Net Banking,Delivered
ORD100242,2025-02-08,CUST00187,Ira Chatterjee,Hyderabad,Telangana,Wild Stone,Wild Stone Hunter,Men,1,1580.0,25.6,1175.52,Debit Card,Delivered
ORD100243,2025-02-08,CUST01179,Vivaan Das,Lucknow,Uttar Pradesh,Armani,Si Passione,Women,3,8880.0,6.8,24828.48,Debit Card,Delivered
ORD100244,2025-02-08,CUST00847,Manoj Choudhary,Pune,Maharashtra,Tom Ford,Tobacco Vanille,Unisex,3,6270.0,10.7,16797.33,UPI,Delivered
ORD100245,2025-02-08,CUST00589,Ashok Pillai,Ahmedabad,Gujarat,Fogg,Fogg Femme,Women,1,1540.0,7.2,1429.12,Net Banking,Delivered
ORD100246,2025-02-08,CUST00264,Vivaan Malhotra,Hyderabad,Telangana,Ajmal,Ajmal Evoke,Unisex,2,1620.0,20.7,2569.32,Credit Card,Delivered
ORD100247,2025-02-08,CUST01051,Kiran Mehta,Mumbai,Maharashtra,Ajmal,Ajmal Evoke,Unisex,1,1660.0,29.3,1173.62,Debit Card,Delivered
ORD100248,2025-02-08,CUST00484,Sai Krishnan,Chennai,Tamil Nadu,Fogg,Fogg Femme,Women,2,1050.0,9.3,1904.7,UPI,Returned
ORD100249,2025-02-08,CUST00062,Vivaan Reddy,Coimbatore,Tamil Nadu,Wild Stone,Wild Stone Hunter,Men,2,1530.0,21.3,2408.22,UPI,Delivered
ORD100250,2025-02-08,CUST01179,Vivaan Das,Lucknow,Uttar Pradesh,Armani,Acqua di Gio,Men,3,5360.0,10.7,14359.44,UPI,Delivered
ORD100251,2025-02-08,CUST00679,Varun Reddy,Mumbai,Maharashtra,Wild Stone,Wild Stone Hunter,Men,1,1170.0,17.9,960.57,UPI,Delivered
ORD100252,2025-02-08,CUST00550,Anjali Rao,Pune,Maharashtra,Fogg,Fogg Femme,Women,2,1700.0,18.8,2760.8,UPI,Cancelled
ORD100253,2025-02-09,CUST00368,Isha Naidu,Chennai,Tamil Nadu,Chanel,Chanel No. 5,Women,2,9120.0,21.0,14409.6,UPI,Delivered
ORD100254,2025-02-09,CUST00970,Preeti Iyer,Ahmedabad,Gujarat,Versace,Bright Crystal,Women,3,5840.0,19.7,14068.56,UPI,Delivered
ORD100255,2025-02-09,CUST00383,Sai Naidu,Pune,Maharashtra,Ajmal,Ajmal Evoke,Unisex,2,1040.0,15.7,1753.44,Credit Card,Cancelled
ORD100256,2025-02-09,CUST00548,Sanjay Mukherjee,Hyderabad,Telangana,Wild Stone,Wild Stone Code Platinum,Men,1,1200.0,8.2,1101.6,UPI,Delivered
ORD100257,2025-02-09,CUST00315,Tanvi Shah,Kolkata,West Bengal,Dior,Sauvage Elixir,Men,4,9110.0,22.8,28131.68,Debit Card,Delivered
ORD100258,2025-02-09,CUST00160,Anika Das,Jaipur,Rajasthan,Chanel,Bleu de Chanel,Men,2,8480.0,27.5,12296.0,Credit Card,Delivered
ORD100259,2025-02-09,CUST00646,Aditya Desai,Chennai,Tamil Nadu,Armani,Code,Men,1,8120.0,18.9,6585.32,Debit Card,Delivered
ORD100260,2025-02-09,CUST00055,Rahul Singh,Lucknow,Uttar Pradesh,Wild Stone,Wild Stone Hunter,Men,1,840.0,9.6,759.36,UPI,Delivered
ORD100261,2025-02-09,CUST00514,Nisha Gupta,Hyderabad,Telangana,Fogg,Fogg Scent Xpressio,Men,1,1030.0,19.8,826.06,Debit Card,Delivered
ORD100262,2025-02-09,CUST01084,Sai Yadav,Pune,Maharashtra,Fogg,Fogg Femme,Women,1,1640.0,25.9,1215.24,Credit Card,Cancelled
ORD100263,2025-02-09,CUST00601,Lakshmi Patel,Ahmedabad,Gujarat,Wild Stone,Wild Stone Hunter,Men,3,850.0,14.3,2185.35,Credit Card,Cancelled
ORD100264,2025-02-09,CUST01078,Ayaan Sharma,Mumbai,Maharashtra,Chanel,Coco Mademoiselle,Women,2,6470.0,14.4,11076.64,UPI,Delivered
ORD100265,2025-02-09,CUST00346,Kavya Chatterjee,Hyderabad,Telangana,Fogg,Fogg Femme,Women,1,1100.0,30.0,770.0,UPI,Delivered
ORD100266,2025-02-09,CUST00356,Suresh Naidu,Coimbatore,Tamil Nadu,Tom Ford,Black Orchid,Unisex,1,9240.0,7.3,8565.48,Credit Card,Delivered
ORD100267,2025-02-09,CUST00537,Divya Shah,Hyderabad,Telangana,Calvin Klein,CK One,Unisex,3,5310.0,24.6,12011.22,Credit Card,Delivered
ORD100268,2025-02-09,CUST00145,Krishna Gupta,Visakhapatnam,Andhra Pradesh,Wild Stone,Wild Stone Hunter,Men,1,940.0,11.0,836.6,UPI,Delivered
ORD100269,2025-02-09,CUST00211,Sanjay Singh,Kolkata,West Bengal,Fogg,Fogg Scent Xpressio,Men,1,1660.0,24.5,1253.3,UPI,Delivered
ORD100270,2025-02-09,CUST01131,Aditi Chatterjee,Kolkata,West Bengal,Versace,Bright Crystal,Women,3,9270.0,18.5,22665.15,UPI,Cancelled
ORD100271,2025-02-09,CUST00363,Ira Pillai,Lucknow,Uttar Pradesh,Fogg,Fogg Femme,Women,1,1740.0,30.0,1218.0,UPI,Delivered
ORD100272,2025-02-10,CUST00954,Aditya Das,Jaipur,Rajasthan,Wild Stone,Wild Stone Code Platinum,Men,4,1420.0,29.2,4021.44,Cash on Delivery,Delivered
ORD100273,2025-02-10,CUST00405,Preeti Naidu,Mumbai,Maharashtra,Burberry,Hero,Men,1,7060.0,13.8,6085.72,Credit Card,Delivered
ORD100274,2025-02-10,CUST00874,Swati Iyer,Chennai,Tamil Nadu,Versace,Eros,Men,1,4390.0,14.0,3775.4,Net Banking,Delivered
ORD100275,2025-02-10,CUST00806,Vikram Choudhary,Hyderabad,Telangana,Gucci,Gucci Flora,Women,2,6100.0,6.5,11407.0,UPI,Delivered
ORD100276,2025-02-10,CUST00057,Rajesh Shah,Nagpur,Maharashtra,Burberry,Hero,Men,4,8120.0,23.4,24879.68,UPI,Delivered
ORD100277,2025-02-10,CUST00236,Kiran Rathi,Visakhapatnam,Andhra Pradesh,Calvin Klein,Euphoria,Women,4,4360.0,10.0,15696.0,Debit Card,Delivered
ORD100278,2025-02-10,CUST01231,Pari Nair,Patna,Bihar,Calvin Klein,CK One,Unisex,3,3650.0,13.1,9515.55,Debit Card,Delivered
ORD100279,2025-02-10,CUST00199,Sanya Mehta,Mumbai,Maharashtra,Wild Stone,Wild Stone Code Platinum,Men,4,890.0,29.8,2499.12,Debit Card,Delivered
ORD100280,2025-02-11,CUST00094,Amit Naidu,Bengaluru,Karnataka,Armani,Code,Men,1,8050.0,18.8,6536.6,UPI,Delivered
ORD100281,2025-02-11,CUST00750,Sanjay Agarwal,Delhi,Delhi,Fogg,Fogg Scent Xpressio,Men,1,1240.0,9.9,1117.24,UPI,Delivered
ORD100282,2025-02-11,CUST00417,Ayaan Mukherjee,Ahmedabad,Gujarat,Ajmal,Ajmal Amber Wood,Men,2,1180.0,23.7,1800.68,UPI,Delivered
ORD100283,2025-02-11,CUST00288,Sneha Nair,Hyderabad,Telangana,Zara,Zara Man Gold,Men,3,2430.0,11.4,6458.94,UPI,Returned
ORD100284,2025-02-11,CUST00458,Sunita Shah,Lucknow,Uttar Pradesh,Ajmal,Ajmal Amber Wood,Men,1,2850.0,28.5,2037.75,UPI,Delivered
ORD100285,2025-02-11,CUST00766,Krishna Singh,Delhi,Delhi,Tom Ford,Tobacco Vanille,Unisex,1,6120.0,9.0,5569.2,UPI,Delivered
ORD100286,2025-02-11,CUST00112,Vihaan Singh,Mumbai,Maharashtra,Wild Stone,Wild Stone Code Platinum,Men,1,1280.0,21.7,1002.24,UPI,Delivered
ORD100287,2025-02-11,CUST01157,Pooja Agarwal,Chennai,Tamil Nadu,Versace,Eros,Men,5,5680.0,10.4,25446.4,Debit Card,Delivered
ORD100288,2025-02-11,CUST01108,Deepak Nair,Chennai,Tamil Nadu,Zara,Zara Unisex Oud,Unisex,2,2690.0,12.2,4723.64,UPI,Returned
ORD100289,2025-02-12,CUST00440,Tanvi Krishnan,Jaipur,Rajasthan,Calvin Klein,CK One,Unisex,3,3000.0,13.9,7749.0,Cash on Delivery,Delivered
ORD100290,2025-02-12,CUST00750,Sanjay Agarwal,Pune,Maharashtra,Wild Stone,Wild Stone Code Platinum,Men,1,1460.0,15.4,1235.16,Credit Card,Delivered
ORD100291,2025-02-12,CUST00925,Kiran Singh,Bengaluru,Karnataka,Wild Stone,Wild Stone Code Platinum,Men,1,1510.0,13.7,1303.13,Cash on Delivery,Delivered
ORD100292,2025-02-12,CUST00611,Priya Singh,Delhi,Delhi,Armani,Code,Men,4,7940.0,16.5,26519.6,Debit Card,Delivered
ORD100293,2025-02-12,CUST00458,Sunita Shah,Lucknow,Uttar Pradesh,Zara,Zara Man Gold,Men,3,1640.0,17.4,4063.92,Net Banking,Returned
ORD100294,2025-02-12,CUST00790,Anjali Joshi,Nashik,Maharashtra,Ajmal,Ajmal Evoke,Unisex,3,1810.0,28.3,3893.31,UPI,Delivered
ORD100295,2025-02-12,CUST00528,Vikram Malhotra,Kolkata,West Bengal,Ajmal,Ajmal Amber Wood,Men,2,3130.0,27.1,4563.54,UPI,Delivered
ORD100296,2025-02-12,CUST00262,Deepak Reddy,Chandigarh,Punjab,Ajmal,Ajmal Evoke,Unisex,2,2210.0,11.0,3933.8,UPI,Delivered
ORD100297,2025-02-12,CUST00598,Saanvi Krishnan,Nashik,Maharashtra,Versace,Dylan Blue,Men,5,9190.0,19.6,36943.8,Cash on Delivery,Delivered
ORD100298,2025-02-12,CUST00586,Rohan Gupta,Kolkata,West Bengal,Wild Stone,Wild Stone Code Platinum,Men,2,1350.0,29.0,1917.0,UPI,Delivered
ORD100299,2025-02-12,CUST00160,Anika Das,Jaipur,Rajasthan,Versace,Dylan Blue,Men,1,9120.0,5.1,8654.88,Cash on Delivery,Delivered
ORD100300,2025-02-12,CUST00836,Priya Iyer,Pune,Maharashtra,Fogg,Fogg Femme,Women,2,1620.0,6.7,3022.92,Debit Card,Delivered
ORD100301,2025-02-12,CUST00913,Yash Rao,Ahmedabad,Gujarat,Fogg,Fogg Scent Xpressio,Men,5,1640.0,23.2,6297.6,UPI,Delivered
ORD100302,2025-02-12,CUST00094,Amit Naidu,Jaipur,Rajasthan,Wild Stone,Wild Stone Code Platinum,Men,1,1430.0,13.2,1241.24,Net Banking,Delivered
ORD100303,2025-02-12,CUST00522,Meera Banerjee,Kochi,Kerala,Zara,Zara Man Gold,Men,3,1490.0,18.0,3665.4,Cash on Delivery,Delivered
ORD100304,2025-02-13,CUST00964,Ashok Yadav,Hyderabad,Telangana,Fogg,Fogg Femme,Women,1,1610.0,15.6,1358.84,UPI,Delivered
ORD100305,2025-02-13,CUST00670,Deepak Agarwal,Hyderabad,Telangana,Ajmal,Ajmal Wisal,Women,1,2860.0,10.7,2553.98,UPI,Delivered
ORD100306,2025-02-13,CUST00701,Sunita Rao,Chennai,Tamil Nadu,Fogg,Fogg Femme,Women,2,1780.0,16.6,2969.04,Cash on Delivery,Delivered
ORD100307,2025-02-13,CUST01160,Kavya Mishra,Delhi,Delhi,Zara,Zara Woman Rose,Women,1,2460.0,5.0,2337.0,Debit Card,Delivered
ORD100308,2025-02-13,CUST00424,Rohan Iyer,Mumbai,Maharashtra,Zara,Zara Woman Rose,Women,2,2590.0,25.5,3859.1,UPI,Delivered
ORD100309,2025-02-13,CUST00785,Varun Naidu,Mumbai,Maharashtra,Wild Stone,Wild Stone Hunter,Men,2,1500.0,30.0,2100.0,Debit Card,Delivered
ORD100310,2025-02-13,CUST00264,Vivaan Malhotra,Hyderabad,Telangana,Ajmal,Ajmal Amber Wood,Men,2,880.0,25.3,1314.72,Credit Card,Delivered
ORD100311,2025-02-13,CUST00451,Diya Banerjee,Delhi,Delhi,Zara,Zara Woman Rose,Women,1,2690.0,29.0,1909.9,UPI,Delivered
ORD100312,2025-02-13,CUST00549,Ananya Joshi,Mumbai,Maharashtra,Ajmal,Ajmal Amber Wood,Men,1,2820.0,14.6,2408.28,Credit Card,Delivered
ORD100313,2025-02-13,CUST01167,Tanvi Kulkarni,Chennai,Tamil Nadu,Wild Stone,Wild Stone Code Platinum,Men,2,1460.0,16.7,2432.36,Debit Card,Delivered
ORD100314,2025-02-13,CUST00584,Ira Krishnan,Hyderabad,Telangana,Armani,Code,Men,4,6280.0,4.4,24014.72,Credit Card,Delivered
ORD100315,2025-02-14,CUST00603,Kavya Naidu,Mumbai,Maharashtra,Chanel,Chanel No. 5,Women,5,10690.0,17.8,43935.9,Credit Card,Delivered
ORD100316,2025-02-14,CUST00603,Kavya Naidu,Mumbai,Maharashtra,Calvin Klein,Obsession,Men,1,2620.0,4.6,2499.48,Net Banking,Delivered
ORD100317,2025-02-14,CUST00271,Tanvi Das,Mumbai,Maharashtra,Zara,Zara Woman Rose,Women,3,2100.0,8.6,5758.2,Credit Card,Delivered
ORD100318,2025-02-14,CUST00055,Rahul Singh,Lucknow,Uttar Pradesh,Dior,Miss Dior,Women,3,7500.0,8.4,20610.0,UPI,Delivered
ORD100319,2025-02-14,CUST01070,Deepak Gupta,Mumbai,Maharashtra,Burberry,Her,Women,1,4230.0,3.8,4069.26,Credit Card,Delivered
ORD100320,2025-02-14,CUST00726,Rajesh Kulkarni,Chennai,Tamil Nadu,Armani,Si Passione,Women,1,8830.0,9.3,8008.81,UPI,Delivered
ORD100321,2025-02-14,CUST00952,Kabir Patel,Bengaluru,Karnataka,Wild Stone,Wild Stone Hunter,Men,5,1480.0,30.0,5180.0,Credit Card,Delivered
ORD100322,2025-02-14,CUST00405,Preeti Naidu,Mumbai,Maharashtra,Ajmal,Ajmal Wisal,Women,2,1570.0,19.4,2530.84,Debit Card,Delivered
ORD100323,2025-02-14,CUST00431,Rohan Gupta,Kolkata,West Bengal,Wild Stone,Wild Stone Code Platinum,Men,1,1010.0,20.7,800.93,Cash on Delivery,Delivered
ORD100324,2025-02-14,CUST00679,Varun Reddy,Mumbai,Maharashtra,Tom Ford,Tobacco Vanille,Unisex,1,10800.0,21.9,8434.8,Credit Card,Delivered
ORD100325,2025-02-14,CUST00135,Kabir Patel,Hyderabad,Telangana,Dior,Sauvage Elixir,Men,5,5860.0,15.6,24729.2,Credit Card,Delivered
ORD100326,2025-02-14,CUST00861,Sunil Das,Kochi,Kerala,Wild Stone,Wild Stone Code Platinum,Men,2,980.0,11.5,1734.6,Credit Card,Delivered
ORD100327,2025-02-15,CUST00532,Vihaan Yadav,Ahmedabad,Gujarat,Fogg,Fogg Femme,Women,2,1430.0,30.0,2002.0,Debit Card,Delivered
ORD100328,2025-02-15,CUST00429,Aarav Rathi,Bengaluru,Karnataka,Versace,Bright Crystal,Women,4,7710.0,19.7,24764.52,Debit Card,Delivered
ORD100329,2025-02-15,CUST00253,Ramesh Kumar,Mumbai,Maharashtra,Fogg,Fogg Scent Xpressio,Men,2,1230.0,10.4,2204.16,Credit Card,Delivered
ORD100330,2025-02-15,CUST00439,Manoj Kulkarni,Bengaluru,Karnataka,Zara,Zara Man Gold,Men,1,1600.0,30.0,1120.0,UPI,Delivered
ORD100331,2025-02-15,CUST00288,Sneha Nair,Hyderabad,Telangana,Fogg,Fogg Scent Xpressio,Men,1,1520.0,21.6,1191.68,UPI,Delivered
ORD100332,2025-02-15,CUST00569,Krishna Sharma,Kolkata,West Bengal,Fogg,Fogg Scent Xpressio,Men,4,1470.0,5.3,5568.36,Credit Card,Returned
ORD100333,2025-02-15,CUST00504,Pooja Reddy,Lucknow,Uttar Pradesh,Fogg,Fogg Femme,Women,1,990.0,30.0,693.0,Debit Card,Returned
ORD100334,2025-02-15,CUST00847,Manoj Choudhary,Pune,Maharashtra,Calvin Klein,CK One,Unisex,4,3800.0,11.1,13512.8,UPI,Delivered
ORD100335,2025-02-15,CUST00949,Kavya Bansal,Surat,Gujarat,Wild Stone,Wild Stone Code Platinum,Men,1,1490.0,29.5,1050.45,Debit Card,Delivered
ORD100336,2025-02-15,CUST00503,Vihaan Rao,Hyderabad,Telangana,Burberry,Hero,Men,1,7320.0,26.1,5409.48,Debit Card,Delivered
ORD100337,2025-02-15,CUST01230,Riya Naidu,Mumbai,Maharashtra,Calvin Klein,CK One,Unisex,3,3160.0,13.3,8219.16,Cash on Delivery,Delivered
ORD100338,2025-02-16,CUST01183,Sunil Choudhary,Pune,Maharashtra,Versace,Dylan Blue,Men,1,7210.0,24.0,5479.6,UPI,Delivered
ORD100339,2025-02-16,CUST00567,Varun Nair,Lucknow,Uttar Pradesh,Ajmal,Ajmal Evoke,Unisex,1,2440.0,6.5,2281.4,UPI,Delivered
ORD100340,2025-02-16,CUST00217,Geeta Banerjee,Bhopal,Madhya Pradesh,Armani,Code,Men,1,4230.0,5.2,4010.04,Credit Card,Returned
ORD100341,2025-02-16,CUST00201,Yash Das,Bengaluru,Karnataka,Ajmal,Ajmal Wisal,Women,2,2450.0,18.9,3973.9,Debit Card,Delivered
ORD100342,2025-02-16,CUST00627,Suresh Chatterjee,Jaipur,Rajasthan,Dior,Sauvage Elixir,Men,2,10020.0,18.0,16432.8,UPI,Delivered
ORD100343,2025-02-16,CUST01231,Pari Nair,Patna,Bihar,Calvin Klein,Obsession,Men,2,2760.0,24.0,4195.2,Debit Card,Delivered
ORD100344,2025-02-16,CUST00990,Ananya Shah,Visakhapatnam,Andhra Pradesh,Fogg,Fogg Femme,Women,2,1710.0,22.3,2657.34,UPI,Cancelled
ORD100345,2025-02-16,CUST00876,Priya Agarwal,Nashik,Maharashtra,Chanel,Chanel No. 5,Women,3,9190.0,17.1,22855.53,UPI,Delivered
ORD100346,2025-02-16,CUST00537,Divya Shah,Hyderabad,Telangana,Fogg,Fogg Femme,Women,1,1050.0,30.0,735.0,Credit Card,Delivered
ORD100347,2025-02-17,CUST01220,Aadhya Krishnan,Mumbai,Maharashtra,Zara,Zara Woman Rose,Women,1,1650.0,14.1,1417.35,Net Banking,Delivered
ORD100348,2025-02-17,CUST00265,Vikram Malhotra,Visakhapatnam,Andhra Pradesh,Gucci,Gucci Guilty,Unisex,1,10780.0,17.2,8925.84,Credit Card,Delivered
ORD100349,2025-02-17,CUST00217,Geeta Banerjee,Bhopal,Madhya Pradesh,Armani,Si Passione,Women,4,6690.0,7.5,24753.0,Cash on Delivery,Delivered
ORD100350,2025-02-17,CUST00236,Kiran Rathi,Visakhapatnam,Andhra Pradesh,Wild Stone,Wild Stone Code Platinum,Men,2,1200.0,21.3,1888.8,Cash on Delivery,Delivered
ORD100351,2025-02-17,CUST00123,Swati Gupta,Kochi,Kerala,Ajmal,Ajmal Evoke,Unisex,1,1120.0,5.5,1058.4,UPI,Delivered
ORD100352,2025-02-17,CUST00962,Sunil Verma,Delhi,Delhi,Gucci,Gucci Guilty,Unisex,2,7710.0,13.3,13369.14,Credit Card,Delivered
ORD100353,2025-02-17,CUST00965,Divya Mukherjee,Jaipur,Rajasthan,Dior,Sauvage Elixir,Men,3,5380.0,19.7,12960.42,Credit Card,Delivered
ORD100354,2025-02-18,CUST00593,Arjun Iyer,Visakhapatnam,Andhra Pradesh,Calvin Klein,Euphoria,Women,4,3080.0,19.7,9892.96,UPI,Delivered
ORD100355,2025-02-18,CUST01157,Pooja Agarwal,Hyderabad,Telangana,Wild Stone,Wild Stone Hunter,Men,2,1470.0,13.6,2540.16,UPI,Cancelled
ORD100356,2025-02-18,CUST00194,Saanvi Naidu,Kolkata,West Bengal,Zara,Zara Unisex Oud,Unisex,1,2660.0,8.4,2436.56,UPI,Cancelled
ORD100357,2025-02-18,CUST00071,Dhruv Malhotra,Pune,Maharashtra,Zara,Zara Unisex Oud,Unisex,1,2570.0,4.6,2451.78,Credit Card,Delivered
ORD100358,2025-02-18,CUST00385,Neha Banerjee,Kochi,Kerala,Armani,Si Passione,Women,1,7690.0,6.7,7174.77,Cash on Delivery,Cancelled
ORD100359,2025-02-19,CUST00452,Preeti Shah,Hyderabad,Telangana,Zara,Zara Unisex Oud,Unisex,4,1490.0,0.2,5948.08,Net Banking,Returned
ORD100360,2025-02-19,CUST00115,Krishna Rathi,Pune,Maharashtra,Versace,Eros,Men,5,5390.0,11.8,23769.9,UPI,Delivered
ORD100361,2025-02-20,CUST00570,Pari Iyer,Lucknow,Uttar Pradesh,Ajmal,Ajmal Amber Wood,Men,3,1160.0,29.9,2439.48,UPI,Delivered
ORD100362,2025-02-21,CUST00669,Saanvi Malhotra,Delhi,Delhi,Calvin Klein,Euphoria,Women,1,5460.0,21.5,4286.1,Net Banking,Delivered
ORD100363,2025-02-21,CUST00755,Sunita Kumar,Delhi,Delhi,Tom Ford,Black Orchid,Unisex,2,6320.0,15.3,10706.08,Credit Card,Cancelled
ORD100364,2025-02-22,CUST00772,Varun Mishra,Pune,Maharashtra,Calvin Klein,CK One,Unisex,3,3530.0,3.8,10187.58,UPI,Delivered
ORD100365,2025-02-22,CUST00547,Amit Sharma,Delhi,Delhi,Fogg,Fogg Scent Xpressio,Men,2,1060.0,23.8,1615.44,Credit Card,Delivered
ORD100366,2025-02-23,CUST01017,Kiran Gupta,Visakhapatnam,Andhra Pradesh,Tom Ford,Black Orchid,Unisex,1,8620.0,11.1,7663.18,UPI,Delivered
ORD100367,2025-02-23,CUST00814,Geeta Mishra,Coimbatore,Tamil Nadu,Zara,Zara Woman Rose,Women,1,980.0,29.0,695.8,Credit Card,Delivered
ORD100368,2025-02-23,CUST00187,Ira Chatterjee,Hyderabad,Telangana,Zara,Zara Unisex Oud,Unisex,3,2250.0,17.5,5568.75,Debit Card,Delivered
ORD100369,2025-02-23,CUST00117,Reyansh Desai,Jaipur,Rajasthan,Zara,Zara Man Gold,Men,1,1840.0,26.0,1361.6,UPI,Cancelled
ORD100370,2025-02-23,CUST01209,Sai Mukherjee,Nagpur,Maharashtra,Tom Ford,Tobacco Vanille,Unisex,1,11200.0,19.7,8993.6,Cash on Delivery,Delivered
ORD100371,2025-02-23,CUST00435,Myra Krishnan,Kolkata,West Bengal,Zara,Zara Woman Rose,Women,2,1080.0,8.2,1982.88,Debit Card,Delivered
ORD100372,2025-02-24,CUST00064,Sai Verma,Bengaluru,Karnataka,Calvin Klein,Euphoria,Women,1,3310.0,6.9,3081.61,Credit Card,Delivered
ORD100373,2025-02-24,CUST00264,Vivaan Malhotra,Hyderabad,Telangana,Armani,Acqua di Gio,Men,5,6300.0,9.0,28665.0,Credit Card,Delivered
ORD100374,2025-02-24,CUST01236,Manoj Rathi,Ahmedabad,Gujarat,Tom Ford,Tobacco Vanille,Unisex,2,11350.0,15.8,19113.4,Credit Card,Delivered
ORD100375,2025-02-25,CUST00847,Manoj Choudhary,Pune,Maharashtra,Chanel,Bleu de Chanel,Men,2,9080.0,16.3,15199.92,UPI,Returned
ORD100376,2025-02-25,CUST00049,Meera Krishnan,Pune,Maharashtra,Fogg,Fogg Femme,Women,2,1370.0,6.5,2561.9,UPI,Cancelled
ORD100377,2025-02-25,CUST00094,Amit Naidu,Bengaluru,Karnataka,Versace,Bright Crystal,Women,1,3960.0,13.6,3421.44,Credit Card,Delivered
ORD100378,2025-02-25,CUST00414,Sanya Gupta,Bengaluru,Karnataka,Tom Ford,Black Orchid,Unisex,1,10060.0,9.0,9154.6,Debit Card,Delivered
ORD100379,2025-02-25,CUST00487,Amit Nair,Nashik,Maharashtra,Calvin Klein,Euphoria,Women,5,2620.0,21.0,10349.0,Net Banking,Delivered
ORD100380,2025-02-25,CUST00092,Sai Nair,Bengaluru,Karnataka,Armani,Si Passione,Women,1,7240.0,11.1,6436.36,Net Banking,Returned
ORD100381,2025-02-25,CUST01070,Deepak Gupta,Mumbai,Maharashtra,Calvin Klein,CK One,Unisex,2,5160.0,6.9,9607.92,UPI,Delivered
ORD100382,2025-02-25,CUST00026,Manoj Patel,Nagpur,Maharashtra,Calvin Klein,Obsession,Men,1,3190.0,15.3,2701.93,Debit Card,Delivered
ORD100383,2025-02-25,CUST01025,Aarav Kumar,Pune,Maharashtra,Armani,Acqua di Gio,Men,1,8070.0,16.0,6778.8,Debit Card,Cancelled
ORD100384,2025-02-25,CUST00325,Yash Mukherjee,Pune,Maharashtra,Ajmal,Ajmal Amber Wood,Men,2,1890.0,27.5,2740.5,UPI,Delivered
ORD100385,2025-02-25,CUST00724,Pari Patel,Ahmedabad,Gujarat,Burberry,Hero,Men,2,3830.0,7.3,7100.82,Credit Card,Returned
ORD100386,2025-02-26,CUST00726,Rajesh Kulkarni,Jaipur,Rajasthan,Ajmal,Ajmal Wisal,Women,2,3080.0,1.5,6067.6,UPI,Delivered
ORD100387,2025-02-26,CUST00429,Aarav Rathi,Indore,Madhya Pradesh,Versace,Eros,Men,2,7890.0,7.1,14659.62,UPI,Delivered
ORD100388,2025-02-26,CUST00181,Ashok Banerjee,Lucknow,Uttar Pradesh,Wild Stone,Wild Stone Code Platinum,Men,3,1570.0,21.2,3711.48,UPI,Delivered
ORD100389,2025-02-26,CUST01005,Swati Yadav,Pune,Maharashtra,Fogg,Fogg Scent Xpressio,Men,1,1010.0,19.3,815.07,Net Banking,Delivered
ORD100390,2025-02-26,CUST00807,Aarav Krishnan,Delhi,Delhi,Zara,Zara Man Gold,Men,2,2120.0,1.0,4197.6,Debit Card,Delivered
ORD100391,2025-02-26,CUST00547,Amit Sharma,Delhi,Delhi,Armani,Acqua di Gio,Men,2,3810.0,2.9,7399.02,Debit Card,Delivered
ORD100392,2025-02-26,CUST00211,Sanjay Singh,Kolkata,West Bengal,Gucci,Gucci Bloom,Women,1,10660.0,19.3,8602.62,Credit Card,Delivered
ORD100393,2025-02-26,CUST00145,Krishna Gupta,Visakhapatnam,Andhra Pradesh,Ajmal,Ajmal Amber Wood,Men,3,1760.0,24.8,3970.56,Debit Card,Delivered
ORD100394,2025-02-27,CUST00154,Anjali Desai,Nashik,Maharashtra,Dior,Miss Dior,Women,1,11740.0,3.0,11387.8,UPI,Delivered
ORD100395,2025-02-27,CUST01179,Vivaan Das,Lucknow,Uttar Pradesh,Ajmal,Ajmal Wisal,Women,3,1010.0,21.3,2384.61,UPI,Delivered
ORD100396,2025-02-27,CUST00401,Kabir Choudhary,Nashik,Maharashtra,Ajmal,Ajmal Wisal,Women,1,1190.0,29.9,834.19,UPI,Delivered
ORD100397,2025-02-27,CUST01162,Preeti Mishra,Ahmedabad,Gujarat,Dior,J'adore,Women,2,6640.0,16.0,11155.2,Net Banking,Cancelled
ORD100398,2025-02-28,CUST01229,Krishna Malhotra,Nagpur,Maharashtra,Chanel,Bleu de Chanel,Men,3,9580.0,14.2,24658.92,Debit Card,Delivered
ORD100399,2025-02-28,CUST00816,Ira Joshi,Chandigarh,Punjab,Wild Stone,Wild Stone Hunter,Men,4,1190.0,13.2,4131.68,UPI,Delivered
ORD100400,2025-02-28,CUST01044,Kiran Reddy,Bhopal,Madhya Pradesh,Ajmal,Ajmal Evoke,Unisex,2,2740.0,1.7,5386.84,Credit Card,Delivered
ORD100401,2025-02-28,CUST01157,Pooja Agarwal,Hyderabad,Telangana,Ajmal,Ajmal Amber Wood,Men,1,2440.0,15.8,2054.48,UPI,Cancelled
ORD100402,2025-02-28,CUST00481,Ayaan Pillai,Kolkata,West Bengal,Zara,Zara Man Gold,Men,1,2160.0,20.5,1717.2,Debit Card,Delivered
ORD100403,2025-02-28,CUST00397,Kiran Mukherjee,Chennai,Tamil Nadu,Armani,Si Passione,Women,1,6320.0,14.4,5409.92,UPI,Delivered
ORD100404,2025-02-28,CUST01097,Divya Rao,Hyderabad,Telangana,Wild Stone,Wild Stone Code Platinum,Men,1,1510.0,13.8,1301.62,UPI,Delivered
ORD100405,2025-02-28,CUST01040,Meera Choudhary,Mumbai,Maharashtra,Tom Ford,Tobacco Vanille,Unisex,1,9380.0,18.5,7644.7,Cash on Delivery,Delivered
ORD100406,2025-02-28,CUST00689,Isha Singh,Chandigarh,Punjab,Versace,Bright Crystal,Women,1,8040.0,20.0,6432.0,Net Banking,Delivered
ORD100407,2025-03-01,CUST00064,Sai Verma,Bengaluru,Karnataka,Fogg,Fogg Femme,Women,1,1410.0,10.3,1264.77,Credit Card,Delivered
ORD100408,2025-03-01,CUST00942,Preeti Malhotra,Chennai,Tamil Nadu,Zara,Zara Unisex Oud,Unisex,1,1710.0,5.6,1614.24,UPI,Delivered
ORD100409,2025-03-01,CUST00739,Preeti Kumar,Delhi,Delhi,Fogg,Fogg Femme,Women,1,1140.0,1.5,1122.9,Credit Card,Delivered
ORD100410,2025-03-02,CUST00439,Manoj Kulkarni,Bengaluru,Karnataka,Armani,Code,Men,2,4730.0,6.0,8892.4,UPI,Delivered
ORD100411,2025-03-02,CUST00790,Anjali Joshi,Nashik,Maharashtra,Zara,Zara Unisex Oud,Unisex,3,1190.0,20.3,2845.29,UPI,Delivered
ORD100412,2025-03-02,CUST00167,Yash Sharma,Jaipur,Rajasthan,Gucci,Gucci Guilty,Unisex,2,8410.0,18.9,13641.02,Cash on Delivery,Delivered
ORD100413,2025-03-02,CUST00253,Ramesh Kumar,Mumbai,Maharashtra,Gucci,Gucci Bloom,Women,3,6030.0,12.7,15792.57,Credit Card,Delivered
ORD100414,2025-03-02,CUST00883,Swati Malhotra,Mumbai,Maharashtra,Fogg,Fogg Femme,Women,1,1710.0,22.4,1326.96,Net Banking,Delivered
ORD100415,2025-03-03,CUST00799,Aryan Mukherjee,Delhi,Delhi,Armani,Si Passione,Women,4,4320.0,0.7,17159.04,Credit Card,Delivered
ORD100416,2025-03-03,CUST00890,Suresh Kumar,Pune,Maharashtra,Versace,Eros,Men,1,8920.0,10.9,7947.72,Cash on Delivery,Delivered
ORD100417,2025-03-03,CUST00197,Ramesh Iyer,Jaipur,Rajasthan,Fogg,Fogg Scent Xpressio,Men,2,1320.0,27.4,1916.64,UPI,Delivered
ORD100418,2025-03-04,CUST00338,Rahul Das,Chandigarh,Punjab,Gucci,Gucci Flora,Women,2,4330.0,13.1,7525.54,Debit Card,Delivered
ORD100419,2025-03-04,CUST00569,Krishna Sharma,Kolkata,West Bengal,Calvin Klein,Euphoria,Women,5,2700.0,6.4,12636.0,UPI,Delivered
ORD100420,2025-03-04,CUST00715,Pooja Patel,Chandigarh,Punjab,Tom Ford,Tobacco Vanille,Unisex,4,8550.0,5.8,32216.4,Cash on Delivery,Delivered
ORD100421,2025-03-04,CUST00829,Vivaan Joshi,Hyderabad,Telangana,Wild Stone,Wild Stone Code Platinum,Men,1,1330.0,29.0,944.3,Credit Card,Returned
ORD100422,2025-03-05,CUST00847,Manoj Choudhary,Pune,Maharashtra,Armani,Acqua di Gio,Men,1,4890.0,6.7,4562.37,UPI,Delivered
ORD100423,2025-03-05,CUST00145,Krishna Gupta,Visakhapatnam,Andhra Pradesh,Calvin Klein,Obsession,Men,3,2870.0,3.1,8343.09,UPI,Delivered
ORD100424,2025-03-05,CUST00279,Suresh Patel,Ahmedabad,Gujarat,Chanel,Coco Mademoiselle,Women,1,5800.0,20.3,4622.6,Net Banking,Delivered
ORD100425,2025-03-06,CUST00829,Vivaan Joshi,Hyderabad,Telangana,Zara,Zara Unisex Oud,Unisex,2,1240.0,20.5,1971.6,Debit Card,Delivered
ORD100426,2025-03-06,CUST00057,Rajesh Shah,Nagpur,Maharashtra,Zara,Zara Man Gold,Men,4,1650.0,17.1,5471.4,Net Banking,Cancelled
ORD100427,2025-03-06,CUST00211,Sanjay Singh,Kolkata,West Bengal,Ajmal,Ajmal Amber Wood,Men,2,2900.0,29.4,4094.8,Cash on Delivery,Delivered
ORD100428,2025-03-06,CUST00360,Saanvi Bansal,Delhi,Delhi,Fogg,Fogg Scent Xpressio,Men,1,1390.0,23.4,1064.74,Cash on Delivery,Delivered
ORD100429,2025-03-07,CUST00795,Nikhil Kulkarni,Kochi,Kerala,Calvin Klein,Obsession,Men,1,5520.0,6.8,5144.64,Debit Card,Returned
ORD100430,2025-03-07,CUST01174,Sneha Rao,Bengaluru,Karnataka,Versace,Eros,Men,3,5090.0,16.2,12796.26,UPI,Delivered
ORD100431,2025-03-08,CUST00397,Kiran Mukherjee,Kochi,Kerala,Wild Stone,Wild Stone Code Platinum,Men,2,950.0,21.6,1489.6,UPI,Delivered
ORD100432,2025-03-08,CUST00049,Meera Krishnan,Visakhapatnam,Andhra Pradesh,Calvin Klein,CK One,Unisex,2,5860.0,3.2,11344.96,Net Banking,Delivered
ORD100433,2025-03-08,CUST00823,Neha Rao,Hyderabad,Telangana,Calvin Klein,Euphoria,Women,2,6420.0,2.4,12531.84,UPI,Returned
ORD100434,2025-03-08,CUST00397,Kiran Mukherjee,Chennai,Tamil Nadu,Fogg,Fogg Femme,Women,5,1330.0,6.3,6231.05,UPI,Delivered
ORD100435,2025-03-09,CUST01215,Sanjay Malhotra,Kochi,Kerala,Wild Stone,Wild Stone Code Platinum,Men,2,890.0,23.9,1354.58,UPI,Cancelled
ORD100436,2025-03-09,CUST01215,Sanjay Malhotra,Kochi,Kerala,Versace,Eros,Men,1,6360.0,2.2,6220.08,UPI,Delivered
ORD100437,2025-03-09,CUST00491,Ananya Menon,Patna,Bihar,Chanel,Coco Mademoiselle,Women,1,11080.0,21.6,8686.72,Debit Card,Delivered
ORD100438,2025-03-09,CUST00217,Geeta Banerjee,Ahmedabad,Gujarat,Wild Stone,Wild Stone Hunter,Men,3,1190.0,8.4,3270.12,UPI,Delivered
ORD100439,2025-03-09,CUST00160,Anika Das,Jaipur,Rajasthan,Zara,Zara Unisex Oud,Unisex,4,2750.0,14.9,9361.0,Net Banking,Delivered
ORD100440,2025-03-09,CUST00886,Anjali Malhotra,Hyderabad,Telangana,Ajmal,Ajmal Evoke,Unisex,1,2420.0,10.8,2158.64,Debit Card,Delivered
ORD100441,2025-03-09,CUST00484,Sai Krishnan,Chennai,Tamil Nadu,Zara,Zara Unisex Oud,Unisex,5,1650.0,14.2,7078.5,Net Banking,Delivered
ORD100442,2025-03-10,CUST00990,Ananya Shah,Visakhapatnam,Andhra Pradesh,Ajmal,Ajmal Wisal,Women,4,1100.0,12.3,3858.8,Credit Card,Delivered
ORD100443,2025-03-11,CUST00537,Divya Shah,Hyderabad,Telangana,Gucci,Gucci Flora,Women,1,4780.0,0.4,4760.88,Cash on Delivery,Delivered
ORD100444,2025-03-11,CUST00309,Yash Joshi,Delhi,Delhi,Ajmal,Ajmal Evoke,Unisex,1,3130.0,15.2,2654.24,UPI,Cancelled
ORD100445,2025-03-12,CUST01077,Meera Kumar,Kolkata,West Bengal,Fogg,Fogg Femme,Women,1,1010.0,22.9,778.71,UPI,Delivered
ORD100446,2025-03-12,CUST00039,Rahul Rao,Bengaluru,Karnataka,Ajmal,Ajmal Wisal,Women,2,2360.0,15.5,3988.4,UPI,Delivered
ORD100447,2025-03-12,CUST00894,Kavya Agarwal,Bengaluru,Karnataka,Zara,Zara Man Gold,Men,3,2090.0,7.0,5831.1,Net Banking,Delivered
ORD100448,2025-03-12,CUST00309,Yash Joshi,Delhi,Delhi,Tom Ford,Black Orchid,Unisex,2,7150.0,18.3,11683.1,UPI,Delivered
ORD100449,2025-03-12,CUST01092,Ayaan Rao,Hyderabad,Telangana,Ajmal,Ajmal Amber Wood,Men,1,1910.0,14.6,1631.14,UPI,Delivered
ORD100450,2025-03-13,CUST00477,Myra Naidu,Chennai,Tamil Nadu,Wild Stone,Wild Stone Hunter,Men,2,820.0,14.6,1400.56,Credit Card,Returned
ORD100451,2025-03-13,CUST00992,Ramesh Reddy,Lucknow,Uttar Pradesh,Zara,Zara Man Gold,Men,2,1190.0,17.6,1961.12,Credit Card,Delivered
ORD100452,2025-03-13,CUST00579,Saanvi Iyer,Chandigarh,Punjab,Tom Ford,Tobacco Vanille,Unisex,4,11780.0,7.4,43633.12,Cash on Delivery,Delivered
ORD100453,2025-03-13,CUST00795,Nikhil Kulkarni,Kochi,Kerala,Zara,Zara Unisex Oud,Unisex,1,2530.0,11.3,2244.11,UPI,Delivered
ORD100454,2025-03-13,CUST00569,Krishna Sharma,Kolkata,West Bengal,Fogg,Fogg Scent Xpressio,Men,1,1000.0,4.9,951.0,UPI,Returned
ORD100455,2025-03-13,CUST00890,Suresh Kumar,Pune,Maharashtra,Calvin Klein,Obsession,Men,2,6250.0,1.9,12262.5,Cash on Delivery,Delivered
ORD100456,2025-03-14,CUST00405,Preeti Naidu,Mumbai,Maharashtra,Ajmal,Ajmal Wisal,Women,1,820.0,29.0,582.2,UPI,Delivered
ORD100457,2025-03-14,CUST00363,Ira Pillai,Lucknow,Uttar Pradesh,Ajmal,Ajmal Evoke,Unisex,3,2510.0,20.2,6008.94,Credit Card,Returned
ORD100458,2025-03-14,CUST00100,Rohan Desai,Nagpur,Maharashtra,Armani,Si Passione,Women,1,7550.0,21.7,5911.65,UPI,Delivered
ORD100459,2025-03-14,CUST00868,Ramesh Yadav,Bengaluru,Karnataka,Versace,Dylan Blue,Men,1,6830.0,6.2,6406.54,UPI,Delivered
ORD100460,2025-03-15,CUST00039,Rahul Rao,Bengaluru,Karnataka,Fogg,Fogg Femme,Women,5,1290.0,10.2,5792.1,UPI,Delivered
ORD100461,2025-03-16,CUST00855,Deepak Nair,Jaipur,Rajasthan,Fogg,Fogg Femme,Women,1,1390.0,4.8,1323.28,Net Banking,Delivered
ORD100462,2025-03-16,CUST00062,Vivaan Reddy,Coimbatore,Tamil Nadu,Ajmal,Ajmal Wisal,Women,1,2430.0,11.1,2160.27,Debit Card,Delivered
ORD100463,2025-03-16,CUST00523,Pari Naidu,Kochi,Kerala,Wild Stone,Wild Stone Hunter,Men,1,1190.0,23.2,913.92,Credit Card,Returned
ORD100464,2025-03-16,CUST01130,Ira Naidu,Chandigarh,Punjab,Chanel,Chanel No. 5,Women,4,8700.0,18.2,28466.4,Net Banking,Delivered
ORD100465,2025-03-16,CUST00998,Varun Patel,Hyderabad,Telangana,Fogg,Fogg Femme,Women,1,1120.0,28.6,799.68,UPI,Delivered
ORD100466,2025-03-16,CUST00670,Deepak Agarwal,Hyderabad,Telangana,Zara,Zara Unisex Oud,Unisex,2,2600.0,0.5,5174.0,Cash on Delivery,Delivered
ORD100467,2025-03-17,CUST00194,Saanvi Naidu,Kolkata,West Bengal,Dior,Sauvage Elixir,Men,2,8050.0,20.5,12799.5,Debit Card,Returned
ORD100468,2025-03-17,CUST00034,Saanvi Kulkarni,Bengaluru,Karnataka,Zara,Zara Unisex Oud,Unisex,2,2680.0,15.0,4556.0,UPI,Delivered
ORD100469,2025-03-17,CUST00627,Suresh Chatterjee,Jaipur,Rajasthan,Fogg,Fogg Scent Xpressio,Men,2,1500.0,4.5,2865.0,Debit Card,Delivered
ORD100470,2025-03-17,CUST01098,Divya Chatterjee,Bengaluru,Karnataka,Ajmal,Ajmal Wisal,Women,1,1490.0,28.9,1059.39,Credit Card,Delivered
ORD100471,2025-03-17,CUST00790,Anjali Joshi,Nashik,Maharashtra,Burberry,Her,Women,3,5590.0,18.0,13751.4,Cash on Delivery,Delivered
ORD100472,2025-03-18,CUST00573,Aadhya Gupta,Chennai,Tamil Nadu,Ajmal,Ajmal Evoke,Unisex,1,1330.0,16.4,1111.88,Credit Card,Delivered
ORD100473,2025-03-18,CUST00537,Divya Shah,Hyderabad,Telangana,Fogg,Fogg Femme,Women,3,1400.0,3.0,4074.0,UPI,Delivered
ORD100474,2025-03-19,CUST01098,Divya Chatterjee,Bengaluru,Karnataka,Gucci,Gucci Guilty,Unisex,2,8600.0,2.2,16821.6,Debit Card,Delivered
ORD100475,2025-03-19,CUST00985,Amit Kulkarni,Jaipur,Rajasthan,Tom Ford,Black Orchid,Unisex,2,7760.0,5.2,14712.96,Debit Card,Returned
ORD100476,2025-03-19,CUST00170,Suresh Singh,Chennai,Tamil Nadu,Fogg,Fogg Femme,Women,2,1760.0,3.8,3386.24,Credit Card,Delivered
ORD100477,2025-03-19,CUST00883,Swati Malhotra,Mumbai,Maharashtra,Fogg,Fogg Scent Xpressio,Men,1,1470.0,15.2,1246.56,Net Banking,Returned
ORD100478,2025-03-19,CUST00646,Aditya Desai,Chennai,Tamil Nadu,Wild Stone,Wild Stone Hunter,Men,2,1440.0,11.8,2540.16,Net Banking,Delivered
ORD100479,2025-03-19,CUST00582,Kiran Reddy,Bengaluru,Karnataka,Zara,Zara Woman Rose,Women,3,2500.0,25.0,5625.0,UPI,Delivered
ORD100480,2025-03-20,CUST00611,Priya Singh,Delhi,Delhi,Zara,Zara Unisex Oud,Unisex,1,1440.0,23.8,1097.28,Credit Card,Delivered
ORD100481,2025-03-20,CUST00145,Krishna Gupta,Visakhapatnam,Andhra Pradesh,Tom Ford,Black Orchid,Unisex,4,10000.0,6.7,37320.0,UPI,Delivered
ORD100482,2025-03-21,CUST00425,Anjali Kulkarni,Ahmedabad,Gujarat,Dior,J'adore,Women,1,6000.0,12.0,5280.0,Credit Card,Delivered
ORD100483,2025-03-21,CUST00569,Krishna Sharma,Kolkata,West Bengal,Wild Stone,Wild Stone Hunter,Men,1,880.0,7.7,812.24,UPI,Delivered
ORD100484,2025-03-22,CUST00942,Preeti Malhotra,Chennai,Tamil Nadu,Versace,Dylan Blue,Men,2,9460.0,0.5,18825.4,UPI,Delivered
ORD100485,2025-03-22,CUST00457,Preeti Pillai,Visakhapatnam,Andhra Pradesh,Zara,Zara Unisex Oud,Unisex,1,1300.0,22.3,1010.1,UPI,Delivered
ORD100486,2025-03-22,CUST00280,Preeti Kumar,Chandigarh,Punjab,Fogg,Fogg Femme,Women,1,820.0,21.7,642.06,UPI,Returned
ORD100487,2025-03-22,CUST00169,Arjun Mukherjee,Hyderabad,Telangana,Versace,Eros,Men,2,5640.0,1.8,11076.96,UPI,Cancelled
ORD100488,2025-03-23,CUST01229,Krishna Malhotra,Nagpur,Maharashtra,Calvin Klein,CK One,Unisex,4,6230.0,12.0,21929.6,UPI,Delivered
ORD100489,2025-03-23,CUST00830,Krishna Desai,Pune,Maharashtra,Wild Stone,Wild Stone Hunter,Men,1,830.0,20.2,662.34,UPI,Delivered
ORD100490,2025-03-23,CUST00008,Suresh Chatterjee,Pune,Maharashtra,Wild Stone,Wild Stone Hunter,Men,3,1140.0,23.6,2612.88,Credit Card,Delivered
ORD100491,2025-03-23,CUST00201,Yash Das,Bengaluru,Karnataka,Burberry,Hero,Men,1,4430.0,16.6,3694.62,Credit Card,Delivered
ORD100492,2025-03-24,CUST00038,Preeti Agarwal,Kolkata,West Bengal,Chanel,Coco Mademoiselle,Women,1,6800.0,20.5,5406.0,Debit Card,Delivered
ORD100493,2025-03-24,CUST00579,Saanvi Iyer,Chandigarh,Punjab,Calvin Klein,CK One,Unisex,1,4100.0,19.3,3308.7,Net Banking,Delivered
ORD100494,2025-03-24,CUST00646,Aditya Desai,Chennai,Tamil Nadu,Zara,Zara Woman Rose,Women,2,2570.0,28.4,3680.24,Credit Card,Delivered
ORD100495,2025-03-24,CUST00064,Sai Verma,Bengaluru,Karnataka,Chanel,Bleu de Chanel,Men,1,6060.0,0.7,6017.58,Debit Card,Delivered
ORD100496,2025-03-25,CUST00184,Saanvi Bansal,Nagpur,Maharashtra,Fogg,Fogg Femme,Women,1,1320.0,9.0,1201.2,UPI,Delivered
ORD100497,2025-03-25,CUST00372,Meera Rao,Coimbatore,Tamil Nadu,Zara,Zara Woman Rose,Women,1,2240.0,29.6,1576.96,UPI,Delivered
ORD100498,2025-03-25,CUST00064,Sai Verma,Chennai,Tamil Nadu,Ajmal,Ajmal Wisal,Women,1,1900.0,25.1,1423.1,Credit Card,Delivered
ORD100499,2025-03-26,CUST00706,Geeta Kumar,Kolkata,West Bengal,Versace,Eros,Men,1,4170.0,7.0,3878.1,Credit Card,Delivered
ORD100500,2025-03-26,CUST00154,Anjali Desai,Nashik,Maharashtra,Wild Stone,Wild Stone Hunter,Men,1,1290.0,24.1,979.11,Net Banking,Delivered
ORD100501,2025-03-27,CUST00181,Ashok Banerjee,Lucknow,Uttar Pradesh,Gucci,Gucci Flora,Women,2,10630.0,14.1,18262.34,Net Banking,Returned
ORD100502,2025-03-27,CUST00874,Swati Iyer,Chennai,Tamil Nadu,Gucci,Gucci Flora,Women,1,4290.0,18.5,3496.35,UPI,Delivered
ORD100503,2025-03-28,CUST00883,Swati Malhotra,Mumbai,Maharashtra,Calvin Klein,Euphoria,Women,4,5330.0,14.3,18271.24,UPI,Cancelled
ORD100504,2025-03-28,CUST00385,Neha Banerjee,Kochi,Kerala,Armani,Code,Men,1,8510.0,1.1,8416.39,Credit Card,Delivered
ORD100505,2025-03-28,CUST00524,Anika Mehta,Indore,Madhya Pradesh,Armani,Code,Men,3,5110.0,17.7,12616.59,UPI,Delivered
ORD100506,2025-03-28,CUST00488,Kiran Pillai,Kolkata,West Bengal,Gucci,Gucci Flora,Women,3,7540.0,15.6,19091.28,UPI,Delivered
ORD100507,2025-03-28,CUST00145,Krishna Gupta,Visakhapatnam,Andhra Pradesh,Ajmal,Ajmal Wisal,Women,1,1040.0,29.6,732.16,Net Banking,Delivered
ORD100508,2025-03-28,CUST00732,Tanvi Verma,Ahmedabad,Gujarat,Wild Stone,Wild Stone Code Platinum,Men,2,1070.0,5.2,2028.72,UPI,Delivered
ORD100509,2025-03-28,CUST00806,Vikram Choudhary,Hyderabad,Telangana,Ajmal,Ajmal Amber Wood,Men,3,2840.0,26.8,6236.64,Cash on Delivery,Delivered
ORD100510,2025-03-28,CUST00679,Varun Reddy,Mumbai,Maharashtra,Ajmal,Ajmal Evoke,Unisex,3,1800.0,18.2,4417.2,UPI,Delivered
ORD100511,2025-03-28,CUST00897,Anil Nair,Delhi,Delhi,Chanel,Chanel No. 5,Women,2,6720.0,3.8,12929.28,UPI,Delivered
ORD100512,2025-03-29,CUST00523,Pari Naidu,Kochi,Kerala,Zara,Zara Unisex Oud,Unisex,2,1550.0,19.9,2483.1,Net Banking,Delivered
ORD100513,2025-03-29,CUST00160,Anika Das,Jaipur,Rajasthan,Fogg,Fogg Femme,Women,1,890.0,29.2,630.12,Net Banking,Delivered
ORD100514,2025-03-29,CUST01231,Pari Nair,Patna,Bihar,Chanel,Coco Mademoiselle,Women,1,10280.0,14.0,8840.8,UPI,Returned
ORD100515,2025-03-30,CUST00087,Pari Joshi,Chennai,Tamil Nadu,Zara,Zara Unisex Oud,Unisex,2,2160.0,19.6,3473.28,UPI,Delivered
ORD100516,2025-03-30,CUST01070,Deepak Gupta,Mumbai,Maharashtra,Versace,Bright Crystal,Women,3,8020.0,12.4,21076.56,Debit Card,Delivered
ORD100517,2025-03-30,CUST00300,Ramesh Kumar,Hyderabad,Telangana,Zara,Zara Unisex Oud,Unisex,3,1330.0,13.0,3471.3,Cash on Delivery,Delivered
ORD100518,2025-03-30,CUST00194,Saanvi Naidu,Kolkata,West Bengal,Calvin Klein,Euphoria,Women,4,4360.0,7.0,16219.2,Cash on Delivery,Returned
ORD100519,2025-03-31,CUST00467,Aditi Kulkarni,Indore,Madhya Pradesh,Chanel,Chanel No. 5,Women,2,8210.0,6.9,15287.02,Net Banking,Delivered
ORD100520,2025-03-31,CUST00605,Suresh Krishnan,Nashik,Maharashtra,Fogg,Fogg Scent Xpressio,Men,1,1590.0,13.3,1378.53,UPI,Delivered
ORD100521,2025-03-31,CUST00664,Preeti Menon,Indore,Madhya Pradesh,Fogg,Fogg Scent Xpressio,Men,1,830.0,15.7,699.69,Debit Card,Delivered
ORD100522,2025-03-31,CUST00403,Ananya Krishnan,Delhi,Delhi,Wild Stone,Wild Stone Code Platinum,Men,2,810.0,17.3,1339.74,Debit Card,Delivered
ORD100523,2025-04-01,CUST00786,Vihaan Iyer,Chennai,Tamil Nadu,Zara,Zara Woman Rose,Women,2,2690.0,10.8,4798.96,UPI,Delivered
ORD100524,2025-04-01,CUST01191,Aditya Naidu,Bengaluru,Karnataka,Calvin Klein,Obsession,Men,2,3920.0,1.2,7745.92,UPI,Delivered
ORD100525,2025-04-01,CUST00670,Deepak Agarwal,Delhi,Delhi,Zara,Zara Woman Rose,Women,1,1020.0,22.3,792.54,UPI,Delivered
ORD100526,2025-04-01,CUST00578,Nikhil Reddy,Chennai,Tamil Nadu,Burberry,Hero,Men,1,7230.0,14.2,6203.34,Debit Card,Returned
ORD100527,2025-04-02,CUST00537,Divya Shah,Hyderabad,Telangana,Chanel,Chanel No. 5,Women,1,11320.0,21.6,8874.88,Credit Card,Delivered
ORD100528,2025-04-02,CUST00022,Nikhil Gupta,Nagpur,Maharashtra,Zara,Zara Woman Rose,Women,1,2100.0,17.1,1740.9,Cash on Delivery,Cancelled
ORD100529,2025-04-02,CUST00674,Priya Naidu,Ahmedabad,Gujarat,Zara,Zara Man Gold,Men,4,2150.0,20.2,6862.8,UPI,Delivered
ORD100530,2025-04-02,CUST00354,Amit Yadav,Mumbai,Maharashtra,Zara,Zara Man Gold,Men,2,1460.0,17.5,2409.0,UPI,Delivered
ORD100531,2025-04-03,CUST00627,Suresh Chatterjee,Jaipur,Rajasthan,Fogg,Fogg Femme,Women,2,1480.0,10.2,2658.08,Cash on Delivery,Returned
ORD100532,2025-04-03,CUST00302,Rahul Menon,Delhi,Delhi,Dior,Miss Dior,Women,3,6780.0,18.2,16638.12,Cash on Delivery,Returned
ORD100533,2025-04-03,CUST00753,Lakshmi Choudhary,Mumbai,Maharashtra,Zara,Zara Woman Rose,Women,1,2630.0,7.4,2435.38,Credit Card,Delivered
ORD100534,2025-04-03,CUST00697,Aditya Joshi,Pune,Maharashtra,Ajmal,Ajmal Evoke,Unisex,1,1470.0,16.9,1221.57,UPI,Delivered
ORD100535,2025-04-03,CUST00932,Vivaan Kulkarni,Bengaluru,Karnataka,Ajmal,Ajmal Amber Wood,Men,5,3010.0,8.3,13800.85,Credit Card,Delivered
ORD100536,2025-04-03,CUST00550,Anjali Rao,Pune,Maharashtra,Fogg,Fogg Femme,Women,2,1250.0,26.5,1837.5,UPI,Delivered
ORD100537,2025-04-04,CUST00075,Pooja Naidu,Delhi,Delhi,Wild Stone,Wild Stone Code Platinum,Men,1,1240.0,9.4,1123.44,Credit Card,Returned
ORD100538,2025-04-04,CUST00062,Vivaan Reddy,Coimbatore,Tamil Nadu,Armani,Code,Men,3,7090.0,8.7,19419.51,UPI,Delivered
ORD100539,2025-04-04,CUST00496,Lakshmi Rathi,Ahmedabad,Gujarat,Wild Stone,Wild Stone Code Platinum,Men,3,1510.0,15.2,3841.44,Cash on Delivery,Delivered
ORD100540,2025-04-04,CUST00075,Pooja Naidu,Delhi,Delhi,Burberry,Her,Women,1,5900.0,3.5,5693.5,Cash on Delivery,Delivered
ORD100541,2025-04-04,CUST00397,Kiran Mukherjee,Chennai,Tamil Nadu,Ajmal,Ajmal Wisal,Women,2,1520.0,28.2,2182.72,Cash on Delivery,Delivered
ORD100542,2025-04-04,CUST00963,Nikhil Menon,Indore,Madhya Pradesh,Zara,Zara Unisex Oud,Unisex,2,1540.0,3.4,2975.28,UPI,Delivered
ORD100543,2025-04-04,CUST00397,Kiran Mukherjee,Chennai,Tamil Nadu,Dior,J'adore,Women,2,10050.0,0.7,19959.3,Credit Card,Delivered
ORD100544,2025-04-04,CUST01218,Ashok Gupta,Surat,Gujarat,Zara,Zara Woman Rose,Women,1,2780.0,16.6,2318.52,Net Banking,Cancelled
ORD100545,2025-04-04,CUST00545,Suresh Kumar,Mumbai,Maharashtra,Armani,Si Passione,Women,4,4010.0,4.2,15366.32,Credit Card,Delivered
ORD100546,2025-04-05,CUST00057,Rajesh Shah,Nagpur,Maharashtra,Armani,Code,Men,1,6370.0,15.1,5408.13,Cash on Delivery,Delivered
ORD100547,2025-04-05,CUST01023,Manoj Malhotra,Ahmedabad,Gujarat,Dior,Miss Dior,Women,2,5700.0,1.6,11217.6,Cash on Delivery,Delivered
ORD100548,2025-04-05,CUST00830,Krishna Desai,Pune,Maharashtra,Fogg,Fogg Femme,Women,2,1600.0,29.1,2268.8,Debit Card,Returned
ORD100549,2025-04-05,CUST00654,Nikhil Mukherjee,Chennai,Tamil Nadu,Gucci,Gucci Bloom,Women,2,5690.0,2.8,11061.36,Credit Card,Delivered
ORD100550,2025-04-05,CUST00787,Priya Naidu,Bengaluru,Karnataka,Dior,Sauvage Elixir,Men,1,9950.0,10.8,8875.4,Cash on Delivery,Delivered
ORD100551,2025-04-05,CUST00541,Diya Reddy,Delhi,Delhi,Ajmal,Ajmal Evoke,Unisex,2,940.0,9.0,1710.8,UPI,Delivered
ORD100552,2025-04-05,CUST01215,Sanjay Malhotra,Kochi,Kerala,Gucci,Gucci Guilty,Unisex,1,8390.0,0.6,8339.66,UPI,Delivered
ORD100553,2025-04-06,CUST00280,Preeti Kumar,Chandigarh,Punjab,Chanel,Chanel No. 5,Women,2,5330.0,0.2,10638.68,UPI,Delivered
ORD100554,2025-04-06,CUST00954,Aditya Das,Jaipur,Rajasthan,Wild Stone,Wild Stone Code Platinum,Men,3,900.0,20.5,2146.5,UPI,Delivered
ORD100555,2025-04-06,CUST01070,Deepak Gupta,Mumbai,Maharashtra,Fogg,Fogg Scent Xpressio,Men,2,1540.0,7.0,2864.4,Net Banking,Delivered
ORD100556,2025-04-06,CUST01231,Pari Nair,Patna,Bihar,Gucci,Gucci Flora,Women,1,10880.0,4.7,10368.64,Net Banking,Delivered
ORD100557,2025-04-06,CUST00089,Vikram Agarwal,Patna,Bihar,Wild Stone,Wild Stone Hunter,Men,1,1590.0,25.1,1190.91,UPI,Delivered
ORD100558,2025-04-06,CUST00694,Aadhya Menon,Lucknow,Uttar Pradesh,Wild Stone,Wild Stone Code Platinum,Men,4,1520.0,0.3,6061.76,UPI,Delivered
ORD100559,2025-04-06,CUST00840,Sanjay Reddy,Bengaluru,Karnataka,Wild Stone,Wild Stone Code Platinum,Men,2,1230.0,18.2,2012.28,UPI,Delivered
ORD100560,2025-04-06,CUST01218,Ashok Gupta,Surat,Gujarat,Burberry,Her,Women,2,5620.0,1.9,11026.44,Credit Card,Delivered
ORD100561,2025-04-06,CUST00198,Nikhil Singh,Jaipur,Rajasthan,Zara,Zara Man Gold,Men,1,2390.0,15.7,2014.77,Credit Card,Delivered
ORD100562,2025-04-07,CUST00947,Ashok Menon,Indore,Madhya Pradesh,Ajmal,Ajmal Evoke,Unisex,1,2410.0,1.6,2371.44,Debit Card,Cancelled
ORD100563,2025-04-07,CUST00353,Vivaan Mukherjee,Jaipur,Rajasthan,Armani,Si Passione,Women,1,6360.0,12.7,5552.28,UPI,Delivered
ORD100564,2025-04-07,CUST00876,Priya Agarwal,Bengaluru,Karnataka,Zara,Zara Unisex Oud,Unisex,1,1520.0,12.6,1328.48,Credit Card,Delivered
ORD100565,2025-04-07,CUST00100,Rohan Desai,Kolkata,West Bengal,Wild Stone,Wild Stone Code Platinum,Men,1,1460.0,21.2,1150.48,Cash on Delivery,Delivered
ORD100566,2025-04-08,CUST00487,Amit Nair,Nashik,Maharashtra,Zara,Zara Unisex Oud,Unisex,4,1090.0,28.3,3126.12,Debit Card,Delivered
ORD100567,2025-04-08,CUST00840,Sanjay Reddy,Bengaluru,Karnataka,Calvin Klein,Obsession,Men,2,6230.0,1.1,12322.94,UPI,Delivered
ORD100568,2025-04-08,CUST00573,Aadhya Gupta,Chennai,Tamil Nadu,Armani,Acqua di Gio,Men,1,3840.0,18.8,3118.08,Debit Card,Delivered
ORD100569,2025-04-09,CUST00156,Sai Krishnan,Delhi,Delhi,Tom Ford,Tobacco Vanille,Unisex,4,8860.0,12.8,30903.68,Credit Card,Delivered
ORD100570,2025-04-09,CUST00487,Amit Nair,Nashik,Maharashtra,Fogg,Fogg Scent Xpressio,Men,2,1170.0,3.5,2258.1,UPI,Delivered
ORD100571,2025-04-09,CUST01167,Tanvi Kulkarni,Chennai,Tamil Nadu,Armani,Acqua di Gio,Men,3,6740.0,16.8,16823.04,UPI,Delivered
ORD100572,2025-04-09,CUST00143,Rohan Banerjee,Kolkata,West Bengal,Ajmal,Ajmal Evoke,Unisex,1,1750.0,11.1,1555.75,Credit Card,Delivered
ORD100573,2025-04-10,CUST00154,Anjali Desai,Nashik,Maharashtra,Calvin Klein,Euphoria,Women,2,4740.0,11.9,8351.88,Net Banking,Delivered
ORD100574,2025-04-10,CUST01005,Swati Yadav,Pune,Maharashtra,Ajmal,Ajmal Amber Wood,Men,2,1860.0,21.0,2938.8,UPI,Delivered
ORD100575,2025-04-10,CUST00839,Sai Verma,Kolkata,West Bengal,Zara,Zara Woman Rose,Women,2,2750.0,10.1,4944.5,Cash on Delivery,Delivered
ORD100576,2025-04-10,CUST00109,Vihaan Banerjee,Hyderabad,Telangana,Zara,Zara Man Gold,Men,3,1170.0,23.8,2674.62,Credit Card,Returned
ORD100577,2025-04-11,CUST00397,Kiran Mukherjee,Chennai,Tamil Nadu,Calvin Klein,Obsession,Men,4,5700.0,19.7,18308.4,Debit Card,Returned
ORD100578,2025-04-11,CUST00109,Vihaan Banerjee,Hyderabad,Telangana,Fogg,Fogg Femme,Women,1,1500.0,5.3,1420.5,UPI,Delivered
ORD100579,2025-04-11,CUST00368,Isha Naidu,Chennai,Tamil Nadu,Armani,Si Passione,Women,1,4150.0,6.5,3880.25,Credit Card,Delivered
ORD100580,2025-04-11,CUST00464,Lakshmi Kulkarni,Mumbai,Maharashtra,Ajmal,Ajmal Evoke,Unisex,4,1940.0,22.7,5998.48,UPI,Delivered
ORD100581,2025-04-11,CUST00202,Vivaan Verma,Bengaluru,Karnataka,Gucci,Gucci Guilty,Unisex,1,10610.0,17.8,8721.42,UPI,Delivered
ORD100582,2025-04-11,CUST00181,Ashok Banerjee,Lucknow,Uttar Pradesh,Fogg,Fogg Femme,Women,2,1750.0,7.6,3234.0,Credit Card,Delivered
ORD100583,2025-04-11,CUST00829,Vivaan Joshi,Hyderabad,Telangana,Tom Ford,Black Orchid,Unisex,3,8450.0,6.8,23626.2,Debit Card,Delivered
ORD100584,2025-04-12,CUST00488,Kiran Pillai,Kolkata,West Bengal,Armani,Code,Men,2,6640.0,1.6,13067.52,Net Banking,Delivered
ORD100585,2025-04-12,CUST00847,Manoj Choudhary,Pune,Maharashtra,Fogg,Fogg Scent Xpressio,Men,2,950.0,22.2,1478.2,Debit Card,Delivered
ORD100586,2025-04-12,CUST01010,Anil Pillai,Kolkata,West Bengal,Armani,Acqua di Gio,Men,2,8950.0,16.4,14964.4,UPI,Delivered
ORD100587,2025-04-12,CUST00578,Nikhil Reddy,Chennai,Tamil Nadu,Fogg,Fogg Femme,Women,4,1290.0,16.4,4313.76,Debit Card,Returned
ORD100588,2025-04-12,CUST00129,Rekha Kumar,Surat,Gujarat,Tom Ford,Black Orchid,Unisex,2,6850.0,18.1,11220.3,Net Banking,Delivered
ORD100589,2025-04-13,CUST00111,Preeti Krishnan,Pune,Maharashtra,Zara,Zara Man Gold,Men,1,990.0,8.7,903.87,Net Banking,Delivered
ORD100590,2025-04-13,CUST01048,Swati Gupta,Jaipur,Rajasthan,Calvin Klein,Obsession,Men,2,6500.0,2.0,12740.0,UPI,Delivered
ORD100591,2025-04-13,CUST01214,Ira Singh,Lucknow,Uttar Pradesh,Fogg,Fogg Scent Xpressio,Men,2,1620.0,6.7,3022.92,Cash on Delivery,Delivered
ORD100592,2025-04-13,CUST00211,Sanjay Singh,Kolkata,West Bengal,Zara,Zara Unisex Oud,Unisex,4,1130.0,0.1,4515.48,UPI,Returned
ORD100593,2025-04-13,CUST00220,Anjali Choudhary,Kolkata,West Bengal,Gucci,Gucci Bloom,Women,2,10090.0,19.0,16345.8,Credit Card,Cancelled
ORD100594,2025-04-13,CUST00852,Rahul Mishra,Kolkata,West Bengal,Chanel,Chanel No. 5,Women,5,9010.0,9.0,40995.5,UPI,Delivered
ORD100595,2025-04-14,CUST00425,Anjali Kulkarni,Ahmedabad,Gujarat,Chanel,Chanel No. 5,Women,1,11300.0,9.9,10181.3,Net Banking,Delivered
ORD100596,2025-04-14,CUST01247,Ayaan Reddy,Hyderabad,Telangana,Burberry,Hero,Men,1,6270.0,3.5,6050.55,UPI,Delivered
ORD100597,2025-04-14,CUST00985,Amit Kulkarni,Jaipur,Rajasthan,Wild Stone,Wild Stone Code Platinum,Men,5,1280.0,7.0,5952.0,Cash on Delivery,Delivered
ORD100598,2025-04-14,CUST00154,Anjali Desai,Nashik,Maharashtra,Fogg,Fogg Femme,Women,2,1300.0,4.9,2472.6,Credit Card,Delivered
ORD100599,2025-04-15,CUST00917,Sunita Bansal,Indore,Madhya Pradesh,Zara,Zara Man Gold,Men,5,1750.0,1.6,8610.0,UPI,Delivered
ORD100600,2025-04-15,CUST00627,Suresh Chatterjee,Jaipur,Rajasthan,Armani,Si Passione,Women,2,8260.0,19.2,13348.16,Cash on Delivery,Delivered
ORD100601,2025-04-15,CUST01077,Meera Kumar,Kolkata,West Bengal,Zara,Zara Unisex Oud,Unisex,3,2420.0,9.1,6599.34,UPI,Delivered
ORD100602,2025-04-15,CUST00580,Sanya Naidu,Indore,Madhya Pradesh,Burberry,Hero,Men,5,5930.0,6.9,27604.15,UPI,Delivered
ORD100603,2025-04-16,CUST00075,Pooja Naidu,Delhi,Delhi,Gucci,Gucci Bloom,Women,1,6770.0,10.2,6079.46,Credit Card,Delivered
ORD100604,2025-04-16,CUST00917,Sunita Bansal,Indore,Madhya Pradesh,Calvin Klein,Obsession,Men,1,6810.0,7.0,6333.3,Net Banking,Delivered
ORD100605,2025-04-16,CUST00032,Rekha Mukherjee,Chandigarh,Punjab,Fogg,Fogg Scent Xpressio,Men,2,1540.0,3.9,2959.88,UPI,Returned
ORD100606,2025-04-16,CUST01083,Meera Rathi,Patna,Bihar,Ajmal,Ajmal Evoke,Unisex,2,2880.0,15.6,4861.44,Cash on Delivery,Cancelled
ORD100607,2025-04-16,CUST00309,Yash Joshi,Delhi,Delhi,Fogg,Fogg Scent Xpressio,Men,1,1370.0,6.4,1282.32,Debit Card,Delivered
ORD100608,2025-04-17,CUST01162,Preeti Mishra,Ahmedabad,Gujarat,Chanel,Coco Mademoiselle,Women,2,9950.0,20.2,15880.2,Cash on Delivery,Delivered
ORD100609,2025-04-19,CUST00487,Amit Nair,Nashik,Maharashtra,Ajmal,Ajmal Wisal,Women,1,1100.0,29.0,781.0,Cash on Delivery,Delivered
ORD100610,2025-04-19,CUST00160,Anika Das,Jaipur,Rajasthan,Chanel,Chanel No. 5,Women,4,6350.0,4.3,24307.8,UPI,Delivered
ORD100611,2025-04-19,CUST00753,Lakshmi Choudhary,Mumbai,Maharashtra,Chanel,Bleu de Chanel,Men,1,9040.0,20.5,7186.8,Cash on Delivery,Delivered
ORD100612,2025-04-19,CUST00039,Rahul Rao,Bengaluru,Karnataka,Armani,Si Passione,Women,2,6640.0,6.1,12469.92,Cash on Delivery,Delivered
ORD100613,2025-04-19,CUST00094,Amit Naidu,Bengaluru,Karnataka,Wild Stone,Wild Stone Code Platinum,Men,4,1180.0,2.3,4611.44,Credit Card,Delivered
ORD100614,2025-04-19,CUST00522,Meera Banerjee,Kochi,Kerala,Versace,Eros,Men,2,4220.0,21.1,6659.16,Credit Card,Delivered
ORD100615,2025-04-19,CUST00787,Priya Naidu,Delhi,Delhi,Armani,Code,Men,3,3600.0,9.6,9763.2,UPI,Delivered
ORD100616,2025-04-19,CUST00954,Aditya Das,Jaipur,Rajasthan,Burberry,Her,Women,3,5080.0,4.5,14554.2,UPI,Delivered
ORD100617,2025-04-19,CUST01179,Vivaan Das,Lucknow,Uttar Pradesh,Wild Stone,Wild Stone Code Platinum,Men,1,1510.0,10.7,1348.43,UPI,Delivered
ORD100618,2025-04-19,CUST00578,Nikhil Reddy,Chennai,Tamil Nadu,Wild Stone,Wild Stone Code Platinum,Men,4,1450.0,11.5,5133.0,Credit Card,Returned
ORD100619,2025-04-20,CUST01002,Diya Mehta,Chennai,Tamil Nadu,Dior,Sauvage Elixir,Men,1,7510.0,9.3,6811.57,UPI,Delivered
ORD100620,2025-04-20,CUST00056,Neha Malhotra,Delhi,Delhi,Ajmal,Ajmal Amber Wood,Men,1,2870.0,1.6,2824.08,UPI,Delivered
ORD100621,2025-04-20,CUST01077,Meera Kumar,Kolkata,West Bengal,Zara,Zara Woman Rose,Women,1,1730.0,29.3,1223.11,UPI,Delivered
ORD100622,2025-04-20,CUST00415,Vikram Malhotra,Hyderabad,Telangana,Versace,Eros,Men,1,8660.0,20.0,6928.0,Credit Card,Delivered
ORD100623,2025-04-20,CUST01167,Tanvi Kulkarni,Chennai,Tamil Nadu,Dior,Miss Dior,Women,1,6430.0,12.4,5632.68,Credit Card,Delivered
ORD100624,2025-04-20,CUST00530,Pari Reddy,Lucknow,Uttar Pradesh,Ajmal,Ajmal Amber Wood,Men,2,1040.0,19.1,1682.72,UPI,Delivered
ORD100625,2025-04-20,CUST00542,Tanvi Menon,Indore,Madhya Pradesh,Gucci,Gucci Guilty,Unisex,4,5010.0,10.5,17935.8,UPI,Delivered
ORD100626,2025-04-20,CUST00618,Preeti Shah,Chennai,Tamil Nadu,Armani,Acqua di Gio,Men,3,3990.0,19.1,9683.73,Debit Card,Delivered
ORD100627,2025-04-21,CUST00722,Riya Verma,Surat,Gujarat,Fogg,Fogg Scent Xpressio,Men,1,1210.0,6.9,1126.51,Cash on Delivery,Delivered
ORD100628,2025-04-21,CUST00936,Vihaan Malhotra,Bhopal,Madhya Pradesh,Zara,Zara Man Gold,Men,1,2070.0,0.2,2065.86,Net Banking,Delivered
ORD100629,2025-04-21,CUST00675,Nisha Gupta,Mumbai,Maharashtra,Ajmal,Ajmal Amber Wood,Men,2,870.0,28.7,1240.62,Credit Card,Delivered
ORD100630,2025-04-21,CUST01202,Tanvi Patel,Visakhapatnam,Andhra Pradesh,Ajmal,Ajmal Amber Wood,Men,1,1740.0,3.8,1673.88,Net Banking,Delivered
ORD100631,2025-04-21,CUST00830,Krishna Desai,Pune,Maharashtra,Zara,Zara Man Gold,Men,1,1680.0,18.1,1375.92,UPI,Delivered
ORD100632,2025-04-21,CUST00679,Varun Reddy,Mumbai,Maharashtra,Zara,Zara Man Gold,Men,3,1610.0,24.8,3632.16,Net Banking,Delivered
ORD100633,2025-04-22,CUST00266,Ira Chatterjee,Bengaluru,Karnataka,Zara,Zara Unisex Oud,Unisex,4,1130.0,25.0,3390.0,Net Banking,Delivered
ORD100634,2025-04-23,CUST00542,Tanvi Menon,Indore,Madhya Pradesh,Zara,Zara Man Gold,Men,1,2330.0,0.9,2309.03,Cash on Delivery,Delivered
ORD100635,2025-04-24,CUST00351,Reyansh Menon,Visakhapatnam,Andhra Pradesh,Chanel,Chanel No. 5,Women,4,8450.0,12.8,29473.6,Debit Card,Returned
ORD100636,2025-04-24,CUST00461,Yash Krishnan,Jaipur,Rajasthan,Ajmal,Ajmal Wisal,Women,1,1720.0,5.6,1623.68,Net Banking,Delivered
ORD100637,2025-04-24,CUST00467,Aditi Kulkarni,Indore,Madhya Pradesh,Calvin Klein,CK One,Unisex,2,2770.0,0.0,5540.0,UPI,Delivered
ORD100638,2025-04-24,CUST00368,Isha Naidu,Chennai,Tamil Nadu,Fogg,Fogg Scent Xpressio,Men,1,1210.0,5.7,1141.03,Credit Card,Delivered
ORD100639,2025-04-24,CUST00356,Suresh Naidu,Coimbatore,Tamil Nadu,Chanel,Chanel No. 5,Women,1,7850.0,16.4,6562.6,Credit Card,Delivered
ORD100640,2025-04-24,CUST01209,Sai Mukherjee,Nagpur,Maharashtra,Fogg,Fogg Scent Xpressio,Men,2,1690.0,14.8,2879.76,UPI,Cancelled
ORD100641,2025-04-24,CUST00492,Lakshmi Yadav,Bengaluru,Karnataka,Gucci,Gucci Flora,Women,2,10740.0,6.3,20126.76,Credit Card,Delivered
ORD100642,2025-04-25,CUST00569,Krishna Sharma,Kolkata,West Bengal,Fogg,Fogg Femme,Women,1,1050.0,13.5,908.25,Credit Card,Delivered
ORD100643,2025-04-25,CUST00966,Saanvi Menon,Hyderabad,Telangana,Calvin Klein,Euphoria,Women,2,6030.0,3.3,11662.02,Cash on Delivery,Delivered
ORD100644,2025-04-25,CUST00911,Krishna Agarwal,Coimbatore,Tamil Nadu,Dior,J'adore,Women,1,7550.0,10.7,6742.15,Cash on Delivery,Delivered
ORD100645,2025-04-26,CUST01160,Kavya Mishra,Delhi,Delhi,Zara,Zara Woman Rose,Women,2,2110.0,3.6,4068.08,Net Banking,Delivered
ORD100646,2025-04-26,CUST01121,Ayaan Mukherjee,Bengaluru,Karnataka,Wild Stone,Wild Stone Code Platinum,Men,4,1570.0,15.6,5300.32,Debit Card,Delivered
ORD100647,2025-04-26,CUST00180,Swati Das,Pune,Maharashtra,Ajmal,Ajmal Wisal,Women,1,3160.0,14.9,2689.16,UPI,Delivered
ORD100648,2025-04-27,CUST00484,Sai Krishnan,Chennai,Tamil Nadu,Zara,Zara Man Gold,Men,2,1920.0,2.2,3755.52,Credit Card,Delivered
ORD100649,2025-04-27,CUST00729,Vikram Das,Chennai,Tamil Nadu,Ajmal,Ajmal Wisal,Women,2,2990.0,22.1,4658.42,UPI,Delivered
ORD100650,2025-04-27,CUST00547,Amit Sharma,Delhi,Delhi,Zara,Zara Woman Rose,Women,2,900.0,0.6,1789.2,Debit Card,Delivered
ORD100651,2025-04-28,CUST00429,Aarav Rathi,Indore,Madhya Pradesh,Chanel,Chanel No. 5,Women,1,10810.0,20.3,8615.57,Debit Card,Delivered
ORD100652,2025-04-28,CUST00474,Ishaan Verma,Visakhapatnam,Andhra Pradesh,Ajmal,Ajmal Wisal,Women,3,3130.0,1.3,9267.93,UPI,Returned
ORD100653,2025-04-29,CUST00026,Manoj Patel,Surat,Gujarat,Versace,Bright Crystal,Women,4,9100.0,13.5,31486.0,UPI,Delivered
ORD100654,2025-04-29,CUST00049,Meera Krishnan,Visakhapatnam,Andhra Pradesh,Tom Ford,Tobacco Vanille,Unisex,4,9590.0,9.2,34830.88,Debit Card,Returned
ORD100655,2025-04-30,CUST00533,Meera Mehta,Jaipur,Rajasthan,Versace,Bright Crystal,Women,2,5780.0,20.0,9248.0,Net Banking,Delivered
ORD100656,2025-05-01,CUST00874,Swati Iyer,Chennai,Tamil Nadu,Zara,Zara Unisex Oud,Unisex,4,2100.0,3.7,8089.2,Credit Card,Delivered
ORD100657,2025-05-02,CUST00533,Meera Mehta,Jaipur,Rajasthan,Zara,Zara Man Gold,Men,1,1870.0,8.3,1714.79,UPI,Returned
ORD100658,2025-05-02,CUST00405,Preeti Naidu,Mumbai,Maharashtra,Zara,Zara Man Gold,Men,2,2300.0,4.9,4374.6,Credit Card,Delivered
ORD100659,2025-05-02,CUST01092,Ayaan Rao,Hyderabad,Telangana,Ajmal,Ajmal Wisal,Women,2,1520.0,3.8,2924.48,Cash on Delivery,Delivered
ORD100660,2025-05-02,CUST00963,Nikhil Menon,Indore,Madhya Pradesh,Burberry,Her,Women,4,4440.0,15.8,14953.92,Debit Card,Delivered
ORD100661,2025-05-02,CUST00557,Vihaan Rao,Delhi,Delhi,Ajmal,Ajmal Wisal,Women,3,2140.0,3.1,6220.98,Cash on Delivery,Returned
ORD100662,2025-05-02,CUST00397,Kiran Mukherjee,Chennai,Tamil Nadu,Fogg,Fogg Femme,Women,2,1230.0,13.9,2118.06,UPI,Delivered
ORD100663,2025-05-02,CUST00911,Krishna Agarwal,Coimbatore,Tamil Nadu,Calvin Klein,Obsession,Men,2,6810.0,15.4,11522.52,Debit Card,Delivered
ORD100664,2025-05-03,CUST01084,Sai Yadav,Pune,Maharashtra,Zara,Zara Man Gold,Men,1,2200.0,7.3,2039.4,Credit Card,Returned
ORD100665,2025-05-03,CUST00491,Ananya Menon,Patna,Bihar,Ajmal,Ajmal Evoke,Unisex,1,1430.0,14.3,1225.51,Cash on Delivery,Delivered
ORD100666,2025-05-03,CUST00307,Anil Singh,Ahmedabad,Gujarat,Zara,Zara Woman Rose,Women,1,1760.0,12.3,1543.52,Net Banking,Delivered
ORD100667,2025-05-03,CUST00325,Yash Mukherjee,Pune,Maharashtra,Wild Stone,Wild Stone Code Platinum,Men,2,1590.0,11.4,2817.48,Credit Card,Delivered
ORD100668,2025-05-03,CUST00701,Sunita Rao,Mumbai,Maharashtra,Zara,Zara Woman Rose,Women,2,1770.0,5.3,3352.38,Net Banking,Delivered
ORD100669,2025-05-03,CUST00180,Swati Das,Pune,Maharashtra,Fogg,Fogg Scent Xpressio,Men,4,820.0,28.4,2348.48,UPI,Delivered
ORD100670,2025-05-04,CUST00657,Ishaan Krishnan,Bengaluru,Karnataka,Gucci,Gucci Bloom,Women,4,8530.0,4.0,32755.2,UPI,Delivered
ORD100671,2025-05-04,CUST00492,Lakshmi Yadav,Bengaluru,Karnataka,Fogg,Fogg Scent Xpressio,Men,2,1280.0,5.1,2429.44,UPI,Delivered
ORD100672,2025-05-04,CUST00199,Sanya Mehta,Jaipur,Rajasthan,Ajmal,Ajmal Wisal,Women,2,1790.0,21.4,2813.88,Cash on Delivery,Returned
ORD100673,2025-05-04,CUST01179,Vivaan Das,Lucknow,Uttar Pradesh,Tom Ford,Tobacco Vanille,Unisex,1,10220.0,6.7,9535.26,Cash on Delivery,Cancelled
ORD100674,2025-05-04,CUST01082,Sunil Gupta,Surat,Gujarat,Gucci,Gucci Bloom,Women,4,7770.0,9.3,28189.56,UPI,Delivered
ORD100675,2025-05-04,CUST00062,Vivaan Reddy,Coimbatore,Tamil Nadu,Zara,Zara Unisex Oud,Unisex,1,2130.0,14.2,1827.54,Credit Card,Delivered
ORD100676,2025-05-04,CUST00832,Sanjay Agarwal,Mumbai,Maharashtra,Zara,Zara Man Gold,Men,3,960.0,27.2,2096.64,UPI,Delivered
ORD100677,2025-05-04,CUST00405,Preeti Naidu,Mumbai,Maharashtra,Dior,Miss Dior,Women,2,9540.0,19.0,15454.8,UPI,Delivered
ORD100678,2025-05-04,CUST01077,Meera Kumar,Kolkata,West Bengal,Wild Stone,Wild Stone Code Platinum,Men,1,1080.0,27.1,787.32,UPI,Delivered
ORD100679,2025-05-05,CUST00064,Sai Verma,Bengaluru,Karnataka,Dior,Miss Dior,Women,2,10710.0,9.8,19320.84,UPI,Delivered
ORD100680,2025-05-05,CUST00840,Sanjay Reddy,Bengaluru,Karnataka,Dior,Sauvage Elixir,Men,3,5830.0,1.7,17192.67,UPI,Delivered
ORD100681,2025-05-05,CUST00603,Kavya Naidu,Mumbai,Maharashtra,Armani,Code,Men,1,7330.0,21.2,5776.04,Debit Card,Delivered
ORD100682,2025-05-07,CUST00544,Geeta Mishra,Ahmedabad,Gujarat,Fogg,Fogg Femme,Women,1,1260.0,2.8,1224.72,Debit Card,Delivered
ORD100683,2025-05-07,CUST00726,Rajesh Kulkarni,Kolkata,West Bengal,Dior,Miss Dior,Women,1,6160.0,13.7,5316.08,UPI,Delivered
ORD100684,2025-05-08,CUST00679,Varun Reddy,Mumbai,Maharashtra,Burberry,Hero,Men,4,5260.0,18.5,17147.6,Debit Card,Delivered
ORD100685,2025-05-08,CUST00145,Krishna Gupta,Hyderabad,Telangana,Zara,Zara Woman Rose,Women,1,1070.0,29.3,756.49,UPI,Delivered
ORD100686,2025-05-08,CUST00484,Sai Krishnan,Chennai,Tamil Nadu,Ajmal,Ajmal Wisal,Women,1,1530.0,12.9,1332.63,UPI,Returned
ORD100687,2025-05-08,CUST00057,Rajesh Shah,Nagpur,Maharashtra,Wild Stone,Wild Stone Code Platinum,Men,3,990.0,8.9,2705.67,Net Banking,Delivered
ORD100688,2025-05-08,CUST01218,Ashok Gupta,Surat,Gujarat,Zara,Zara Woman Rose,Women,1,1590.0,10.9,1416.69,UPI,Cancelled
ORD100689,2025-05-08,CUST00057,Rajesh Shah,Nagpur,Maharashtra,Ajmal,Ajmal Amber Wood,Men,1,2970.0,28.5,2123.55,UPI,Delivered
ORD100690,2025-05-09,CUST00596,Vikram Malhotra,Kochi,Kerala,Ajmal,Ajmal Evoke,Unisex,1,1300.0,5.8,1224.6,UPI,Delivered
ORD100691,2025-05-09,CUST00264,Vivaan Malhotra,Hyderabad,Telangana,Zara,Zara Unisex Oud,Unisex,1,2460.0,25.8,1825.32,Cash on Delivery,Delivered
ORD100692,2025-05-09,CUST00467,Aditi Kulkarni,Indore,Madhya Pradesh,Tom Ford,Black Orchid,Unisex,1,11220.0,5.9,10558.02,Debit Card,Delivered
ORD100693,2025-05-10,CUST01179,Vivaan Das,Lucknow,Uttar Pradesh,Calvin Klein,Euphoria,Women,2,4720.0,10.8,8420.48,Credit Card,Delivered
ORD100694,2025-05-10,CUST00573,Aadhya Gupta,Chennai,Tamil Nadu,Zara,Zara Man Gold,Men,2,2150.0,28.2,3087.4,UPI,Delivered
ORD100695,2025-05-10,CUST00617,Sanya Iyer,Chennai,Tamil Nadu,Zara,Zara Unisex Oud,Unisex,1,2200.0,22.8,1698.4,Cash on Delivery,Returned
ORD100696,2025-05-10,CUST00278,Karan Banerjee,Pune,Maharashtra,Fogg,Fogg Femme,Women,2,870.0,13.6,1503.36,Credit Card,Delivered
ORD100697,2025-05-10,CUST00596,Vikram Malhotra,Kochi,Kerala,Calvin Klein,CK One,Unisex,2,2790.0,12.7,4871.34,UPI,Returned
ORD100698,2025-05-10,CUST00842,Anika Chatterjee,Bengaluru,Karnataka,Ajmal,Ajmal Wisal,Women,1,2170.0,18.1,1777.23,UPI,Delivered
ORD100699,2025-05-10,CUST00664,Preeti Menon,Indore,Madhya Pradesh,Calvin Klein,Euphoria,Women,2,4850.0,2.0,9506.0,Credit Card,Delivered
ORD100700,2025-05-11,CUST01240,Ayaan Sharma,Bengaluru,Karnataka,Zara,Zara Unisex Oud,Unisex,2,1260.0,9.8,2273.04,UPI,Cancelled
ORD100701,2025-05-11,CUST00405,Preeti Naidu,Mumbai,Maharashtra,Calvin Klein,Obsession,Men,2,6960.0,0.5,13850.4,Net Banking,Delivered
ORD100702,2025-05-11,CUST00403,Ananya Krishnan,Delhi,Delhi,Chanel,Bleu de Chanel,Men,1,8730.0,19.7,7010.19,Debit Card,Delivered
ORD100703,2025-05-11,CUST00087,Pari Joshi,Chennai,Tamil Nadu,Ajmal,Ajmal Amber Wood,Men,2,2140.0,12.1,3762.12,UPI,Delivered
ORD100704,2025-05-11,CUST00840,Sanjay Reddy,Bengaluru,Karnataka,Wild Stone,Wild Stone Hunter,Men,1,1550.0,17.9,1272.55,Credit Card,Delivered
ORD100705,2025-05-11,CUST00368,Isha Naidu,Chennai,Tamil Nadu,Fogg,Fogg Femme,Women,2,1740.0,16.3,2912.76,UPI,Delivered
ORD100706,2025-05-11,CUST00109,Vihaan Banerjee,Hyderabad,Telangana,Ajmal,Ajmal Evoke,Unisex,1,3050.0,20.7,2418.65,UPI,Delivered
ORD100707,2025-05-12,CUST00580,Sanya Naidu,Indore,Madhya Pradesh,Calvin Klein,CK One,Unisex,1,6980.0,6.8,6505.36,Debit Card,Delivered
ORD100708,2025-05-13,CUST00405,Preeti Naidu,Mumbai,Maharashtra,Zara,Zara Man Gold,Men,1,2190.0,6.3,2052.03,UPI,Returned
ORD100709,2025-05-13,CUST00309,Yash Joshi,Delhi,Delhi,Tom Ford,Black Orchid,Unisex,1,8170.0,2.8,7941.24,Debit Card,Delivered
ORD100710,2025-05-13,CUST00181,Ashok Banerjee,Lucknow,Uttar Pradesh,Ajmal,Ajmal Amber Wood,Men,1,2920.0,21.2,2300.96,Credit Card,Delivered
ORD100711,2025-05-13,CUST00819,Neha Kulkarni,Kolkata,West Bengal,Gucci,Gucci Bloom,Women,2,5950.0,9.6,10757.6,UPI,Delivered
ORD100712,2025-05-14,CUST01097,Divya Rao,Hyderabad,Telangana,Wild Stone,Wild Stone Hunter,Men,2,1160.0,12.1,2039.28,UPI,Delivered
ORD100713,2025-05-14,CUST00596,Vikram Malhotra,Kochi,Kerala,Calvin Klein,CK One,Unisex,4,3380.0,8.1,12424.88,UPI,Delivered
ORD100714,2025-05-14,CUST01062,Ananya Mishra,Lucknow,Uttar Pradesh,Ajmal,Ajmal Amber Wood,Men,2,2170.0,10.0,3906.0,Net Banking,Delivered
ORD100715,2025-05-14,CUST01097,Divya Rao,Hyderabad,Telangana,Zara,Zara Woman Rose,Women,1,2300.0,14.9,1957.3,Debit Card,Delivered
ORD100716,2025-05-14,CUST01097,Divya Rao,Chennai,Tamil Nadu,Zara,Zara Man Gold,Men,1,1040.0,4.1,997.36,Credit Card,Delivered
ORD100717,2025-05-14,CUST00532,Vihaan Yadav,Visakhapatnam,Andhra Pradesh,Ajmal,Ajmal Amber Wood,Men,1,1190.0,28.8,847.28,Credit Card,Delivered
ORD100718,2025-05-14,CUST00150,Swati Das,Nashik,Maharashtra,Calvin Klein,Euphoria,Women,1,5320.0,12.5,4655.0,Cash on Delivery,Delivered
ORD100719,2025-05-14,CUST00094,Amit Naidu,Bengaluru,Karnataka,Fogg,Fogg Femme,Women,1,1280.0,20.1,1022.72,Credit Card,Delivered
ORD100720,2025-05-14,CUST00162,Rohan Das,Surat,Gujarat,Gucci,Gucci Guilty,Unisex,2,8150.0,20.8,12909.6,UPI,Delivered
ORD100721,2025-05-14,CUST00760,Saanvi Agarwal,Mumbai,Maharashtra,Wild Stone,Wild Stone Code Platinum,Men,3,1070.0,29.9,2250.21,UPI,Delivered
ORD100722,2025-05-15,CUST00766,Krishna Singh,Delhi,Delhi,Fogg,Fogg Femme,Women,1,910.0,7.2,844.48,Net Banking,Delivered
ORD100723,2025-05-15,CUST00487,Amit Nair,Nashik,Maharashtra,Zara,Zara Woman Rose,Women,2,1550.0,21.9,2421.1,UPI,Delivered
ORD100724,2025-05-15,CUST00737,Sai Reddy,Mumbai,Maharashtra,Zara,Zara Unisex Oud,Unisex,2,1530.0,7.8,2821.32,UPI,Delivered
ORD100725,2025-05-16,CUST00324,Divya Mishra,Chandigarh,Punjab,Zara,Zara Woman Rose,Women,3,2690.0,21.0,6375.3,Net Banking,Delivered
ORD100726,2025-05-16,CUST00532,Vihaan Yadav,Visakhapatnam,Andhra Pradesh,Calvin Klein,Euphoria,Women,1,5290.0,1.3,5221.23,Credit Card,Cancelled
ORD100727,2025-05-16,CUST00217,Geeta Banerjee,Bhopal,Madhya Pradesh,Dior,Miss Dior,Women,3,9190.0,5.6,26026.08,Net Banking,Delivered
ORD100728,2025-05-19,CUST01179,Vivaan Das,Lucknow,Uttar Pradesh,Calvin Klein,Obsession,Men,2,2880.0,10.2,5172.48,Debit Card,Delivered
ORD100729,2025-05-19,CUST00264,Vivaan Malhotra,Hyderabad,Telangana,Zara,Zara Woman Rose,Women,2,960.0,24.3,1453.44,Debit Card,Delivered
ORD100730,2025-05-19,CUST00154,Anjali Desai,Nashik,Maharashtra,Ajmal,Ajmal Evoke,Unisex,2,2830.0,26.8,4143.12,Cash on Delivery,Delivered
ORD100731,2025-05-19,CUST01040,Meera Choudhary,Mumbai,Maharashtra,Dior,J'adore,Women,1,5460.0,11.9,4810.26,UPI,Delivered
ORD100732,2025-05-20,CUST00026,Manoj Patel,Kolkata,West Bengal,Versace,Eros,Men,2,5310.0,15.7,8952.66,Cash on Delivery,Delivered
ORD100733,2025-05-20,CUST00842,Anika Chatterjee,Bengaluru,Karnataka,Calvin Klein,Euphoria,Women,1,2800.0,2.6,2727.2,Credit Card,Delivered
ORD100734,2025-05-20,CUST00537,Divya Shah,Hyderabad,Telangana,Ajmal,Ajmal Evoke,Unisex,2,2140.0,2.2,4185.84,UPI,Delivered
ORD100735,2025-05-20,CUST00904,Amit Mehta,Hyderabad,Telangana,Wild Stone,Wild Stone Code Platinum,Men,1,1110.0,29.7,780.33,UPI,Delivered
ORD100736,2025-05-21,CUST01245,Ishaan Choudhary,Mumbai,Maharashtra,Burberry,Hero,Men,2,7710.0,3.9,14818.62,Credit Card,Returned
ORD100737,2025-05-21,CUST00435,Myra Krishnan,Kolkata,West Bengal,Ajmal,Ajmal Amber Wood,Men,1,2240.0,18.7,1821.12,UPI,Delivered
ORD100738,2025-05-21,CUST00429,Aarav Rathi,Indore,Madhya Pradesh,Versace,Eros,Men,4,3560.0,8.7,13001.12,UPI,Delivered
ORD100739,2025-05-21,CUST00435,Myra Krishnan,Kolkata,West Bengal,Ajmal,Ajmal Evoke,Unisex,5,2710.0,13.1,11774.95,Cash on Delivery,Delivered
ORD100740,2025-05-22,CUST00205,Rajesh Yadav,Bengaluru,Karnataka,Ajmal,Ajmal Amber Wood,Men,2,2290.0,19.5,3686.9,Cash on Delivery,Delivered
ORD100741,2025-05-22,CUST01127,Rahul Menon,Kolkata,West Bengal,Ajmal,Ajmal Evoke,Unisex,2,3050.0,18.1,4995.9,UPI,Cancelled
ORD100742,2025-05-22,CUST00840,Sanjay Reddy,Bengaluru,Karnataka,Dior,Miss Dior,Women,1,7910.0,13.7,6826.33,UPI,Delivered
ORD100743,2025-05-22,CUST00570,Pari Iyer,Delhi,Delhi,Armani,Si Passione,Women,1,4560.0,5.8,4295.52,UPI,Delivered
ORD100744,2025-05-22,CUST00646,Aditya Desai,Chennai,Tamil Nadu,Versace,Bright Crystal,Women,1,7070.0,13.0,6150.9,UPI,Delivered
ORD100745,2025-05-22,CUST00095,Swati Gupta,Kolkata,West Bengal,Fogg,Fogg Scent Xpressio,Men,3,1590.0,22.6,3691.98,Debit Card,Delivered
ORD100746,2025-05-22,CUST00593,Arjun Iyer,Visakhapatnam,Andhra Pradesh,Ajmal,Ajmal Amber Wood,Men,1,2180.0,18.6,1774.52,Net Banking,Delivered
ORD100747,2025-05-22,CUST00475,Varun Choudhary,Delhi,Delhi,Burberry,Hero,Men,2,5130.0,15.2,8700.48,Cash on Delivery,Delivered
ORD100748,2025-05-23,CUST00954,Aditya Das,Jaipur,Rajasthan,Zara,Zara Unisex Oud,Unisex,4,2280.0,15.8,7679.04,Credit Card,Delivered
ORD100749,2025-05-23,CUST00932,Vivaan Kulkarni,Bengaluru,Karnataka,Wild Stone,Wild Stone Hunter,Men,1,990.0,1.6,974.16,Cash on Delivery,Delivered
ORD100750,2025-05-23,CUST00780,Dhruv Mukherjee,Pune,Maharashtra,Zara,Zara Man Gold,Men,1,1010.0,23.0,777.7,Debit Card,Delivered
ORD100751,2025-05-23,CUST00425,Anjali Kulkarni,Ahmedabad,Gujarat,Fogg,Fogg Femme,Women,1,1240.0,26.4,912.64,UPI,Delivered
ORD100752,2025-05-24,CUST01167,Tanvi Kulkarni,Lucknow,Uttar Pradesh,Ajmal,Ajmal Amber Wood,Men,1,1550.0,20.7,1229.15,UPI,Delivered
ORD100753,2025-05-24,CUST01245,Ishaan Choudhary,Mumbai,Maharashtra,Ajmal,Ajmal Evoke,Unisex,2,2660.0,10.7,4750.76,UPI,Delivered
ORD100754,2025-05-24,CUST00694,Aadhya Menon,Lucknow,Uttar Pradesh,Fogg,Fogg Scent Xpressio,Men,2,1110.0,25.2,1660.56,UPI,Delivered
ORD100755,2025-05-25,CUST00349,Aditya Rathi,Chennai,Tamil Nadu,Zara,Zara Man Gold,Men,1,1600.0,28.6,1142.4,UPI,Returned
ORD100756,2025-05-25,CUST00541,Diya Reddy,Lucknow,Uttar Pradesh,Wild Stone,Wild Stone Hunter,Men,2,1270.0,27.9,1831.34,UPI,Delivered
ORD100757,2025-05-25,CUST01127,Rahul Menon,Kolkata,West Bengal,Gucci,Gucci Guilty,Unisex,1,4400.0,9.3,3990.8,Cash on Delivery,Delivered
ORD100758,2025-05-25,CUST00664,Preeti Menon,Indore,Madhya Pradesh,Gucci,Gucci Guilty,Unisex,1,9850.0,17.8,8096.7,UPI,Delivered
ORD100759,2025-05-25,CUST01145,Meera Desai,Visakhapatnam,Andhra Pradesh,Versace,Dylan Blue,Men,2,6030.0,1.7,11854.98,Credit Card,Delivered
ORD100760,2025-05-26,CUST00917,Sunita Bansal,Indore,Madhya Pradesh,Armani,Acqua di Gio,Men,2,4600.0,13.2,7985.6,UPI,Delivered
ORD100761,2025-05-26,CUST00423,Tanvi Bansal,Chandigarh,Punjab,Ajmal,Ajmal Amber Wood,Men,1,1620.0,20.6,1286.28,UPI,Delivered
ORD100762,2025-05-26,CUST00363,Ira Pillai,Lucknow,Uttar Pradesh,Ajmal,Ajmal Evoke,Unisex,1,2470.0,26.5,1815.45,Cash on Delivery,Delivered
ORD100763,2025-05-26,CUST00773,Neha Agarwal,Ahmedabad,Gujarat,Chanel,Chanel No. 5,Women,1,7320.0,15.7,6170.76,Debit Card,Delivered
ORD100764,2025-05-26,CUST00405,Preeti Naidu,Mumbai,Maharashtra,Calvin Klein,CK One,Unisex,1,6830.0,15.8,5750.86,Credit Card,Delivered
ORD100765,2025-05-27,CUST00365,Rahul Mehta,Delhi,Delhi,Armani,Si Passione,Women,1,5800.0,0.6,5765.2,UPI,Delivered
ORD100766,2025-05-28,CUST01118,Aditya Das,Nashik,Maharashtra,Zara,Zara Woman Rose,Women,2,1760.0,0.9,3488.32,Cash on Delivery,Delivered
ORD100767,2025-05-28,CUST01179,Vivaan Das,Lucknow,Uttar Pradesh,Zara,Zara Woman Rose,Women,1,980.0,27.7,708.54,UPI,Delivered
ORD100768,2025-05-28,CUST00687,Manoj Bansal,Mumbai,Maharashtra,Versace,Dylan Blue,Men,1,3520.0,14.3,3016.64,Debit Card,Delivered
ORD100769,2025-05-28,CUST01167,Tanvi Kulkarni,Chennai,Tamil Nadu,Versace,Eros,Men,1,4880.0,5.8,4596.96,UPI,Delivered
ORD100770,2025-05-28,CUST01240,Ayaan Sharma,Bengaluru,Karnataka,Armani,Si Passione,Women,1,4810.0,2.4,4694.56,Debit Card,Returned
ORD100771,2025-05-28,CUST00383,Sai Naidu,Pune,Maharashtra,Dior,J'adore,Women,1,11640.0,1.2,11500.32,UPI,Delivered
ORD100772,2025-05-28,CUST00328,Varun Yadav,Ahmedabad,Gujarat,Zara,Zara Woman Rose,Women,1,2310.0,28.2,1658.58,Cash on Delivery,Delivered
ORD100773,2025-05-29,CUST00468,Diya Reddy,Jaipur,Rajasthan,Calvin Klein,CK One,Unisex,1,3330.0,16.0,2797.2,Credit Card,Returned
ORD100774,2025-05-29,CUST01179,Vivaan Das,Chennai,Tamil Nadu,Armani,Code,Men,2,3910.0,2.1,7655.78,UPI,Delivered
ORD100775,2025-05-29,CUST00294,Sai Chatterjee,Kolkata,West Bengal,Fogg,Fogg Femme,Women,1,920.0,13.7,793.96,Credit Card,Delivered
ORD100776,2025-05-29,CUST00492,Lakshmi Yadav,Bengaluru,Karnataka,Fogg,Fogg Femme,Women,2,990.0,13.2,1718.64,UPI,Delivered
ORD100777,2025-05-29,CUST01040,Meera Choudhary,Mumbai,Maharashtra,Ajmal,Ajmal Wisal,Women,3,2640.0,14.8,6747.84,UPI,Delivered
ORD100778,2025-05-30,CUST00425,Anjali Kulkarni,Ahmedabad,Gujarat,Ajmal,Ajmal Evoke,Unisex,3,870.0,8.9,2377.71,Credit Card,Delivered
ORD100779,2025-05-30,CUST00533,Meera Mehta,Jaipur,Rajasthan,Tom Ford,Black Orchid,Unisex,1,7040.0,4.3,6737.28,UPI,Delivered
ORD100780,2025-05-30,CUST00026,Manoj Patel,Surat,Gujarat,Ajmal,Ajmal Wisal,Women,1,2530.0,29.2,1791.24,UPI,Delivered
ORD100781,2025-05-30,CUST00475,Varun Choudhary,Delhi,Delhi,Dior,Sauvage Elixir,Men,3,8660.0,0.7,25798.14,Cash on Delivery,Returned
ORD100782,2025-05-30,CUST00670,Deepak Agarwal,Hyderabad,Telangana,Zara,Zara Unisex Oud,Unisex,2,940.0,11.6,1661.92,Debit Card,Delivered
ORD100783,2025-05-31,CUST00068,Ishaan Bansal,Kolkata,West Bengal,Zara,Zara Man Gold,Men,2,2630.0,26.6,3860.84,UPI,Delivered
ORD100784,2025-05-31,CUST00305,Aryan Nair,Lucknow,Uttar Pradesh,Calvin Klein,Euphoria,Women,1,5550.0,8.8,5061.6,UPI,Delivered
ORD100785,2025-05-31,CUST00992,Ramesh Reddy,Lucknow,Uttar Pradesh,Zara,Zara Man Gold,Men,2,2400.0,25.5,3576.0,Debit Card,Delivered
ORD100786,2025-05-31,CUST00384,Myra Nair,Coimbatore,Tamil Nadu,Wild Stone,Wild Stone Code Platinum,Men,2,1550.0,6.6,2895.4,UPI,Delivered
ORD100787,2025-05-31,CUST00062,Vivaan Reddy,Coimbatore,Tamil Nadu,Wild Stone,Wild Stone Hunter,Men,1,990.0,23.9,753.39,UPI,Delivered
ORD100788,2025-05-31,CUST01102,Lakshmi Menon,Hyderabad,Telangana,Calvin Klein,Obsession,Men,2,5470.0,1.1,10819.66,UPI,Delivered
ORD100789,2025-05-31,CUST00855,Deepak Nair,Nashik,Maharashtra,Gucci,Gucci Bloom,Women,1,10980.0,9.0,9991.8,Debit Card,Delivered
ORD100790,2025-05-31,CUST00232,Sunil Yadav,Visakhapatnam,Andhra Pradesh,Chanel,Chanel No. 5,Women,4,11150.0,5.7,42057.8,Net Banking,Returned
ORD100791,2025-06-01,CUST00956,Shreya Sharma,Bengaluru,Karnataka,Versace,Eros,Men,3,4370.0,16.9,10894.41,Credit Card,Delivered
ORD100792,2025-06-01,CUST00396,Sai Yadav,Chandigarh,Punjab,Gucci,Gucci Bloom,Women,2,5340.0,12.9,9302.28,UPI,Delivered
ORD100793,2025-06-01,CUST00484,Sai Krishnan,Chennai,Tamil Nadu,Ajmal,Ajmal Amber Wood,Men,4,1700.0,4.9,6466.8,UPI,Delivered
ORD100794,2025-06-01,CUST00790,Anjali Joshi,Nashik,Maharashtra,Ajmal,Ajmal Evoke,Unisex,4,3140.0,8.4,11504.96,Cash on Delivery,Delivered
ORD100795,2025-06-01,CUST00754,Meera Yadav,Chennai,Tamil Nadu,Chanel,Bleu de Chanel,Men,4,5320.0,11.7,18790.24,Debit Card,Returned
ORD100796,2025-06-02,CUST00201,Yash Das,Bengaluru,Karnataka,Dior,Miss Dior,Women,3,5920.0,6.9,16534.56,UPI,Delivered
ORD100797,2025-06-02,CUST00753,Lakshmi Choudhary,Mumbai,Maharashtra,Dior,J'adore,Women,1,10420.0,0.7,10347.06,Credit Card,Returned
ORD100798,2025-06-02,CUST01234,Shreya Patel,Mumbai,Maharashtra,Ajmal,Ajmal Wisal,Women,1,930.0,27.2,677.04,Credit Card,Delivered
ORD100799,2025-06-03,CUST01153,Arjun Yadav,Delhi,Delhi,Fogg,Fogg Scent Xpressio,Men,3,1670.0,21.3,3942.87,UPI,Delivered
ORD100800,2025-06-03,CUST00868,Ramesh Yadav,Bengaluru,Karnataka,Versace,Dylan Blue,Men,1,9310.0,17.2,7708.68,Net Banking,Delivered
ORD100801,2025-06-03,CUST00985,Amit Kulkarni,Jaipur,Rajasthan,Fogg,Fogg Femme,Women,2,1010.0,6.9,1880.62,UPI,Delivered
ORD100802,2025-06-04,CUST00155,Ramesh Rao,Coimbatore,Tamil Nadu,Burberry,Hero,Men,1,6250.0,10.0,5625.0,Cash on Delivery,Delivered
ORD100803,2025-06-04,CUST00898,Kiran Agarwal,Bhopal,Madhya Pradesh,Ajmal,Ajmal Amber Wood,Men,1,960.0,27.7,694.08,Credit Card,Delivered
ORD100804,2025-06-04,CUST00942,Preeti Malhotra,Chennai,Tamil Nadu,Burberry,Her,Women,2,7710.0,0.9,15281.22,Net Banking,Delivered
ORD100805,2025-06-04,CUST00798,Swati Yadav,Surat,Gujarat,Versace,Dylan Blue,Men,2,6550.0,17.0,10873.0,Credit Card,Delivered
ORD100806,2025-06-04,CUST00573,Aadhya Gupta,Chennai,Tamil Nadu,Wild Stone,Wild Stone Code Platinum,Men,2,1170.0,25.3,1747.98,Net Banking,Delivered
ORD100807,2025-06-04,CUST00330,Anil Nair,Ahmedabad,Gujarat,Calvin Klein,Euphoria,Women,3,4180.0,5.0,11913.0,Credit Card,Delivered
ORD100808,2025-06-05,CUST00467,Aditi Kulkarni,Indore,Madhya Pradesh,Ajmal,Ajmal Amber Wood,Men,1,2520.0,3.3,2436.84,Net Banking,Delivered
ORD100809,2025-06-05,CUST00397,Kiran Mukherjee,Chennai,Tamil Nadu,Fogg,Fogg Femme,Women,1,1070.0,29.2,757.56,Cash on Delivery,Delivered
ORD100810,2025-06-05,CUST00057,Rajesh Shah,Nagpur,Maharashtra,Ajmal,Ajmal Evoke,Unisex,2,3010.0,3.0,5839.4,Debit Card,Delivered
ORD100811,2025-06-06,CUST01097,Divya Rao,Hyderabad,Telangana,Gucci,Gucci Guilty,Unisex,1,4260.0,3.9,4093.86,Cash on Delivery,Delivered
ORD100812,2025-06-06,CUST00992,Ramesh Reddy,Lucknow,Uttar Pradesh,Calvin Klein,Euphoria,Women,1,3410.0,5.2,3232.68,Credit Card,Delivered
ORD100813,2025-06-06,CUST00795,Nikhil Kulkarni,Kochi,Kerala,Burberry,Her,Women,4,5860.0,3.7,22572.72,Cash on Delivery,Delivered
ORD100814,2025-06-06,CUST00596,Vikram Malhotra,Kochi,Kerala,Armani,Si Passione,Women,1,8390.0,12.6,7332.86,Credit Card,Delivered
ORD100815,2025-06-06,CUST00913,Yash Rao,Kolkata,West Bengal,Ajmal,Ajmal Amber Wood,Men,3,3050.0,7.5,8463.75,Credit Card,Delivered
ORD100816,2025-06-06,CUST00487,Amit Nair,Nashik,Maharashtra,Zara,Zara Woman Rose,Women,1,1950.0,4.3,1866.15,UPI,Delivered
ORD100817,2025-06-06,CUST00861,Sunil Das,Delhi,Delhi,Ajmal,Ajmal Amber Wood,Men,4,1000.0,21.9,3124.0,UPI,Returned
ORD100818,2025-06-06,CUST01084,Sai Yadav,Pune,Maharashtra,Zara,Zara Man Gold,Men,2,1570.0,29.3,2219.98,Credit Card,Returned
ORD100819,2025-06-07,CUST00103,Myra Patel,Coimbatore,Tamil Nadu,Versace,Bright Crystal,Women,1,6290.0,12.9,5478.59,Net Banking,Cancelled
ORD100820,2025-06-07,CUST00505,Priya Naidu,Chandigarh,Punjab,Dior,Miss Dior,Women,3,7700.0,13.3,20027.7,UPI,Delivered
ORD100821,2025-06-07,CUST00921,Diya Gupta,Coimbatore,Tamil Nadu,Fogg,Fogg Scent Xpressio,Men,2,1210.0,9.2,2197.36,Cash on Delivery,Delivered
ORD100822,2025-06-07,CUST00533,Meera Mehta,Jaipur,Rajasthan,Burberry,Hero,Men,3,5450.0,5.3,15483.45,UPI,Delivered
ORD100823,2025-06-07,CUST00414,Sanya Gupta,Bengaluru,Karnataka,Ajmal,Ajmal Wisal,Women,1,1230.0,19.6,988.92,UPI,Delivered
ORD100824,2025-06-08,CUST00171,Rekha Kumar,Hyderabad,Telangana,Wild Stone,Wild Stone Code Platinum,Men,3,1320.0,7.0,3682.8,Net Banking,Delivered
ORD100825,2025-06-08,CUST01218,Ashok Gupta,Surat,Gujarat,Calvin Klein,CK One,Unisex,2,2870.0,1.4,5659.64,UPI,Cancelled
ORD100826,2025-06-08,CUST00670,Deepak Agarwal,Hyderabad,Telangana,Burberry,Hero,Men,1,6470.0,15.5,5467.15,Debit Card,Delivered
ORD100827,2025-06-08,CUST01191,Aditya Naidu,Bengaluru,Karnataka,Dior,J'adore,Women,1,10390.0,20.3,8280.83,UPI,Delivered
ORD100828,2025-06-09,CUST00669,Saanvi Malhotra,Delhi,Delhi,Fogg,Fogg Femme,Women,1,870.0,28.3,623.79,Net Banking,Delivered
ORD100829,2025-06-09,CUST00890,Suresh Kumar,Pune,Maharashtra,Calvin Klein,Euphoria,Women,1,3400.0,17.2,2815.2,Cash on Delivery,Delivered
ORD100830,2025-06-09,CUST00537,Divya Shah,Hyderabad,Telangana,Zara,Zara Man Gold,Men,1,1530.0,10.9,1363.23,UPI,Delivered
ORD100831,2025-06-09,CUST00549,Ananya Joshi,Mumbai,Maharashtra,Versace,Bright Crystal,Women,3,8390.0,17.7,20714.91,Credit Card,Delivered
ORD100832,2025-06-09,CUST00799,Aryan Mukherjee,Delhi,Delhi,Burberry,Hero,Men,1,5230.0,16.1,4387.97,UPI,Delivered
ORD100833,2025-06-09,CUST00018,Meera Shah,Indore,Madhya Pradesh,Gucci,Gucci Flora,Women,1,10990.0,21.9,8583.19,UPI,Delivered
ORD100834,2025-06-09,CUST00356,Suresh Naidu,Lucknow,Uttar Pradesh,Wild Stone,Wild Stone Code Platinum,Men,2,1390.0,10.9,2476.98,Cash on Delivery,Delivered
ORD100835,2025-06-10,CUST00453,Anika Iyer,Mumbai,Maharashtra,Versace,Dylan Blue,Men,1,5300.0,7.0,4929.0,Debit Card,Delivered
ORD100836,2025-06-10,CUST00729,Vikram Das,Chennai,Tamil Nadu,Chanel,Bleu de Chanel,Men,1,10480.0,9.0,9536.8,Cash on Delivery,Delivered
ORD100837,2025-06-11,CUST00837,Ashok Mishra,Chandigarh,Punjab,Burberry,Her,Women,1,5910.0,1.3,5833.17,UPI,Delivered
ORD100838,2025-06-11,CUST00227,Kabir Menon,Chennai,Tamil Nadu,Fogg,Fogg Scent Xpressio,Men,1,1460.0,16.7,1216.18,UPI,Delivered
ORD100839,2025-06-11,CUST00711,Pari Rathi,Chennai,Tamil Nadu,Armani,Si Passione,Women,1,6320.0,16.1,5302.48,Cash on Delivery,Delivered
ORD100840,2025-06-11,CUST00128,Diya Shah,Delhi,Delhi,Wild Stone,Wild Stone Code Platinum,Men,1,920.0,16.5,768.2,UPI,Delivered
ORD100841,2025-06-11,CUST00744,Karan Rathi,Surat,Gujarat,Zara,Zara Woman Rose,Women,1,1330.0,13.6,1149.12,Net Banking,Delivered
ORD100842,2025-06-12,CUST00125,Arjun Kumar,Bengaluru,Karnataka,Zara,Zara Unisex Oud,Unisex,2,1800.0,23.8,2743.2,Debit Card,Delivered
ORD100843,2025-06-12,CUST00890,Suresh Kumar,Pune,Maharashtra,Ajmal,Ajmal Amber Wood,Men,1,2690.0,12.4,2356.44,UPI,Delivered
ORD100844,2025-06-12,CUST00311,Amit Verma,Nashik,Maharashtra,Ajmal,Ajmal Wisal,Women,4,2530.0,23.9,7701.32,Cash on Delivery,Cancelled
ORD100845,2025-06-12,CUST00030,Amit Malhotra,Ahmedabad,Gujarat,Ajmal,Ajmal Wisal,Women,1,2700.0,25.8,2003.4,UPI,Cancelled
ORD100846,2025-06-12,CUST00773,Neha Agarwal,Delhi,Delhi,Fogg,Fogg Scent Xpressio,Men,1,990.0,5.5,935.55,Debit Card,Delivered
ORD100847,2025-06-13,CUST01032,Aryan Mishra,Pune,Maharashtra,Dior,Sauvage Elixir,Men,2,9730.0,8.0,17903.2,Credit Card,Delivered
ORD100848,2025-06-13,CUST00458,Sunita Shah,Lucknow,Uttar Pradesh,Gucci,Gucci Bloom,Women,1,7150.0,13.0,6220.5,Credit Card,Delivered
ORD100849,2025-06-14,CUST00642,Sanya Rao,Ahmedabad,Gujarat,Calvin Klein,Obsession,Men,1,4190.0,0.6,4164.86,UPI,Cancelled
ORD100850,2025-06-14,CUST01098,Divya Chatterjee,Bengaluru,Karnataka,Armani,Si Passione,Women,2,4210.0,18.6,6853.88,Credit Card,Delivered
ORD100851,2025-06-14,CUST00096,Anjali Krishnan,Mumbai,Maharashtra,Zara,Zara Woman Rose,Women,5,2440.0,20.8,9662.4,UPI,Delivered
ORD100852,2025-06-14,CUST00954,Aditya Das,Jaipur,Rajasthan,Fogg,Fogg Femme,Women,2,1140.0,19.3,1839.96,UPI,Delivered
ORD100853,2025-06-14,CUST00980,Meera Singh,Delhi,Delhi,Burberry,Her,Women,2,7370.0,4.7,14047.22,UPI,Delivered
ORD100854,2025-06-14,CUST00234,Tanvi Kulkarni,Kolkata,West Bengal,Armani,Code,Men,1,7780.0,11.2,6908.64,Credit Card,Delivered
ORD100855,2025-06-14,CUST00049,Meera Krishnan,Visakhapatnam,Andhra Pradesh,Ajmal,Ajmal Wisal,Women,1,1580.0,9.0,1437.8,Cash on Delivery,Delivered
ORD100856,2025-06-14,CUST01078,Ayaan Sharma,Mumbai,Maharashtra,Zara,Zara Woman Rose,Women,1,2390.0,20.9,1890.49,UPI,Delivered
ORD100857,2025-06-15,CUST00084,Tanvi Yadav,Delhi,Delhi,Fogg,Fogg Femme,Women,1,1750.0,27.1,1275.75,Cash on Delivery,Delivered
ORD100858,2025-06-15,CUST00927,Sneha Gupta,Bhopal,Madhya Pradesh,Ajmal,Ajmal Wisal,Women,3,2310.0,13.0,6029.1,Net Banking,Delivered
ORD100859,2025-06-15,CUST01174,Sneha Rao,Bengaluru,Karnataka,Zara,Zara Woman Rose,Women,2,2050.0,23.6,3132.4,Net Banking,Delivered
ORD100860,2025-06-15,CUST00238,Isha Das,Ahmedabad,Gujarat,Zara,Zara Man Gold,Men,5,2760.0,22.6,10681.2,Net Banking,Delivered
ORD100861,2025-06-16,CUST00580,Sanya Naidu,Indore,Madhya Pradesh,Ajmal,Ajmal Amber Wood,Men,3,1740.0,1.5,5141.7,Net Banking,Delivered
ORD100862,2025-06-16,CUST00280,Preeti Kumar,Chandigarh,Punjab,Armani,Si Passione,Women,1,4540.0,11.7,4008.82,UPI,Delivered
ORD100863,2025-06-16,CUST01026,Aarav Sharma,Pune,Maharashtra,Gucci,Gucci Guilty,Unisex,1,7990.0,10.0,7191.0,Credit Card,Delivered
ORD100864,2025-06-16,CUST00569,Krishna Sharma,Kolkata,West Bengal,Fogg,Fogg Scent Xpressio,Men,2,1690.0,3.4,3265.08,UPI,Delivered
ORD100865,2025-06-16,CUST00523,Pari Naidu,Kochi,Kerala,Ajmal,Ajmal Evoke,Unisex,2,1050.0,11.6,1856.4,UPI,Delivered
ORD100866,2025-06-17,CUST00729,Vikram Das,Chennai,Tamil Nadu,Calvin Klein,Obsession,Men,2,2640.0,3.8,5079.36,Debit Card,Returned
ORD100867,2025-06-18,CUST00384,Myra Nair,Coimbatore,Tamil Nadu,Zara,Zara Woman Rose,Women,5,1830.0,10.0,8235.0,Credit Card,Delivered
ORD100868,2025-06-18,CUST00758,Pooja Desai,Lucknow,Uttar Pradesh,Chanel,Coco Mademoiselle,Women,4,5490.0,15.7,18512.28,Net Banking,Delivered
ORD100869,2025-06-18,CUST00744,Karan Rathi,Hyderabad,Telangana,Zara,Zara Man Gold,Men,3,1340.0,28.7,2866.26,Credit Card,Returned
ORD100870,2025-06-18,CUST00733,Vikram Naidu,Visakhapatnam,Andhra Pradesh,Zara,Zara Unisex Oud,Unisex,2,1030.0,6.3,1930.22,UPI,Delivered
ORD100871,2025-06-18,CUST00642,Sanya Rao,Ahmedabad,Gujarat,Calvin Klein,CK One,Unisex,1,4830.0,21.6,3786.72,UPI,Delivered
ORD100872,2025-06-18,CUST00181,Ashok Banerjee,Lucknow,Uttar Pradesh,Dior,Miss Dior,Women,3,10950.0,12.6,28710.9,Debit Card,Delivered
ORD100873,2025-06-19,CUST00726,Rajesh Kulkarni,Chennai,Tamil Nadu,Burberry,Her,Women,1,4620.0,0.3,4606.14,UPI,Delivered
ORD100874,2025-06-19,CUST00156,Sai Krishnan,Delhi,Delhi,Wild Stone,Wild Stone Hunter,Men,1,1230.0,3.9,1182.03,UPI,Delivered
ORD100875,2025-06-19,CUST00080,Nisha Verma,Nagpur,Maharashtra,Fogg,Fogg Femme,Women,5,870.0,7.4,4028.1,Credit Card,Delivered
ORD100876,2025-06-19,CUST00799,Aryan Mukherjee,Kochi,Kerala,Calvin Klein,Obsession,Men,1,3080.0,4.6,2938.32,Debit Card,Delivered
ORD100877,2025-06-19,CUST00237,Anika Kumar,Lucknow,Uttar Pradesh,Ajmal,Ajmal Amber Wood,Men,2,1840.0,25.8,2730.56,UPI,Delivered
ORD100878,2025-06-20,CUST00842,Anika Chatterjee,Bengaluru,Karnataka,Gucci,Gucci Bloom,Women,2,7320.0,9.7,13219.92,Cash on Delivery,Delivered
ORD100879,2025-06-20,CUST00801,Varun Choudhary,Mumbai,Maharashtra,Calvin Klein,Euphoria,Women,4,6730.0,7.3,24954.84,Cash on Delivery,Returned
ORD100880,2025-06-21,CUST00397,Kiran Mukherjee,Chennai,Tamil Nadu,Fogg,Fogg Scent Xpressio,Men,5,1300.0,7.6,6006.0,Credit Card,Delivered
ORD100881,2025-06-21,CUST00416,Yash Banerjee,Mumbai,Maharashtra,Dior,Sauvage Elixir,Men,1,6570.0,6.2,6162.66,Credit Card,Delivered
ORD100882,2025-06-21,CUST01098,Divya Chatterjee,Bengaluru,Karnataka,Ajmal,Ajmal Evoke,Unisex,1,1140.0,19.5,917.7,Debit Card,Cancelled
ORD100883,2025-06-21,CUST00005,Pari Verma,Mumbai,Maharashtra,Tom Ford,Tobacco Vanille,Unisex,4,8400.0,20.5,26712.0,Debit Card,Delivered
ORD100884,2025-06-21,CUST00115,Krishna Rathi,Pune,Maharashtra,Zara,Zara Woman Rose,Women,1,1900.0,5.4,1797.4,Net Banking,Delivered
ORD100885,2025-06-21,CUST00580,Sanya Naidu,Kochi,Kerala,Wild Stone,Wild Stone Code Platinum,Men,1,1170.0,29.3,827.19,Cash on Delivery,Delivered
ORD100886,2025-06-21,CUST00217,Geeta Banerjee,Bhopal,Madhya Pradesh,Armani,Si Passione,Women,1,7560.0,6.8,7045.92,UPI,Cancelled
ORD100887,2025-06-21,CUST00204,Arjun Naidu,Chennai,Tamil Nadu,Ajmal,Ajmal Evoke,Unisex,1,2910.0,17.9,2389.11,Cash on Delivery,Delivered
ORD100888,2025-06-21,CUST00259,Tanvi Nair,Kolkata,West Bengal,Ajmal,Ajmal Amber Wood,Men,2,2480.0,20.6,3938.24,UPI,Delivered
ORD100889,2025-06-21,CUST01209,Sai Mukherjee,Nagpur,Maharashtra,Wild Stone,Wild Stone Code Platinum,Men,2,1040.0,25.4,1551.68,Credit Card,Delivered
ORD100890,2025-06-22,CUST00204,Arjun Naidu,Chennai,Tamil Nadu,Calvin Klein,Obsession,Men,2,6140.0,0.5,12218.6,Credit Card,Delivered
ORD100891,2025-06-22,CUST00855,Deepak Nair,Jaipur,Rajasthan,Ajmal,Ajmal Wisal,Women,4,1400.0,0.5,5572.0,Credit Card,Delivered
ORD100892,2025-06-22,CUST00676,Dhruv Pillai,Delhi,Delhi,Armani,Si Passione,Women,1,7530.0,19.5,6061.65,Credit Card,Returned
ORD100893,2025-06-23,CUST00737,Sai Reddy,Mumbai,Maharashtra,Ajmal,Ajmal Amber Wood,Men,3,2990.0,19.8,7193.94,UPI,Delivered
ORD100894,2025-06-23,CUST00992,Ramesh Reddy,Lucknow,Uttar Pradesh,Calvin Klein,CK One,Unisex,1,5060.0,2.1,4953.74,Cash on Delivery,Delivered
ORD100895,2025-06-23,CUST00813,Riya Mukherjee,Pune,Maharashtra,Calvin Klein,Obsession,Men,1,6760.0,15.0,5746.0,UPI,Delivered
ORD100896,2025-06-23,CUST00955,Sanya Mukherjee,Coimbatore,Tamil Nadu,Fogg,Fogg Femme,Women,1,1670.0,26.9,1220.77,Debit Card,Returned
ORD100897,2025-06-24,CUST00605,Suresh Krishnan,Nashik,Maharashtra,Zara,Zara Unisex Oud,Unisex,4,2090.0,27.0,6102.8,Credit Card,Delivered
ORD100898,2025-06-24,CUST00522,Meera Banerjee,Kochi,Kerala,Calvin Klein,Euphoria,Women,1,6620.0,5.9,6229.42,Cash on Delivery,Delivered
ORD100899,2025-06-24,CUST00847,Manoj Choudhary,Pune,Maharashtra,Versace,Eros,Men,1,7830.0,1.4,7720.38,UPI,Delivered
ORD100900,2025-06-24,CUST01109,Nikhil Pillai,Jaipur,Rajasthan,Versace,Dylan Blue,Men,2,6460.0,10.3,11589.24,Cash on Delivery,Delivered
ORD100901,2025-06-25,CUST00646,Aditya Desai,Pune,Maharashtra,Ajmal,Ajmal Amber Wood,Men,3,3190.0,0.3,9541.29,UPI,Returned
ORD100902,2025-06-25,CUST00919,Divya Krishnan,Chandigarh,Punjab,Zara,Zara Unisex Oud,Unisex,2,1100.0,10.4,1971.2,Credit Card,Delivered
ORD100903,2025-06-25,CUST00537,Divya Shah,Hyderabad,Telangana,Ajmal,Ajmal Evoke,Unisex,3,1580.0,4.6,4521.96,Credit Card,Delivered
ORD100904,2025-06-25,CUST00868,Ramesh Yadav,Bengaluru,Karnataka,Tom Ford,Tobacco Vanille,Unisex,2,7520.0,19.3,12137.28,UPI,Returned
ORD100905,2025-06-25,CUST01244,Krishna Krishnan,Chennai,Tamil Nadu,Gucci,Gucci Bloom,Women,1,7240.0,20.9,5726.84,Cash on Delivery,Delivered
ORD100906,2025-06-25,CUST00036,Shreya Chatterjee,Hyderabad,Telangana,Versace,Eros,Men,5,7670.0,4.0,36816.0,Credit Card,Returned
ORD100907,2025-06-26,CUST00040,Meera Kumar,Bengaluru,Karnataka,Ajmal,Ajmal Wisal,Women,1,1710.0,25.9,1267.11,UPI,Delivered
ORD100908,2025-06-26,CUST00842,Anika Chatterjee,Bengaluru,Karnataka,Versace,Dylan Blue,Men,1,8630.0,9.0,7853.3,UPI,Delivered
ORD100909,2025-06-26,CUST00992,Ramesh Reddy,Lucknow,Uttar Pradesh,Zara,Zara Man Gold,Men,2,920.0,18.1,1506.96,Net Banking,Delivered
ORD100910,2025-06-26,CUST00401,Kabir Choudhary,Nashik,Maharashtra,Burberry,Her,Women,2,8570.0,9.9,15443.14,Credit Card,Delivered
ORD100911,2025-06-27,CUST00894,Kavya Agarwal,Bengaluru,Karnataka,Versace,Dylan Blue,Men,1,7990.0,9.1,7262.91,UPI,Delivered
ORD100912,2025-06-27,CUST00488,Kiran Pillai,Kolkata,West Bengal,Zara,Zara Man Gold,Men,2,1030.0,6.1,1934.34,UPI,Returned
ORD100913,2025-06-27,CUST00547,Amit Sharma,Delhi,Delhi,Calvin Klein,Obsession,Men,1,3590.0,11.0,3195.1,Credit Card,Delivered
ORD100914,2025-06-27,CUST00886,Anjali Malhotra,Delhi,Delhi,Versace,Eros,Men,1,8420.0,17.8,6921.24,Cash on Delivery,Delivered
ORD100915,2025-06-28,CUST00618,Preeti Shah,Chennai,Tamil Nadu,Versace,Dylan Blue,Men,1,4520.0,7.2,4194.56,UPI,Delivered
ORD100916,2025-06-28,CUST00669,Saanvi Malhotra,Delhi,Delhi,Gucci,Gucci Flora,Women,1,4700.0,17.8,3863.4,UPI,Delivered
ORD100917,2025-06-28,CUST00453,Anika Iyer,Bengaluru,Karnataka,Ajmal,Ajmal Wisal,Women,1,2080.0,2.6,2025.92,UPI,Delivered
ORD100918,2025-06-28,CUST00542,Tanvi Menon,Indore,Madhya Pradesh,Ajmal,Ajmal Amber Wood,Men,1,990.0,0.4,986.04,Credit Card,Delivered
ORD100919,2025-06-28,CUST01215,Sanjay Malhotra,Kochi,Kerala,Ajmal,Ajmal Wisal,Women,2,2430.0,17.2,4024.08,Cash on Delivery,Delivered
ORD100920,2025-06-28,CUST00437,Tanvi Shah,Patna,Bihar,Tom Ford,Black Orchid,Unisex,1,8150.0,11.1,7245.35,Debit Card,Delivered
ORD100921,2025-06-28,CUST00091,Ananya Das,Nagpur,Maharashtra,Ajmal,Ajmal Evoke,Unisex,3,880.0,8.7,2410.32,Debit Card,Delivered
ORD100922,2025-06-28,CUST01109,Nikhil Pillai,Jaipur,Rajasthan,Fogg,Fogg Femme,Women,2,1020.0,20.7,1617.72,Cash on Delivery,Delivered
ORD100923,2025-06-28,CUST00429,Aarav Rathi,Indore,Madhya Pradesh,Ajmal,Ajmal Evoke,Unisex,1,2810.0,11.7,2481.23,Cash on Delivery,Delivered
ORD100924,2025-06-29,CUST00532,Vihaan Yadav,Visakhapatnam,Andhra Pradesh,Versace,Dylan Blue,Men,1,7350.0,6.3,6886.95,UPI,Delivered
ORD100925,2025-06-29,CUST00368,Isha Naidu,Chennai,Tamil Nadu,Zara,Zara Man Gold,Men,1,2600.0,29.5,1833.0,UPI,Delivered
ORD100926,2025-06-29,CUST00112,Vihaan Singh,Mumbai,Maharashtra,Ajmal,Ajmal Wisal,Women,2,1540.0,12.6,2691.92,Credit Card,Delivered
ORD100927,2025-06-29,CUST00650,Sai Shah,Nashik,Maharashtra,Zara,Zara Woman Rose,Women,1,910.0,3.1,881.79,UPI,Delivered
ORD100928,2025-06-30,CUST00766,Krishna Singh,Delhi,Delhi,Versace,Bright Crystal,Women,1,8100.0,3.8,7792.2,Cash on Delivery,Returned
ORD100929,2025-06-30,CUST00331,Rahul Bansal,Chennai,Tamil Nadu,Armani,Si Passione,Women,1,4810.0,10.8,4290.52,UPI,Delivered
ORD100930,2025-06-30,CUST00660,Kiran Singh,Nagpur,Maharashtra,Wild Stone,Wild Stone Code Platinum,Men,1,1140.0,24.1,865.26,Net Banking,Delivered
ORD100931,2025-06-30,CUST00523,Pari Naidu,Hyderabad,Telangana,Versace,Eros,Men,1,4650.0,5.8,4380.3,Credit Card,Delivered
ORD100932,2025-06-30,CUST01183,Sunil Choudhary,Pune,Maharashtra,Gucci,Gucci Guilty,Unisex,5,5540.0,5.1,26287.3,Net Banking,Delivered
ORD100933,2025-06-30,CUST00194,Saanvi Naidu,Kolkata,West Bengal,Fogg,Fogg Femme,Women,1,1600.0,19.8,1283.2,Credit Card,Delivered
ORD100934,2025-07-01,CUST00617,Sanya Iyer,Chennai,Tamil Nadu,Ajmal,Ajmal Evoke,Unisex,1,1200.0,20.0,960.0,Cash on Delivery,Delivered
ORD100935,2025-07-01,CUST00187,Ira Chatterjee,Hyderabad,Telangana,Ajmal,Ajmal Evoke,Unisex,1,1800.0,12.1,1582.2,UPI,Delivered
ORD100936,2025-07-01,CUST00168,Ira Mehta,Hyderabad,Telangana,Zara,Zara Man Gold,Men,3,1520.0,7.7,4208.88,Credit Card,Cancelled
ORD100937,2025-07-01,CUST00868,Ramesh Yadav,Bengaluru,Karnataka,Fogg,Fogg Femme,Women,1,990.0,23.0,762.3,UPI,Delivered
ORD100938,2025-07-01,CUST00286,Manoj Kulkarni,Hyderabad,Telangana,Calvin Klein,Euphoria,Women,3,4940.0,7.6,13693.68,Debit Card,Delivered
ORD100939,2025-07-02,CUST00737,Sai Reddy,Delhi,Delhi,Calvin Klein,CK One,Unisex,2,3460.0,7.5,6401.0,UPI,Cancelled
ORD100940,2025-07-03,CUST00171,Rekha Kumar,Hyderabad,Telangana,Chanel,Bleu de Chanel,Men,3,6220.0,6.6,17428.44,Debit Card,Delivered
ORD100941,2025-07-03,CUST00513,Deepak Malhotra,Kolkata,West Bengal,Burberry,Her,Women,1,5440.0,9.0,4950.4,Debit Card,Delivered
ORD100942,2025-07-03,CUST01179,Vivaan Das,Lucknow,Uttar Pradesh,Dior,Miss Dior,Women,2,7940.0,12.9,13831.48,Cash on Delivery,Delivered
ORD100943,2025-07-03,CUST00728,Vivaan Rao,Nagpur,Maharashtra,Fogg,Fogg Femme,Women,1,1620.0,26.3,1193.94,UPI,Delivered
ORD100944,2025-07-04,CUST01167,Tanvi Kulkarni,Chennai,Tamil Nadu,Ajmal,Ajmal Amber Wood,Men,1,1690.0,1.3,1668.03,Cash on Delivery,Delivered
ORD100945,2025-07-04,CUST00049,Meera Krishnan,Visakhapatnam,Andhra Pradesh,Ajmal,Ajmal Amber Wood,Men,2,1320.0,3.7,2542.32,UPI,Delivered
ORD100946,2025-07-04,CUST00729,Vikram Das,Chennai,Tamil Nadu,Ajmal,Ajmal Wisal,Women,2,2240.0,24.5,3382.4,Cash on Delivery,Delivered
ORD100947,2025-07-04,CUST00032,Rekha Mukherjee,Delhi,Delhi,Ajmal,Ajmal Amber Wood,Men,1,2090.0,17.0,1734.7,Debit Card,Delivered
ORD100948,2025-07-04,CUST01145,Meera Desai,Nagpur,Maharashtra,Gucci,Gucci Guilty,Unisex,2,5200.0,0.1,10389.6,Cash on Delivery,Delivered
ORD100949,2025-07-05,CUST00121,Ishaan Bansal,Ahmedabad,Gujarat,Armani,Si Passione,Women,1,8900.0,4.7,8481.7,Credit Card,Delivered
ORD100950,2025-07-05,CUST00055,Rahul Singh,Lucknow,Uttar Pradesh,Armani,Si Passione,Women,3,7230.0,15.2,18393.12,Debit Card,Delivered
ORD100951,2025-07-05,CUST00429,Aarav Rathi,Jaipur,Rajasthan,Chanel,Coco Mademoiselle,Women,1,7320.0,18.3,5980.44,Cash on Delivery,Delivered
ORD100952,2025-07-06,CUST00026,Manoj Patel,Surat,Gujarat,Gucci,Gucci Guilty,Unisex,1,10190.0,12.7,8895.87,UPI,Cancelled
ORD100953,2025-07-06,CUST00484,Sai Krishnan,Chennai,Tamil Nadu,Wild Stone,Wild Stone Code Platinum,Men,3,1480.0,22.7,3432.12,Credit Card,Delivered
ORD100954,2025-07-06,CUST00799,Aryan Mukherjee,Delhi,Delhi,Ajmal,Ajmal Wisal,Women,2,1600.0,29.6,2252.8,Debit Card,Delivered
ORD100955,2025-07-06,CUST01098,Divya Chatterjee,Bengaluru,Karnataka,Versace,Dylan Blue,Men,1,7010.0,10.6,6266.94,Credit Card,Returned
ORD100956,2025-07-06,CUST00563,Nikhil Bansal,Jaipur,Rajasthan,Zara,Zara Unisex Oud,Unisex,2,2120.0,1.1,4193.36,Credit Card,Delivered
ORD100957,2025-07-06,CUST00205,Rajesh Yadav,Bengaluru,Karnataka,Ajmal,Ajmal Wisal,Women,2,2210.0,4.9,4203.42,UPI,Cancelled
ORD100958,2025-07-07,CUST00522,Meera Banerjee,Bengaluru,Karnataka,Tom Ford,Black Orchid,Unisex,1,9700.0,14.7,8274.1,Credit Card,Delivered
ORD100959,2025-07-07,CUST00109,Vihaan Banerjee,Hyderabad,Telangana,Wild Stone,Wild Stone Code Platinum,Men,1,1050.0,9.4,951.3,Credit Card,Delivered
ORD100960,2025-07-07,CUST01084,Sai Yadav,Pune,Maharashtra,Wild Stone,Wild Stone Code Platinum,Men,1,1410.0,25.9,1044.81,Net Banking,Returned
ORD100961,2025-07-07,CUST00363,Ira Pillai,Lucknow,Uttar Pradesh,Zara,Zara Unisex Oud,Unisex,1,1010.0,24.7,760.53,UPI,Delivered
ORD100962,2025-07-07,CUST00457,Preeti Pillai,Visakhapatnam,Andhra Pradesh,Armani,Si Passione,Women,2,5130.0,18.7,8341.38,Credit Card,Returned
ORD100963,2025-07-08,CUST00396,Sai Yadav,Chennai,Tamil Nadu,Zara,Zara Woman Rose,Women,2,1290.0,0.3,2572.26,Credit Card,Delivered
ORD100964,2025-07-08,CUST00748,Nikhil Rathi,Hyderabad,Telangana,Ajmal,Ajmal Evoke,Unisex,2,3020.0,2.0,5919.2,UPI,Delivered
ORD100965,2025-07-08,CUST00401,Kabir Choudhary,Nashik,Maharashtra,Chanel,Chanel No. 5,Women,1,11620.0,12.2,10202.36,UPI,Delivered
ORD100966,2025-07-08,CUST00806,Vikram Choudhary,Hyderabad,Telangana,Armani,Si Passione,Women,3,5310.0,14.3,13652.01,Debit Card,Delivered
ORD100967,2025-07-08,CUST00030,Amit Malhotra,Ahmedabad,Gujarat,Ajmal,Ajmal Amber Wood,Men,1,2340.0,28.3,1677.78,Net Banking,Delivered
ORD100968,2025-07-08,CUST00368,Isha Naidu,Chennai,Tamil Nadu,Versace,Bright Crystal,Women,1,6630.0,10.5,5933.85,UPI,Delivered
ORD100969,2025-07-09,CUST00213,Krishna Naidu,Ahmedabad,Gujarat,Wild Stone,Wild Stone Hunter,Men,1,1030.0,28.0,741.6,Cash on Delivery,Delivered
ORD100970,2025-07-09,CUST00904,Amit Mehta,Hyderabad,Telangana,Zara,Zara Man Gold,Men,2,2510.0,10.2,4507.96,UPI,Delivered
ORD100971,2025-07-09,CUST00618,Preeti Shah,Chennai,Tamil Nadu,Zara,Zara Unisex Oud,Unisex,1,1360.0,11.0,1210.4,UPI,Delivered
ORD100972,2025-07-09,CUST00368,Isha Naidu,Chennai,Tamil Nadu,Chanel,Chanel No. 5,Women,1,11350.0,17.9,9318.35,UPI,Delivered
ORD100973,2025-07-11,CUST00401,Kabir Choudhary,Nashik,Maharashtra,Fogg,Fogg Femme,Women,2,1050.0,9.2,1906.8,Credit Card,Delivered
ORD100974,2025-07-11,CUST00715,Pooja Patel,Chandigarh,Punjab,Gucci,Gucci Bloom,Women,5,9040.0,9.4,40951.2,UPI,Delivered
ORD100975,2025-07-11,CUST00484,Sai Krishnan,Chennai,Tamil Nadu,Fogg,Fogg Femme,Women,2,1180.0,21.6,1850.24,UPI,Delivered
ORD100976,2025-07-12,CUST00917,Sunita Bansal,Indore,Madhya Pradesh,Versace,Dylan Blue,Men,1,6150.0,7.0,5719.5,Cash on Delivery,Delivered
ORD100977,2025-07-12,CUST00573,Aadhya Gupta,Chennai,Tamil Nadu,Dior,J'adore,Women,1,11020.0,12.6,9631.48,Cash on Delivery,Delivered
ORD100978,2025-07-12,CUST01034,Ira Gupta,Chennai,Tamil Nadu,Zara,Zara Unisex Oud,Unisex,1,1270.0,9.5,1149.35,Credit Card,Cancelled
ORD100979,2025-07-12,CUST01081,Aarav Shah,Chennai,Tamil Nadu,Tom Ford,Black Orchid,Unisex,1,6850.0,4.4,6548.6,Cash on Delivery,Returned
ORD100980,2025-07-12,CUST00964,Ashok Yadav,Hyderabad,Telangana,Calvin Klein,Euphoria,Women,2,2910.0,10.2,5226.36,UPI,Delivered
ORD100981,2025-07-13,CUST00049,Meera Krishnan,Visakhapatnam,Andhra Pradesh,Gucci,Gucci Guilty,Unisex,4,9820.0,16.5,32798.8,Credit Card,Delivered
ORD100982,2025-07-13,CUST00487,Amit Nair,Bengaluru,Karnataka,Ajmal,Ajmal Evoke,Unisex,3,990.0,22.9,2289.87,Debit Card,Delivered
ORD100983,2025-07-13,CUST00456,Amit Pillai,Delhi,Delhi,Zara,Zara Man Gold,Men,1,1490.0,22.6,1153.26,UPI,Delivered
ORD100984,2025-07-13,CUST00523,Pari Naidu,Kochi,Kerala,Wild Stone,Wild Stone Hunter,Men,1,1000.0,18.4,816.0,Credit Card,Delivered
ORD100985,2025-07-13,CUST00611,Priya Singh,Delhi,Delhi,Ajmal,Ajmal Evoke,Unisex,2,1400.0,26.2,2066.4,UPI,Delivered
ORD100986,2025-07-13,CUST01167,Tanvi Kulkarni,Chennai,Tamil Nadu,Calvin Klein,CK One,Unisex,2,4520.0,17.4,7467.04,UPI,Delivered
ORD100987,2025-07-13,CUST00181,Ashok Banerjee,Lucknow,Uttar Pradesh,Armani,Acqua di Gio,Men,1,5000.0,17.8,4110.0,UPI,Delivered
ORD100988,2025-07-14,CUST01179,Vivaan Das,Lucknow,Uttar Pradesh,Zara,Zara Woman Rose,Women,2,1050.0,13.8,1810.2,UPI,Delivered
ORD100989,2025-07-14,CUST00754,Meera Yadav,Chennai,Tamil Nadu,Wild Stone,Wild Stone Hunter,Men,4,930.0,25.9,2756.52,Cash on Delivery,Delivered
ORD100990,2025-07-14,CUST00830,Krishna Desai,Pune,Maharashtra,Wild Stone,Wild Stone Code Platinum,Men,1,1200.0,28.9,853.2,UPI,Delivered
ORD100991,2025-07-14,CUST00890,Suresh Kumar,Pune,Maharashtra,Wild Stone,Wild Stone Hunter,Men,1,1410.0,22.4,1094.16,Credit Card,Delivered
ORD100992,2025-07-15,CUST00964,Ashok Yadav,Hyderabad,Telangana,Zara,Zara Unisex Oud,Unisex,2,2410.0,9.7,4352.46,Credit Card,Delivered
ORD100993,2025-07-15,CUST00532,Vihaan Yadav,Visakhapatnam,Andhra Pradesh,Versace,Bright Crystal,Women,5,5790.0,11.3,25678.65,Debit Card,Delivered
ORD100994,2025-07-15,CUST00469,Priya Sharma,Ahmedabad,Gujarat,Calvin Klein,Obsession,Men,1,5910.0,12.0,5200.8,Credit Card,Delivered
ORD100995,2025-07-16,CUST00181,Ashok Banerjee,Ahmedabad,Gujarat,Zara,Zara Woman Rose,Women,1,1190.0,3.8,1144.78,Cash on Delivery,Delivered
ORD100996,2025-07-17,CUST00830,Krishna Desai,Pune,Maharashtra,Calvin Klein,Euphoria,Women,4,3660.0,14.0,12590.4,Debit Card,Delivered
ORD100997,2025-07-18,CUST01209,Sai Mukherjee,Nagpur,Maharashtra,Fogg,Fogg Femme,Women,3,1250.0,5.2,3555.0,UPI,Delivered
ORD100998,2025-07-19,CUST00397,Kiran Mukherjee,Chennai,Tamil Nadu,Fogg,Fogg Femme,Women,1,1410.0,2.3,1377.57,UPI,Delivered
ORD100999,2025-07-19,CUST00337,Arjun Bansal,Bengaluru,Karnataka,Fogg,Fogg Scent Xpressio,Men,2,940.0,0.2,1876.24,Credit Card,Delivered
ORD101000,2025-07-19,CUST00154,Anjali Desai,Nashik,Maharashtra,Ajmal,Ajmal Amber Wood,Men,2,1170.0,21.6,1834.56,Debit Card,Delivered
ORD101001,2025-07-19,CUST01203,Neha Rathi,Jaipur,Rajasthan,Fogg,Fogg Scent Xpressio,Men,4,810.0,0.5,3223.8,Cash on Delivery,Delivered
ORD101002,2025-07-19,CUST01062,Ananya Mishra,Lucknow,Uttar Pradesh,Chanel,Coco Mademoiselle,Women,3,10080.0,21.1,23859.36,Debit Card,Delivered
ORD101003,2025-07-20,CUST01179,Vivaan Das,Lucknow,Uttar Pradesh,Zara,Zara Man Gold,Men,2,2660.0,14.3,4559.24,Cash on Delivery,Delivered
ORD101004,2025-07-20,CUST00626,Kabir Malhotra,Nashik,Maharashtra,Ajmal,Ajmal Amber Wood,Men,3,1700.0,17.5,4207.5,Cash on Delivery,Returned
ORD101005,2025-07-20,CUST00082,Manoj Choudhary,Bengaluru,Karnataka,Calvin Klein,Euphoria,Women,1,5380.0,7.2,4992.64,Credit Card,Returned
ORD101006,2025-07-20,CUST01071,Kabir Kulkarni,Surat,Gujarat,Gucci,Gucci Guilty,Unisex,1,6860.0,13.0,5968.2,Credit Card,Delivered
ORD101007,2025-07-20,CUST01121,Ayaan Mukherjee,Bengaluru,Karnataka,Wild Stone,Wild Stone Code Platinum,Men,1,1540.0,26.7,1128.82,UPI,Delivered
ORD101008,2025-07-21,CUST00590,Kabir Menon,Delhi,Delhi,Gucci,Gucci Bloom,Women,4,7960.0,10.0,28656.0,Debit Card,Delivered
ORD101009,2025-07-22,CUST00038,Preeti Agarwal,Kolkata,West Bengal,Chanel,Coco Mademoiselle,Women,2,8050.0,15.2,13652.8,UPI,Delivered
ORD101010,2025-07-22,CUST00881,Aditya Malhotra,Coimbatore,Tamil Nadu,Ajmal,Ajmal Evoke,Unisex,2,2990.0,27.4,4341.48,Credit Card,Delivered
ORD101011,2025-07-23,CUST00280,Preeti Kumar,Chandigarh,Punjab,Armani,Acqua di Gio,Men,1,6300.0,13.9,5424.3,UPI,Delivered
ORD101012,2025-07-23,CUST00954,Aditya Das,Jaipur,Rajasthan,Armani,Si Passione,Women,1,7290.0,3.7,7020.27,Net Banking,Delivered
ORD101013,2025-07-23,CUST00572,Meera Pillai,Jaipur,Rajasthan,Zara,Zara Woman Rose,Women,2,2140.0,19.0,3466.8,Net Banking,Delivered
ORD101014,2025-07-23,CUST00416,Yash Banerjee,Lucknow,Uttar Pradesh,Burberry,Hero,Men,1,5060.0,6.4,4736.16,UPI,Delivered
ORD101015,2025-07-25,CUST00836,Priya Iyer,Pune,Maharashtra,Calvin Klein,CK One,Unisex,2,6160.0,7.4,11408.32,UPI,Delivered
ORD101016,2025-07-25,CUST00044,Anil Verma,Nagpur,Maharashtra,Chanel,Chanel No. 5,Women,1,9730.0,20.7,7715.89,Debit Card,Delivered
ORD101017,2025-07-25,CUST01071,Kabir Kulkarni,Surat,Gujarat,Ajmal,Ajmal Evoke,Unisex,2,2350.0,24.6,3543.8,UPI,Delivered
ORD101018,2025-07-25,CUST00646,Aditya Desai,Chennai,Tamil Nadu,Zara,Zara Unisex Oud,Unisex,2,1770.0,17.0,2938.2,Cash on Delivery,Returned
ORD101019,2025-07-25,CUST01098,Divya Chatterjee,Bengaluru,Karnataka,Fogg,Fogg Scent Xpressio,Men,4,1050.0,3.0,4074.0,UPI,Delivered
ORD101020,2025-07-26,CUST01071,Kabir Kulkarni,Surat,Gujarat,Zara,Zara Woman Rose,Women,3,2710.0,4.2,7788.54,UPI,Delivered
ORD101021,2025-07-26,CUST00213,Krishna Naidu,Delhi,Delhi,Armani,Code,Men,1,3570.0,7.7,3295.11,Debit Card,Delivered
ORD101022,2025-07-26,CUST00694,Aadhya Menon,Lucknow,Uttar Pradesh,Chanel,Coco Mademoiselle,Women,3,9510.0,8.1,26219.07,Debit Card,Delivered
ORD101023,2025-07-28,CUST00305,Aryan Nair,Chennai,Tamil Nadu,Wild Stone,Wild Stone Code Platinum,Men,2,1270.0,12.9,2212.34,UPI,Returned
ORD101024,2025-07-28,CUST00942,Preeti Malhotra,Pune,Maharashtra,Versace,Dylan Blue,Men,1,4630.0,17.8,3805.86,Debit Card,Delivered
ORD101025,2025-07-28,CUST00550,Anjali Rao,Pune,Maharashtra,Ajmal,Ajmal Evoke,Unisex,1,2790.0,6.3,2614.23,Debit Card,Cancelled
ORD101026,2025-07-29,CUST00429,Aarav Rathi,Indore,Madhya Pradesh,Zara,Zara Man Gold,Men,2,1470.0,16.2,2463.72,Net Banking,Delivered
ORD101027,2025-07-29,CUST00075,Pooja Naidu,Jaipur,Rajasthan,Wild Stone,Wild Stone Hunter,Men,3,1110.0,25.9,2467.53,Debit Card,Delivered
ORD101028,2025-07-29,CUST00154,Anjali Desai,Nashik,Maharashtra,Armani,Code,Men,3,5760.0,4.4,16519.68,UPI,Delivered
ORD101029,2025-07-30,CUST01058,Ramesh Rao,Chandigarh,Punjab,Versace,Eros,Men,3,7870.0,15.1,20044.89,Credit Card,Returned
ORD101030,2025-07-30,CUST00537,Divya Shah,Hyderabad,Telangana,Versace,Bright Crystal,Women,1,7320.0,11.1,6507.48,Credit Card,Delivered
ORD101031,2025-07-30,CUST00985,Amit Kulkarni,Jaipur,Rajasthan,Zara,Zara Unisex Oud,Unisex,3,1550.0,5.8,4380.3,UPI,Delivered
ORD101032,2025-07-30,CUST00099,Swati Mukherjee,Nagpur,Maharashtra,Tom Ford,Tobacco Vanille,Unisex,2,10490.0,9.0,19091.8,Cash on Delivery,Delivered
ORD101033,2025-07-31,CUST00032,Rekha Mukherjee,Chennai,Tamil Nadu,Armani,Acqua di Gio,Men,2,5190.0,8.3,9518.46,Credit Card,Returned
ORD101034,2025-07-31,CUST01141,Vivaan Krishnan,Indore,Madhya Pradesh,Burberry,Her,Women,2,3810.0,12.1,6697.98,Cash on Delivery,Cancelled
ORD101035,2025-07-31,CUST00347,Ira Patel,Kolkata,West Bengal,Ajmal,Ajmal Evoke,Unisex,1,2470.0,0.2,2465.06,UPI,Delivered
ORD101036,2025-07-31,CUST00611,Priya Singh,Delhi,Delhi,Dior,J'adore,Women,2,9410.0,6.5,17596.7,Credit Card,Delivered
ORD101037,2025-07-31,CUST00217,Geeta Banerjee,Bhopal,Madhya Pradesh,Calvin Klein,Obsession,Men,1,3270.0,11.8,2884.14,UPI,Delivered
ORD101038,2025-08-01,CUST00205,Rajesh Yadav,Bengaluru,Karnataka,Ajmal,Ajmal Amber Wood,Men,3,2490.0,3.3,7223.49,Credit Card,Delivered
ORD101039,2025-08-01,CUST00753,Lakshmi Choudhary,Mumbai,Maharashtra,Burberry,Her,Women,2,4750.0,11.4,8417.0,Cash on Delivery,Delivered
ORD101040,2025-08-01,CUST00732,Tanvi Verma,Kolkata,West Bengal,Calvin Klein,Euphoria,Women,4,6160.0,17.1,20426.56,UPI,Returned
ORD101041,2025-08-02,CUST00547,Amit Sharma,Delhi,Delhi,Fogg,Fogg Femme,Women,3,860.0,5.7,2432.94,Debit Card,Delivered
ORD101042,2025-08-02,CUST00416,Yash Banerjee,Mumbai,Maharashtra,Armani,Acqua di Gio,Men,2,7680.0,5.1,14576.64,UPI,Delivered
ORD101043,2025-08-02,CUST00220,Anjali Choudhary,Kolkata,West Bengal,Gucci,Gucci Bloom,Women,1,10320.0,8.4,9453.12,Credit Card,Delivered
ORD101044,2025-08-03,CUST01218,Ashok Gupta,Surat,Gujarat,Ajmal,Ajmal Evoke,Unisex,1,2300.0,9.6,2079.2,Credit Card,Delivered
ORD101045,2025-08-03,CUST00199,Sanya Mehta,Mumbai,Maharashtra,Versace,Bright Crystal,Women,3,8710.0,5.6,24666.72,UPI,Returned
ORD101046,2025-08-03,CUST00834,Lakshmi Mukherjee,Pune,Maharashtra,Armani,Code,Men,2,5110.0,0.4,10179.12,Debit Card,Delivered
ORD101047,2025-08-03,CUST01026,Aarav Sharma,Pune,Maharashtra,Wild Stone,Wild Stone Hunter,Men,4,1020.0,27.3,2966.16,Credit Card,Delivered
ORD101048,2025-08-04,CUST00579,Saanvi Iyer,Chandigarh,Punjab,Ajmal,Ajmal Amber Wood,Men,4,2210.0,6.2,8291.92,Cash on Delivery,Delivered
ORD101049,2025-08-04,CUST01231,Pari Nair,Patna,Bihar,Wild Stone,Wild Stone Code Platinum,Men,1,1340.0,3.2,1297.12,UPI,Delivered
ORD101050,2025-08-05,CUST00774,Aditi Rao,Delhi,Delhi,Fogg,Fogg Scent Xpressio,Men,4,860.0,18.7,2796.72,UPI,Delivered
ORD101051,2025-08-06,CUST00135,Kabir Patel,Hyderabad,Telangana,Calvin Klein,CK One,Unisex,2,2530.0,1.0,5009.4,UPI,Delivered
ORD101052,2025-08-06,CUST00809,Diya Mukherjee,Chennai,Tamil Nadu,Zara,Zara Man Gold,Men,2,2780.0,12.8,4848.32,Cash on Delivery,Delivered
ORD101053,2025-08-07,CUST00651,Lakshmi Choudhary,Bhopal,Madhya Pradesh,Ajmal,Ajmal Evoke,Unisex,2,2050.0,27.9,2956.1,UPI,Delivered
ORD101054,2025-08-07,CUST00109,Vihaan Banerjee,Hyderabad,Telangana,Ajmal,Ajmal Wisal,Women,1,2250.0,4.8,2142.0,Credit Card,Delivered
ORD101055,2025-08-07,CUST00100,Rohan Desai,Lucknow,Uttar Pradesh,Ajmal,Ajmal Evoke,Unisex,2,3040.0,5.7,5733.44,Credit Card,Delivered
ORD101056,2025-08-08,CUST00666,Anika Verma,Chennai,Tamil Nadu,Calvin Klein,Euphoria,Women,1,4020.0,13.4,3481.32,Cash on Delivery,Delivered
ORD101057,2025-08-08,CUST00096,Anjali Krishnan,Pune,Maharashtra,Zara,Zara Man Gold,Men,4,1600.0,2.8,6220.8,Cash on Delivery,Returned
ORD101058,2025-08-08,CUST00100,Rohan Desai,Kolkata,West Bengal,Wild Stone,Wild Stone Code Platinum,Men,1,1600.0,25.3,1195.2,UPI,Delivered
ORD101059,2025-08-08,CUST00798,Swati Yadav,Surat,Gujarat,Fogg,Fogg Scent Xpressio,Men,1,1740.0,17.8,1430.28,UPI,Delivered
ORD101060,2025-08-09,CUST00465,Isha Reddy,Kolkata,West Bengal,Zara,Zara Man Gold,Men,1,1620.0,3.2,1568.16,UPI,Delivered
ORD101061,2025-08-09,CUST00580,Sanya Naidu,Indore,Madhya Pradesh,Wild Stone,Wild Stone Hunter,Men,1,1080.0,28.4,773.28,Debit Card,Delivered
ORD101062,2025-08-09,CUST00806,Vikram Choudhary,Hyderabad,Telangana,Fogg,Fogg Femme,Women,1,900.0,15.1,764.1,Debit Card,Delivered
ORD101063,2025-08-09,CUST01052,Dhruv Yadav,Delhi,Delhi,Chanel,Bleu de Chanel,Men,2,9890.0,11.7,17465.74,UPI,Delivered
ORD101064,2025-08-10,CUST00787,Priya Naidu,Bengaluru,Karnataka,Wild Stone,Wild Stone Code Platinum,Men,2,1510.0,24.7,2274.06,UPI,Delivered
ORD101065,2025-08-10,CUST00076,Yash Gupta,Hyderabad,Telangana,Dior,Miss Dior,Women,1,9010.0,7.4,8343.26,Debit Card,Delivered
ORD101066,2025-08-11,CUST00064,Sai Verma,Bengaluru,Karnataka,Versace,Dylan Blue,Men,1,5180.0,12.0,4558.4,UPI,Delivered
ORD101067,2025-08-12,CUST01179,Vivaan Das,Lucknow,Uttar Pradesh,Fogg,Fogg Scent Xpressio,Men,1,1620.0,12.2,1422.36,UPI,Delivered
ORD101068,2025-08-12,CUST00645,Nisha Iyer,Surat,Gujarat,Gucci,Gucci Guilty,Unisex,3,8330.0,8.7,22815.87,UPI,Delivered
ORD101069,2025-08-12,CUST00618,Preeti Shah,Chennai,Tamil Nadu,Armani,Code,Men,1,6110.0,8.8,5572.32,UPI,Delivered
ORD101070,2025-08-12,CUST00219,Riya Rathi,Delhi,Delhi,Dior,Miss Dior,Women,2,5910.0,17.0,9810.6,Net Banking,Delivered
ORD101071,2025-08-12,CUST00292,Aryan Gupta,Visakhapatnam,Andhra Pradesh,Ajmal,Ajmal Evoke,Unisex,2,2750.0,7.4,5093.0,Cash on Delivery,Delivered
ORD101072,2025-08-12,CUST01234,Shreya Patel,Mumbai,Maharashtra,Fogg,Fogg Femme,Women,2,1160.0,28.2,1665.76,Debit Card,Delivered
ORD101073,2025-08-12,CUST00554,Kavya Mehta,Delhi,Delhi,Chanel,Bleu de Chanel,Men,1,10650.0,16.3,8914.05,UPI,Delivered
ORD101074,2025-08-13,CUST00750,Sanjay Agarwal,Delhi,Delhi,Fogg,Fogg Femme,Women,1,1240.0,11.6,1096.16,UPI,Delivered
ORD101075,2025-08-13,CUST00145,Krishna Gupta,Visakhapatnam,Andhra Pradesh,Ajmal,Ajmal Amber Wood,Men,1,1760.0,6.0,1654.4,Cash on Delivery,Delivered
ORD101076,2025-08-13,CUST00550,Anjali Rao,Pune,Maharashtra,Dior,J'adore,Women,2,5110.0,11.0,9095.8,UPI,Delivered
ORD101077,2025-08-13,CUST00491,Ananya Menon,Patna,Bihar,Ajmal,Ajmal Amber Wood,Men,3,3040.0,15.9,7669.92,Credit Card,Delivered
ORD101078,2025-08-13,CUST00412,Rajesh Chatterjee,Patna,Bihar,Versace,Eros,Men,1,8640.0,4.9,8216.64,Credit Card,Delivered
ORD101079,2025-08-13,CUST01179,Vivaan Das,Lucknow,Uttar Pradesh,Versace,Bright Crystal,Women,2,5260.0,18.0,8626.4,Credit Card,Delivered
ORD101080,2025-08-14,CUST00396,Sai Yadav,Chennai,Tamil Nadu,Dior,Miss Dior,Women,1,5570.0,16.4,4656.52,UPI,Delivered
ORD101081,2025-08-14,CUST00886,Anjali Malhotra,Hyderabad,Telangana,Fogg,Fogg Scent Xpressio,Men,2,1370.0,20.9,2167.34,UPI,Delivered
ORD101082,2025-08-14,CUST00523,Pari Naidu,Kochi,Kerala,Zara,Zara Unisex Oud,Unisex,4,1860.0,2.1,7283.76,Credit Card,Delivered
ORD101083,2025-08-15,CUST00633,Reyansh Agarwal,Jaipur,Rajasthan,Dior,J'adore,Women,1,10480.0,18.0,8593.6,Credit Card,Delivered
ORD101084,2025-08-15,CUST00405,Preeti Naidu,Mumbai,Maharashtra,Armani,Acqua di Gio,Men,1,7200.0,18.4,5875.2,Cash on Delivery,Delivered
ORD101085,2025-08-15,CUST00522,Meera Banerjee,Kochi,Kerala,Fogg,Fogg Femme,Women,1,1670.0,16.6,1392.78,UPI,Delivered
ORD101086,2025-08-16,CUST00669,Saanvi Malhotra,Delhi,Delhi,Fogg,Fogg Scent Xpressio,Men,3,1250.0,6.5,3506.25,Debit Card,Delivered
ORD101087,2025-08-16,CUST00463,Sunita Kumar,Chennai,Tamil Nadu,Versace,Eros,Men,1,7480.0,9.9,6739.48,UPI,Delivered
ORD101088,2025-08-16,CUST00264,Vivaan Malhotra,Hyderabad,Telangana,Fogg,Fogg Femme,Women,1,1010.0,6.8,941.32,Credit Card,Delivered
ORD101089,2025-08-17,CUST00309,Yash Joshi,Delhi,Delhi,Burberry,Hero,Men,1,7230.0,15.8,6087.66,Net Banking,Delivered
ORD101090,2025-08-18,CUST00893,Krishna Mehta,Delhi,Delhi,Ajmal,Ajmal Evoke,Unisex,1,1840.0,29.0,1306.4,Net Banking,Delivered
ORD101091,2025-08-18,CUST00262,Deepak Reddy,Chandigarh,Punjab,Gucci,Gucci Guilty,Unisex,1,5120.0,16.5,4275.2,Credit Card,Delivered
ORD101092,2025-08-18,CUST00930,Tanvi Verma,Bhopal,Madhya Pradesh,Ajmal,Ajmal Wisal,Women,2,2640.0,0.6,5248.32,UPI,Delivered
ORD101093,2025-08-18,CUST00026,Manoj Patel,Surat,Gujarat,Dior,J'adore,Women,3,6430.0,15.0,16396.5,UPI,Delivered
ORD101094,2025-08-18,CUST00985,Amit Kulkarni,Jaipur,Rajasthan,Armani,Acqua di Gio,Men,1,8440.0,20.5,6709.8,UPI,Delivered
ORD101095,2025-08-18,CUST00611,Priya Singh,Delhi,Delhi,Fogg,Fogg Scent Xpressio,Men,1,940.0,8.1,863.86,UPI,Cancelled
ORD101096,2025-08-19,CUST00280,Preeti Kumar,Chandigarh,Punjab,Zara,Zara Unisex Oud,Unisex,4,2280.0,4.4,8718.72,Cash on Delivery,Returned
ORD101097,2025-08-19,CUST01109,Nikhil Pillai,Jaipur,Rajasthan,Versace,Dylan Blue,Men,2,7650.0,16.7,12744.9,Cash on Delivery,Delivered
ORD101098,2025-08-19,CUST00951,Yash Menon,Kolkata,West Bengal,Armani,Code,Men,1,8620.0,9.3,7818.34,Net Banking,Delivered
ORD101099,2025-08-19,CUST00670,Deepak Agarwal,Hyderabad,Telangana,Wild Stone,Wild Stone Hunter,Men,1,1280.0,18.5,1043.2,UPI,Delivered
ORD101100,2025-08-19,CUST00875,Swati Rathi,Kochi,Kerala,Wild Stone,Wild Stone Code Platinum,Men,2,1100.0,23.1,1691.8,UPI,Delivered
ORD101101,2025-08-20,CUST00627,Suresh Chatterjee,Jaipur,Rajasthan,Dior,J'adore,Women,1,10020.0,11.4,8877.72,UPI,Delivered
ORD101102,2025-08-21,CUST00646,Aditya Desai,Chennai,Tamil Nadu,Zara,Zara Unisex Oud,Unisex,4,2120.0,19.4,6834.88,UPI,Returned
ORD101103,2025-08-21,CUST00969,Meera Yadav,Kochi,Kerala,Versace,Bright Crystal,Women,1,8640.0,14.9,7352.64,Credit Card,Delivered
ORD101104,2025-08-21,CUST00917,Sunita Bansal,Indore,Madhya Pradesh,Ajmal,Ajmal Wisal,Women,5,1340.0,16.0,5628.0,UPI,Delivered
ORD101105,2025-08-22,CUST00368,Isha Naidu,Chennai,Tamil Nadu,Fogg,Fogg Scent Xpressio,Men,4,890.0,20.9,2815.96,Credit Card,Delivered
ORD101106,2025-08-22,CUST00484,Sai Krishnan,Chennai,Tamil Nadu,Armani,Code,Men,2,7570.0,16.5,12641.9,Debit Card,Delivered
ORD101107,2025-08-22,CUST00612,Vihaan Naidu,Lucknow,Uttar Pradesh,Fogg,Fogg Scent Xpressio,Men,2,920.0,16.1,1543.76,Net Banking,Delivered
ORD101108,2025-08-22,CUST00533,Meera Mehta,Jaipur,Rajasthan,Wild Stone,Wild Stone Code Platinum,Men,1,1480.0,29.9,1037.48,UPI,Delivered
ORD101109,2025-08-23,CUST01112,Rajesh Shah,Pune,Maharashtra,Tom Ford,Tobacco Vanille,Unisex,2,6010.0,17.8,9880.44,Net Banking,Cancelled
ORD101110,2025-08-23,CUST00415,Vikram Malhotra,Hyderabad,Telangana,Ajmal,Ajmal Evoke,Unisex,1,2090.0,12.2,1835.02,Net Banking,Delivered
ORD101111,2025-08-24,CUST00747,Deepak Gupta,Pune,Maharashtra,Zara,Zara Woman Rose,Women,2,2760.0,29.2,3908.16,UPI,Delivered
ORD101112,2025-08-24,CUST01084,Sai Yadav,Pune,Maharashtra,Zara,Zara Man Gold,Men,1,1590.0,16.8,1322.88,UPI,Delivered
ORD101113,2025-08-24,CUST01076,Reyansh Iyer,Chennai,Tamil Nadu,Zara,Zara Woman Rose,Women,4,2410.0,24.2,7307.12,Debit Card,Delivered
ORD101114,2025-08-24,CUST00542,Tanvi Menon,Indore,Madhya Pradesh,Versace,Bright Crystal,Women,4,7110.0,3.8,27359.28,UPI,Delivered
ORD101115,2025-08-24,CUST00396,Sai Yadav,Chennai,Tamil Nadu,Versace,Dylan Blue,Men,2,5870.0,2.0,11505.2,UPI,Delivered
ORD101116,2025-08-25,CUST00899,Geeta Desai,Kolkata,West Bengal,Zara,Zara Unisex Oud,Unisex,1,1780.0,17.0,1477.4,UPI,Returned
ORD101117,2025-08-25,CUST00071,Dhruv Malhotra,Pune,Maharashtra,Ajmal,Ajmal Amber Wood,Men,4,3060.0,24.1,9290.16,UPI,Delivered
ORD101118,2025-08-25,CUST00894,Kavya Agarwal,Bengaluru,Karnataka,Chanel,Chanel No. 5,Women,3,8500.0,15.8,21471.0,Debit Card,Delivered
ORD101119,2025-08-25,CUST00894,Kavya Agarwal,Bengaluru,Karnataka,Ajmal,Ajmal Amber Wood,Men,3,2240.0,1.2,6639.36,UPI,Delivered
ORD101120,2025-08-25,CUST00199,Sanya Mehta,Mumbai,Maharashtra,Zara,Zara Unisex Oud,Unisex,4,2160.0,11.7,7629.12,Net Banking,Delivered
ORD101121,2025-08-25,CUST00217,Geeta Banerjee,Bhopal,Madhya Pradesh,Dior,J'adore,Women,1,9770.0,20.0,7816.0,UPI,Delivered
ORD101122,2025-08-26,CUST00571,Isha Chatterjee,Bengaluru,Karnataka,Wild Stone,Wild Stone Code Platinum,Men,1,1050.0,6.4,982.8,UPI,Delivered
ORD101123,2025-08-26,CUST00403,Ananya Krishnan,Delhi,Delhi,Fogg,Fogg Femme,Women,2,1800.0,18.4,2937.6,Credit Card,Delivered
ORD101124,2025-08-27,CUST00569,Krishna Sharma,Kolkata,West Bengal,Wild Stone,Wild Stone Hunter,Men,3,1180.0,26.8,2591.28,Net Banking,Delivered
ORD101125,2025-08-27,CUST00325,Yash Mukherjee,Pune,Maharashtra,Dior,Sauvage Elixir,Men,1,8210.0,2.4,8012.96,Credit Card,Delivered
ORD101126,2025-08-28,CUST01098,Divya Chatterjee,Bengaluru,Karnataka,Ajmal,Ajmal Evoke,Unisex,4,1700.0,1.6,6691.2,UPI,Delivered
ORD101127,2025-08-28,CUST00414,Sanya Gupta,Hyderabad,Telangana,Burberry,Her,Women,1,8110.0,5.9,7631.51,Credit Card,Delivered
ORD101128,2025-08-29,CUST00646,Aditya Desai,Chennai,Tamil Nadu,Ajmal,Ajmal Amber Wood,Men,1,2560.0,7.5,2368.0,UPI,Delivered
ORD101129,2025-08-30,CUST00921,Diya Gupta,Coimbatore,Tamil Nadu,Fogg,Fogg Scent Xpressio,Men,2,1500.0,7.0,2790.0,Credit Card,Delivered
ORD101130,2025-08-30,CUST00603,Kavya Naidu,Mumbai,Maharashtra,Zara,Zara Unisex Oud,Unisex,2,2540.0,17.0,4216.4,Debit Card,Delivered
ORD101131,2025-08-30,CUST00932,Vivaan Kulkarni,Bengaluru,Karnataka,Gucci,Gucci Guilty,Unisex,1,7410.0,21.5,5816.85,Cash on Delivery,Delivered
ORD101132,2025-08-30,CUST00558,Sanya Verma,Jaipur,Rajasthan,Versace,Bright Crystal,Women,2,9410.0,18.3,15375.94,Cash on Delivery,Delivered
ORD101133,2025-08-30,CUST00467,Aditi Kulkarni,Indore,Madhya Pradesh,Ajmal,Ajmal Wisal,Women,1,2840.0,27.3,2064.68,Cash on Delivery,Delivered
ORD101134,2025-08-30,CUST00437,Tanvi Shah,Pune,Maharashtra,Armani,Acqua di Gio,Men,1,5360.0,17.9,4400.56,Credit Card,Delivered
ORD101135,2025-08-30,CUST00582,Kiran Reddy,Bengaluru,Karnataka,Fogg,Fogg Femme,Women,1,1790.0,25.7,1329.97,Cash on Delivery,Returned
ORD101136,2025-08-31,CUST00523,Pari Naidu,Kochi,Kerala,Versace,Dylan Blue,Men,1,5850.0,7.3,5422.95,UPI,Delivered
ORD101137,2025-08-31,CUST00591,Rahul Nair,Delhi,Delhi,Fogg,Fogg Femme,Women,1,1080.0,19.3,871.56,Debit Card,Delivered
ORD101138,2025-08-31,CUST01109,Nikhil Pillai,Jaipur,Rajasthan,Ajmal,Ajmal Evoke,Unisex,4,1270.0,10.0,4572.0,Credit Card,Delivered
ORD101139,2025-08-31,CUST00020,Tanvi Nair,Surat,Gujarat,Tom Ford,Tobacco Vanille,Unisex,1,8360.0,5.7,7883.48,UPI,Delivered
ORD101140,2025-08-31,CUST01131,Aditi Chatterjee,Kolkata,West Bengal,Dior,Sauvage Elixir,Men,3,10140.0,3.3,29416.14,Cash on Delivery,Returned
ORD101141,2025-08-31,CUST00825,Sanya Banerjee,Nagpur,Maharashtra,Ajmal,Ajmal Amber Wood,Men,1,2730.0,29.5,1924.65,Cash on Delivery,Returned
ORD101142,2025-09-01,CUST00830,Krishna Desai,Pune,Maharashtra,Armani,Code,Men,4,7400.0,6.4,27705.6,Credit Card,Delivered
ORD101143,2025-09-01,CUST01153,Arjun Yadav,Delhi,Delhi,Gucci,Gucci Guilty,Unisex,1,5150.0,12.3,4516.55,Debit Card,Delivered
ORD101144,2025-09-01,CUST00337,Arjun Bansal,Bengaluru,Karnataka,Dior,Sauvage Elixir,Men,3,9720.0,21.7,22832.28,Net Banking,Delivered
ORD101145,2025-09-01,CUST01127,Rahul Menon,Kolkata,West Bengal,Calvin Klein,Obsession,Men,2,3150.0,10.5,5638.5,Credit Card,Delivered
ORD101146,2025-09-02,CUST00664,Preeti Menon,Indore,Madhya Pradesh,Armani,Si Passione,Women,1,7620.0,0.8,7559.04,Credit Card,Delivered
ORD101147,2025-09-02,CUST00199,Sanya Mehta,Mumbai,Maharashtra,Ajmal,Ajmal Amber Wood,Men,2,820.0,22.6,1269.36,Credit Card,Returned
ORD101148,2025-09-02,CUST01167,Tanvi Kulkarni,Chennai,Tamil Nadu,Fogg,Fogg Scent Xpressio,Men,2,1380.0,9.1,2508.84,Cash on Delivery,Delivered
ORD101149,2025-09-02,CUST00285,Anil Naidu,Pune,Maharashtra,Zara,Zara Man Gold,Men,1,2780.0,29.4,1962.68,Credit Card,Delivered
ORD101150,2025-09-02,CUST00829,Vivaan Joshi,Hyderabad,Telangana,Zara,Zara Woman Rose,Women,1,2710.0,18.4,2211.36,Debit Card,Delivered
ORD101151,2025-09-02,CUST00942,Preeti Malhotra,Chennai,Tamil Nadu,Versace,Dylan Blue,Men,1,8550.0,3.6,8242.2,UPI,Returned
ORD101152,2025-09-03,CUST01049,Amit Rathi,Delhi,Delhi,Calvin Klein,Euphoria,Women,2,6880.0,15.9,11572.16,UPI,Delivered
ORD101153,2025-09-03,CUST01221,Isha Kulkarni,Bengaluru,Karnataka,Ajmal,Ajmal Wisal,Women,5,930.0,10.1,4180.35,Debit Card,Delivered
ORD101154,2025-09-03,CUST00392,Riya Kumar,Ahmedabad,Gujarat,Zara,Zara Woman Rose,Women,1,2030.0,5.0,1928.5,UPI,Delivered
ORD101155,2025-09-03,CUST00885,Karan Malhotra,Ahmedabad,Gujarat,Zara,Zara Woman Rose,Women,1,1670.0,5.2,1583.16,UPI,Delivered
ORD101156,2025-09-03,CUST00120,Saanvi Menon,Bengaluru,Karnataka,Fogg,Fogg Scent Xpressio,Men,1,1040.0,7.5,962.0,Cash on Delivery,Delivered
ORD101157,2025-09-03,CUST00095,Swati Gupta,Kolkata,West Bengal,Fogg,Fogg Femme,Women,2,1490.0,25.4,2223.08,Credit Card,Delivered
ORD101158,2025-09-04,CUST01245,Ishaan Choudhary,Jaipur,Rajasthan,Tom Ford,Black Orchid,Unisex,2,8250.0,10.1,14833.5,UPI,Delivered
ORD101159,2025-09-04,CUST00156,Sai Krishnan,Delhi,Delhi,Ajmal,Ajmal Amber Wood,Men,2,2710.0,16.6,4520.28,UPI,Delivered
ORD101160,2025-09-04,CUST01157,Pooja Agarwal,Hyderabad,Telangana,Calvin Klein,Euphoria,Women,2,6000.0,17.2,9936.0,Net Banking,Delivered
ORD101161,2025-09-04,CUST01078,Ayaan Sharma,Mumbai,Maharashtra,Calvin Klein,Euphoria,Women,4,5430.0,5.3,20568.84,UPI,Delivered
ORD101162,2025-09-05,CUST00990,Ananya Shah,Visakhapatnam,Andhra Pradesh,Calvin Klein,Obsession,Men,1,5440.0,5.1,5162.56,Cash on Delivery,Returned
ORD101163,2025-09-05,CUST00694,Aadhya Menon,Lucknow,Uttar Pradesh,Ajmal,Ajmal Wisal,Women,2,1090.0,11.7,1924.94,Cash on Delivery,Delivered
ORD101164,2025-09-05,CUST00537,Divya Shah,Hyderabad,Telangana,Armani,Code,Men,2,6190.0,10.1,11129.62,Credit Card,Delivered
ORD101165,2025-09-05,CUST00646,Aditya Desai,Chennai,Tamil Nadu,Tom Ford,Tobacco Vanille,Unisex,1,9060.0,1.4,8933.16,Debit Card,Delivered
ORD101166,2025-09-06,CUST00790,Anjali Joshi,Nashik,Maharashtra,Ajmal,Ajmal Evoke,Unisex,2,2180.0,14.1,3745.24,UPI,Delivered
ORD101167,2025-09-06,CUST00799,Aryan Mukherjee,Delhi,Delhi,Zara,Zara Woman Rose,Women,3,1420.0,26.2,3143.88,UPI,Delivered
ORD101168,2025-09-06,CUST00795,Nikhil Kulkarni,Kochi,Kerala,Armani,Acqua di Gio,Men,1,7870.0,19.6,6327.48,UPI,Returned
ORD101169,2025-09-06,CUST00894,Kavya Agarwal,Bengaluru,Karnataka,Fogg,Fogg Scent Xpressio,Men,1,1280.0,7.0,1190.4,Credit Card,Delivered
ORD101170,2025-09-07,CUST00425,Anjali Kulkarni,Ahmedabad,Gujarat,Armani,Si Passione,Women,1,5890.0,4.5,5624.95,Net Banking,Delivered
ORD101171,2025-09-07,CUST00049,Meera Krishnan,Visakhapatnam,Andhra Pradesh,Ajmal,Ajmal Wisal,Women,5,1040.0,9.9,4685.2,UPI,Delivered
ORD101172,2025-09-07,CUST01130,Ira Naidu,Chandigarh,Punjab,Fogg,Fogg Scent Xpressio,Men,2,1710.0,9.5,3095.1,Credit Card,Delivered
ORD101173,2025-09-07,CUST00850,Vikram Mukherjee,Kochi,Kerala,Ajmal,Ajmal Evoke,Unisex,5,1240.0,7.8,5716.4,UPI,Delivered
ORD101174,2025-09-08,CUST00886,Anjali Malhotra,Hyderabad,Telangana,Fogg,Fogg Scent Xpressio,Men,1,820.0,7.9,755.22,Credit Card,Delivered
ORD101175,2025-09-08,CUST01084,Sai Yadav,Pune,Maharashtra,Zara,Zara Man Gold,Men,3,1920.0,17.4,4757.76,Net Banking,Delivered
ORD101176,2025-09-08,CUST01052,Dhruv Yadav,Delhi,Delhi,Burberry,Hero,Men,2,6340.0,4.7,12084.04,Credit Card,Delivered
ORD101177,2025-09-09,CUST00396,Sai Yadav,Chennai,Tamil Nadu,Wild Stone,Wild Stone Hunter,Men,1,1270.0,23.6,970.28,Cash on Delivery,Delivered
ORD101178,2025-09-09,CUST00882,Anika Rathi,Nagpur,Maharashtra,Burberry,Her,Women,1,7910.0,8.9,7206.01,Cash on Delivery,Delivered
ORD101179,2025-09-09,CUST00739,Preeti Kumar,Delhi,Delhi,Zara,Zara Woman Rose,Women,3,2330.0,2.5,6815.25,Debit Card,Delivered
ORD101180,2025-09-10,CUST00840,Sanjay Reddy,Bhopal,Madhya Pradesh,Wild Stone,Wild Stone Hunter,Men,3,940.0,1.3,2783.34,Credit Card,Delivered
ORD101181,2025-09-10,CUST00429,Aarav Rathi,Indore,Madhya Pradesh,Zara,Zara Man Gold,Men,1,1240.0,13.0,1078.8,Cash on Delivery,Delivered
ORD101182,2025-09-11,CUST01155,Saanvi Nair,Kolkata,West Bengal,Zara,Zara Man Gold,Men,2,2420.0,24.9,3634.84,UPI,Delivered
ORD101183,2025-09-11,CUST00533,Meera Mehta,Jaipur,Rajasthan,Calvin Klein,CK One,Unisex,4,3080.0,18.2,10077.76,UPI,Delivered
ORD101184,2025-09-11,CUST00542,Tanvi Menon,Indore,Madhya Pradesh,Chanel,Coco Mademoiselle,Women,2,6130.0,3.2,11867.68,Credit Card,Delivered
ORD101185,2025-09-11,CUST00431,Rohan Gupta,Kolkata,West Bengal,Ajmal,Ajmal Amber Wood,Men,2,2840.0,29.3,4015.76,Cash on Delivery,Delivered
ORD101186,2025-09-12,CUST00062,Vivaan Reddy,Coimbatore,Tamil Nadu,Fogg,Fogg Femme,Women,4,1780.0,24.6,5368.48,UPI,Cancelled
ORD101187,2025-09-12,CUST00385,Neha Banerjee,Kochi,Kerala,Ajmal,Ajmal Evoke,Unisex,4,1670.0,7.1,6205.72,Cash on Delivery,Delivered
ORD101188,2025-09-12,CUST01229,Krishna Malhotra,Nagpur,Maharashtra,Burberry,Hero,Men,4,6000.0,1.2,23712.0,Debit Card,Delivered
ORD101189,2025-09-13,CUST00596,Vikram Malhotra,Mumbai,Maharashtra,Versace,Dylan Blue,Men,2,5300.0,4.2,10154.8,Credit Card,Delivered
ORD101190,2025-09-13,CUST01207,Sanjay Krishnan,Pune,Maharashtra,Dior,J'adore,Women,1,10370.0,5.3,9820.39,UPI,Delivered
ORD101191,2025-09-13,CUST00611,Priya Singh,Delhi,Delhi,Fogg,Fogg Femme,Women,2,1240.0,17.4,2048.48,UPI,Delivered
ORD101192,2025-09-13,CUST00217,Geeta Banerjee,Bhopal,Madhya Pradesh,Fogg,Fogg Scent Xpressio,Men,1,1500.0,12.5,1312.5,UPI,Delivered
ORD101193,2025-09-13,CUST00168,Ira Mehta,Hyderabad,Telangana,Zara,Zara Unisex Oud,Unisex,1,2770.0,21.1,2185.53,Cash on Delivery,Delivered
ORD101194,2025-09-14,CUST00611,Priya Singh,Delhi,Delhi,Wild Stone,Wild Stone Code Platinum,Men,2,1230.0,14.6,2100.84,Credit Card,Delivered
ORD101195,2025-09-14,CUST00145,Krishna Gupta,Visakhapatnam,Andhra Pradesh,Fogg,Fogg Femme,Women,1,900.0,2.2,880.2,Net Banking,Delivered
ORD101196,2025-09-14,CUST00138,Neha Choudhary,Bengaluru,Karnataka,Ajmal,Ajmal Wisal,Women,4,1370.0,26.6,4022.32,Cash on Delivery,Delivered
ORD101197,2025-09-14,CUST00005,Pari Verma,Mumbai,Maharashtra,Calvin Klein,CK One,Unisex,3,3850.0,8.1,10614.45,Credit Card,Delivered
ORD101198,2025-09-14,CUST00484,Sai Krishnan,Chennai,Tamil Nadu,Wild Stone,Wild Stone Code Platinum,Men,2,1570.0,13.9,2703.54,Cash on Delivery,Delivered
ORD101199,2025-09-15,CUST00232,Sunil Yadav,Visakhapatnam,Andhra Pradesh,Zara,Zara Woman Rose,Women,3,1310.0,23.3,3014.31,Net Banking,Delivered
ORD101200,2025-09-15,CUST00368,Isha Naidu,Chennai,Tamil Nadu,Fogg,Fogg Femme,Women,4,930.0,5.8,3504.24,UPI,Cancelled
ORD101201,2025-09-15,CUST01093,Ira Mehta,Nagpur,Maharashtra,Wild Stone,Wild Stone Code Platinum,Men,4,860.0,16.3,2879.28,Debit Card,Delivered
ORD101202,2025-09-16,CUST00064,Sai Verma,Bengaluru,Karnataka,Ajmal,Ajmal Evoke,Unisex,2,1720.0,19.4,2772.64,Credit Card,Delivered
ORD101203,2025-09-16,CUST00222,Amit Mukherjee,Chennai,Tamil Nadu,Burberry,Hero,Men,1,4230.0,4.3,4048.11,Cash on Delivery,Delivered
ORD101204,2025-09-17,CUST00397,Kiran Mukherjee,Chennai,Tamil Nadu,Ajmal,Ajmal Wisal,Women,2,1820.0,4.6,3472.56,Net Banking,Delivered
ORD101205,2025-09-17,CUST00350,Saanvi Mishra,Bengaluru,Karnataka,Burberry,Hero,Men,4,6590.0,18.2,21562.48,Debit Card,Delivered
ORD101206,2025-09-17,CUST00537,Divya Shah,Hyderabad,Telangana,Zara,Zara Unisex Oud,Unisex,1,2290.0,13.4,1983.14,Credit Card,Delivered
ORD101207,2025-09-17,CUST00965,Divya Mukherjee,Surat,Gujarat,Fogg,Fogg Femme,Women,1,990.0,25.2,740.52,UPI,Delivered
ORD101208,2025-09-18,CUST00204,Arjun Naidu,Chennai,Tamil Nadu,Chanel,Chanel No. 5,Women,2,9600.0,10.4,17203.2,Cash on Delivery,Delivered
ORD101209,2025-09-18,CUST00410,Ananya Krishnan,Jaipur,Rajasthan,Zara,Zara Woman Rose,Women,2,2050.0,10.3,3677.7,Debit Card,Delivered
ORD101210,2025-09-20,CUST01077,Meera Kumar,Kolkata,West Bengal,Wild Stone,Wild Stone Hunter,Men,1,920.0,21.5,722.2,UPI,Delivered
ORD101211,2025-09-20,CUST00590,Kabir Menon,Chennai,Tamil Nadu,Wild Stone,Wild Stone Hunter,Men,2,820.0,28.6,1170.96,Net Banking,Returned
ORD101212,2025-09-20,CUST01030,Preeti Iyer,Delhi,Delhi,Zara,Zara Man Gold,Men,1,1050.0,11.1,933.45,UPI,Delivered
ORD101213,2025-09-20,CUST00627,Suresh Chatterjee,Jaipur,Rajasthan,Zara,Zara Woman Rose,Women,5,1110.0,27.3,4034.85,UPI,Delivered
ORD101214,2025-09-21,CUST00541,Diya Reddy,Lucknow,Uttar Pradesh,Calvin Klein,CK One,Unisex,3,2800.0,11.5,7434.0,Credit Card,Returned
ORD101215,2025-09-21,CUST00998,Varun Patel,Hyderabad,Telangana,Gucci,Gucci Guilty,Unisex,2,6540.0,9.6,11824.32,UPI,Delivered
ORD101216,2025-09-21,CUST00609,Riya Malhotra,Indore,Madhya Pradesh,Armani,Code,Men,1,5000.0,15.3,4235.0,Debit Card,Delivered
ORD101217,2025-09-22,CUST00064,Sai Verma,Bengaluru,Karnataka,Fogg,Fogg Femme,Women,1,1030.0,28.1,740.57,Debit Card,Delivered
ORD101218,2025-09-23,CUST00363,Ira Pillai,Lucknow,Uttar Pradesh,Dior,Sauvage Elixir,Men,1,7330.0,3.0,7110.1,Credit Card,Delivered
ORD101219,2025-09-24,CUST00664,Preeti Menon,Chennai,Tamil Nadu,Ajmal,Ajmal Wisal,Women,1,1050.0,1.1,1038.45,UPI,Delivered
ORD101220,2025-09-25,CUST00917,Sunita Bansal,Delhi,Delhi,Armani,Si Passione,Women,3,7510.0,9.5,20389.65,Credit Card,Delivered
ORD101221,2025-09-25,CUST00890,Suresh Kumar,Pune,Maharashtra,Burberry,Hero,Men,1,8070.0,12.2,7085.46,UPI,Delivered
ORD101222,2025-09-26,CUST00809,Diya Mukherjee,Chennai,Tamil Nadu,Zara,Zara Woman Rose,Women,2,1910.0,16.3,3197.34,Debit Card,Delivered
ORD101223,2025-09-26,CUST00669,Saanvi Malhotra,Delhi,Delhi,Ajmal,Ajmal Amber Wood,Men,3,2880.0,13.0,7516.8,UPI,Delivered
ORD101224,2025-09-26,CUST00732,Tanvi Verma,Ahmedabad,Gujarat,Chanel,Bleu de Chanel,Men,4,9250.0,0.7,36741.0,Debit Card,Delivered
ORD101225,2025-09-26,CUST01200,Amit Mishra,Pune,Maharashtra,Dior,Miss Dior,Women,2,5780.0,9.4,10473.36,UPI,Delivered
ORD101226,2025-09-27,CUST00710,Amit Reddy,Chennai,Tamil Nadu,Zara,Zara Man Gold,Men,1,1560.0,18.4,1272.96,Debit Card,Delivered
ORD101227,2025-09-27,CUST01130,Ira Naidu,Chandigarh,Punjab,Calvin Klein,Obsession,Men,4,6860.0,19.0,22226.4,UPI,Delivered
ORD101228,2025-09-27,CUST00548,Sanjay Mukherjee,Hyderabad,Telangana,Calvin Klein,Euphoria,Women,2,5180.0,12.8,9033.92,Debit Card,Delivered
ORD101229,2025-09-27,CUST00145,Krishna Gupta,Visakhapatnam,Andhra Pradesh,Fogg,Fogg Femme,Women,1,1280.0,29.1,907.52,UPI,Cancelled
ORD101230,2025-09-27,CUST00115,Krishna Rathi,Pune,Maharashtra,Tom Ford,Black Orchid,Unisex,1,6060.0,15.5,5120.7,Net Banking,Delivered
ORD101231,2025-09-27,CUST01157,Pooja Agarwal,Hyderabad,Telangana,Ajmal,Ajmal Wisal,Women,2,1170.0,25.4,1745.64,UPI,Delivered
ORD101232,2025-09-28,CUST01130,Ira Naidu,Chandigarh,Punjab,Wild Stone,Wild Stone Code Platinum,Men,5,1100.0,27.1,4009.5,UPI,Delivered
ORD101233,2025-09-28,CUST00533,Meera Mehta,Jaipur,Rajasthan,Wild Stone,Wild Stone Hunter,Men,2,840.0,16.6,1401.12,Credit Card,Delivered
ORD101234,2025-09-28,CUST00097,Vihaan Agarwal,Patna,Bihar,Wild Stone,Wild Stone Code Platinum,Men,3,1580.0,4.2,4540.92,Net Banking,Delivered
ORD101235,2025-09-28,CUST00533,Meera Mehta,Jaipur,Rajasthan,Burberry,Her,Women,3,5100.0,15.4,12943.8,Credit Card,Delivered
ORD101236,2025-09-28,CUST00115,Krishna Rathi,Pune,Maharashtra,Zara,Zara Man Gold,Men,1,2240.0,6.3,2098.88,Debit Card,Returned
ORD101237,2025-09-28,CUST00532,Vihaan Yadav,Visakhapatnam,Andhra Pradesh,Versace,Dylan Blue,Men,2,9420.0,19.2,15222.72,Debit Card,Returned
ORD101238,2025-09-28,CUST00670,Deepak Agarwal,Hyderabad,Telangana,Ajmal,Ajmal Evoke,Unisex,1,2010.0,10.4,1800.96,UPI,Delivered
ORD101239,2025-09-29,CUST01159,Krishna Joshi,Hyderabad,Telangana,Fogg,Fogg Femme,Women,1,1230.0,5.2,1166.04,UPI,Delivered
ORD101240,2025-09-29,CUST00779,Sunil Yadav,Kochi,Kerala,Wild Stone,Wild Stone Code Platinum,Men,5,1450.0,19.6,5829.0,Net Banking,Delivered
ORD101241,2025-09-29,CUST00300,Ramesh Kumar,Hyderabad,Telangana,Zara,Zara Woman Rose,Women,2,2530.0,22.3,3931.62,UPI,Delivered
ORD101242,2025-09-29,CUST00484,Sai Krishnan,Chennai,Tamil Nadu,Wild Stone,Wild Stone Hunter,Men,1,1050.0,22.7,811.65,Debit Card,Delivered
ORD101243,2025-09-29,CUST00726,Rajesh Kulkarni,Chennai,Tamil Nadu,Wild Stone,Wild Stone Code Platinum,Men,2,860.0,28.4,1231.52,UPI,Delivered
ORD101244,2025-09-29,CUST01116,Isha Singh,Coimbatore,Tamil Nadu,Fogg,Fogg Femme,Women,5,1740.0,20.4,6925.2,Cash on Delivery,Delivered
ORD101245,2025-09-29,CUST01070,Deepak Gupta,Mumbai,Maharashtra,Zara,Zara Unisex Oud,Unisex,1,1010.0,28.0,727.2,Credit Card,Delivered
ORD101246,2025-09-30,CUST00569,Krishna Sharma,Kolkata,West Bengal,Zara,Zara Unisex Oud,Unisex,2,1950.0,1.4,3845.4,Cash on Delivery,Delivered
ORD101247,2025-09-30,CUST00744,Karan Rathi,Surat,Gujarat,Gucci,Gucci Guilty,Unisex,1,10120.0,5.4,9573.52,Debit Card,Delivered
ORD101248,2025-09-30,CUST01130,Ira Naidu,Chennai,Tamil Nadu,Versace,Dylan Blue,Men,1,6550.0,4.0,6288.0,UPI,Delivered
ORD101249,2025-09-30,CUST01098,Divya Chatterjee,Bengaluru,Karnataka,Ajmal,Ajmal Wisal,Women,1,1950.0,8.6,1782.3,Credit Card,Cancelled
ORD101250,2025-10-01,CUST00363,Ira Pillai,Lucknow,Uttar Pradesh,Ajmal,Ajmal Evoke,Unisex,1,3200.0,8.9,2915.2,Credit Card,Delivered
ORD101251,2025-10-01,CUST00990,Ananya Shah,Visakhapatnam,Andhra Pradesh,Tom Ford,Tobacco Vanille,Unisex,2,10190.0,1.5,20074.3,Cash on Delivery,Delivered
ORD101252,2025-10-01,CUST01103,Amit Pillai,Chandigarh,Punjab,Fogg,Fogg Scent Xpressio,Men,5,1420.0,14.3,6084.7,Debit Card,Delivered
ORD101253,2025-10-01,CUST00254,Aadhya Menon,Lucknow,Uttar Pradesh,Zara,Zara Man Gold,Men,1,2260.0,29.5,1593.3,UPI,Delivered
ORD101254,2025-10-01,CUST00790,Anjali Joshi,Nashik,Maharashtra,Zara,Zara Unisex Oud,Unisex,2,2320.0,3.5,4477.6,Credit Card,Delivered
ORD101255,2025-10-01,CUST01170,Karan Kumar,Delhi,Delhi,Fogg,Fogg Scent Xpressio,Men,5,1540.0,1.1,7615.3,UPI,Delivered
ORD101256,2025-10-01,CUST00030,Amit Malhotra,Indore,Madhya Pradesh,Tom Ford,Tobacco Vanille,Unisex,2,11280.0,5.1,21409.44,Credit Card,Returned
ORD101257,2025-10-02,CUST00875,Swati Rathi,Kochi,Kerala,Calvin Klein,Euphoria,Women,1,5240.0,10.0,4716.0,UPI,Delivered
ORD101258,2025-10-03,CUST00484,Sai Krishnan,Chennai,Tamil Nadu,Fogg,Fogg Femme,Women,3,1760.0,18.3,4313.76,UPI,Delivered
ORD101259,2025-10-03,CUST00964,Ashok Yadav,Hyderabad,Telangana,Zara,Zara Woman Rose,Women,1,2580.0,5.9,2427.78,UPI,Delivered
ORD101260,2025-10-04,CUST00325,Yash Mukherjee,Pune,Maharashtra,Zara,Zara Woman Rose,Women,2,1330.0,17.4,2197.16,Cash on Delivery,Delivered
ORD101261,2025-10-04,CUST00571,Isha Chatterjee,Bengaluru,Karnataka,Dior,Sauvage Elixir,Men,1,10800.0,13.3,9363.6,Credit Card,Delivered
ORD101262,2025-10-04,CUST00204,Arjun Naidu,Chennai,Tamil Nadu,Ajmal,Ajmal Amber Wood,Men,1,3090.0,22.5,2394.75,UPI,Delivered
ORD101263,2025-10-04,CUST00062,Vivaan Reddy,Coimbatore,Tamil Nadu,Calvin Klein,Obsession,Men,2,4210.0,5.0,7999.0,Net Banking,Delivered
ORD101264,2025-10-05,CUST00739,Preeti Kumar,Delhi,Delhi,Armani,Code,Men,2,4120.0,13.1,7160.56,Credit Card,Delivered
ORD101265,2025-10-06,CUST00547,Amit Sharma,Bengaluru,Karnataka,Versace,Bright Crystal,Women,1,6730.0,0.1,6723.27,UPI,Delivered
ORD101266,2025-10-06,CUST00988,Ashok Bansal,Pune,Maharashtra,Versace,Bright Crystal,Women,4,4210.0,11.1,14970.76,Cash on Delivery,Delivered
ORD101267,2025-10-07,CUST00902,Swati Menon,Mumbai,Maharashtra,Chanel,Chanel No. 5,Women,1,7050.0,0.2,7035.9,Debit Card,Delivered
ORD101268,2025-10-07,CUST00976,Priya Menon,Nagpur,Maharashtra,Armani,Code,Men,3,7560.0,2.9,22022.28,UPI,Delivered
ORD101269,2025-10-07,CUST00533,Meera Mehta,Jaipur,Rajasthan,Armani,Code,Men,3,4700.0,2.1,13803.9,UPI,Returned
ORD101270,2025-10-07,CUST00089,Vikram Agarwal,Patna,Bihar,Wild Stone,Wild Stone Hunter,Men,5,1550.0,2.7,7540.75,UPI,Delivered
ORD101271,2025-10-08,CUST00964,Ashok Yadav,Hyderabad,Telangana,Ajmal,Ajmal Wisal,Women,2,2780.0,22.7,4297.88,UPI,Delivered
ORD101272,2025-10-09,CUST00885,Karan Malhotra,Lucknow,Uttar Pradesh,Zara,Zara Unisex Oud,Unisex,4,1780.0,21.0,5624.8,UPI,Delivered
ORD101273,2025-10-09,CUST00612,Vihaan Naidu,Delhi,Delhi,Dior,Miss Dior,Women,4,8160.0,2.8,31726.08,Debit Card,Delivered
ORD101274,2025-10-10,CUST00045,Kabir Agarwal,Delhi,Delhi,Wild Stone,Wild Stone Code Platinum,Men,3,1290.0,19.7,3107.61,UPI,Delivered
ORD101275,2025-10-10,CUST00484,Sai Krishnan,Chennai,Tamil Nadu,Burberry,Her,Women,2,3830.0,28.6,5469.24,Credit Card,Returned
ORD101276,2025-10-10,CUST00819,Neha Kulkarni,Kolkata,West Bengal,Zara,Zara Man Gold,Men,3,1570.0,16.7,3923.43,Cash on Delivery,Delivered
ORD101277,2025-10-10,CUST00175,Pari Joshi,Surat,Gujarat,Fogg,Fogg Femme,Women,2,880.0,30.0,1232.0,Cash on Delivery,Delivered
ORD101278,2025-10-10,CUST00625,Ananya Gupta,Pune,Maharashtra,Calvin Klein,CK One,Unisex,2,3060.0,22.4,4749.12,UPI,Delivered
ORD101279,2025-10-10,CUST00887,Aditya Sharma,Hyderabad,Telangana,Gucci,Gucci Guilty,Unisex,3,8600.0,16.7,21491.4,Cash on Delivery,Delivered
ORD101280,2025-10-11,CUST00150,Swati Das,Nashik,Maharashtra,Zara,Zara Woman Rose,Women,1,1470.0,30.0,1029.0,UPI,Delivered
ORD101281,2025-10-11,CUST00664,Preeti Menon,Indore,Madhya Pradesh,Calvin Klein,CK One,Unisex,1,6150.0,16.4,5141.4,Credit Card,Delivered
ORD101282,2025-10-11,CUST01131,Aditi Chatterjee,Kolkata,West Bengal,Armani,Acqua di Gio,Men,1,8120.0,15.0,6902.0,UPI,Returned
ORD101283,2025-10-11,CUST00488,Kiran Pillai,Kolkata,West Bengal,Chanel,Chanel No. 5,Women,1,8040.0,17.4,6641.04,Credit Card,Delivered
ORD101284,2025-10-11,CUST00073,Varun Kulkarni,Patna,Bihar,Burberry,Hero,Men,3,4830.0,4.9,13779.99,Net Banking,Delivered
ORD101285,2025-10-12,CUST01052,Dhruv Yadav,Delhi,Delhi,Calvin Klein,CK One,Unisex,2,4280.0,9.9,7712.56,UPI,Delivered
ORD101286,2025-10-12,CUST00173,Rahul Iyer,Delhi,Delhi,Armani,Si Passione,Women,2,4590.0,17.9,7536.78,Net Banking,Delivered
ORD101287,2025-10-12,CUST00766,Krishna Singh,Delhi,Delhi,Calvin Klein,Obsession,Men,2,3700.0,13.6,6393.6,Net Banking,Delivered
ORD101288,2025-10-12,CUST00014,Myra Reddy,Hyderabad,Telangana,Ajmal,Ajmal Amber Wood,Men,1,2720.0,30.0,1904.0,Net Banking,Delivered
ORD101289,2025-10-12,CUST00145,Krishna Gupta,Visakhapatnam,Andhra Pradesh,Zara,Zara Woman Rose,Women,2,2350.0,15.5,3971.5,Debit Card,Delivered
ORD101290,2025-10-12,CUST00437,Tanvi Shah,Patna,Bihar,Dior,J'adore,Women,3,11430.0,11.8,30243.78,Net Banking,Delivered
ORD101291,2025-10-12,CUST00729,Vikram Das,Chennai,Tamil Nadu,Fogg,Fogg Femme,Women,3,910.0,13.7,2355.99,UPI,Delivered
ORD101292,2025-10-12,CUST00547,Amit Sharma,Delhi,Delhi,Versace,Bright Crystal,Women,4,4430.0,9.4,16054.32,UPI,Delivered
ORD101293,2025-10-12,CUST00787,Priya Naidu,Bengaluru,Karnataka,Ajmal,Ajmal Amber Wood,Men,1,1370.0,15.7,1154.91,UPI,Delivered
ORD101294,2025-10-12,CUST00075,Pooja Naidu,Delhi,Delhi,Wild Stone,Wild Stone Code Platinum,Men,1,1580.0,30.0,1106.0,UPI,Delivered
ORD101295,2025-10-12,CUST00321,Kabir Das,Pune,Maharashtra,Chanel,Chanel No. 5,Women,3,7030.0,23.8,16070.58,UPI,Delivered
ORD101296,2025-10-12,CUST00695,Rajesh Reddy,Chandigarh,Punjab,Fogg,Fogg Femme,Women,1,1050.0,18.6,854.7,Credit Card,Delivered
ORD101297,2025-10-13,CUST01116,Isha Singh,Coimbatore,Tamil Nadu,Versace,Eros,Men,1,5000.0,19.3,4035.0,Debit Card,Delivered
ORD101298,2025-10-13,CUST00513,Deepak Malhotra,Kolkata,West Bengal,Wild Stone,Wild Stone Hunter,Men,1,1600.0,23.6,1222.4,Debit Card,Delivered
ORD101299,2025-10-13,CUST01168,Sneha Agarwal,Pune,Maharashtra,Ajmal,Ajmal Evoke,Unisex,2,1280.0,23.3,1963.52,Debit Card,Delivered
ORD101300,2025-10-13,CUST01102,Lakshmi Menon,Hyderabad,Telangana,Calvin Klein,CK One,Unisex,1,5660.0,9.7,5110.98,UPI,Delivered
ORD101301,2025-10-13,CUST01097,Divya Rao,Hyderabad,Telangana,Ajmal,Ajmal Amber Wood,Men,2,3180.0,23.9,4839.96,Net Banking,Delivered
ORD101302,2025-10-13,CUST01097,Divya Rao,Hyderabad,Telangana,Calvin Klein,CK One,Unisex,4,3530.0,18.2,11550.16,UPI,Delivered
ORD101303,2025-10-14,CUST00669,Saanvi Malhotra,Delhi,Delhi,Gucci,Gucci Guilty,Unisex,2,10930.0,14.5,18690.3,UPI,Cancelled
ORD101304,2025-10-14,CUST00799,Aryan Mukherjee,Delhi,Delhi,Fogg,Fogg Femme,Women,2,1420.0,13.2,2465.12,Credit Card,Delivered
ORD101305,2025-10-14,CUST01209,Sai Mukherjee,Nagpur,Maharashtra,Burberry,Her,Women,3,5920.0,24.1,13479.84,Debit Card,Returned
ORD101306,2025-10-14,CUST00523,Pari Naidu,Kochi,Kerala,Wild Stone,Wild Stone Hunter,Men,2,990.0,5.3,1875.06,Cash on Delivery,Delivered
ORD101307,2025-10-14,CUST00578,Nikhil Reddy,Chennai,Tamil Nadu,Zara,Zara Unisex Oud,Unisex,1,1870.0,20.0,1496.0,Net Banking,Delivered
ORD101308,2025-10-14,CUST00401,Kabir Choudhary,Nashik,Maharashtra,Dior,Sauvage Elixir,Men,1,6520.0,19.7,5235.56,Net Banking,Cancelled
ORD101309,2025-10-14,CUST00765,Preeti Krishnan,Mumbai,Maharashtra,Burberry,Her,Women,4,5970.0,21.0,18865.2,Credit Card,Delivered
ORD101310,2025-10-14,CUST01157,Pooja Agarwal,Hyderabad,Telangana,Ajmal,Ajmal Evoke,Unisex,1,900.0,23.7,686.7,UPI,Delivered
ORD101311,2025-10-14,CUST00532,Vihaan Yadav,Visakhapatnam,Andhra Pradesh,Versace,Eros,Men,1,4770.0,7.7,4402.71,Debit Card,Delivered
ORD101312,2025-10-14,CUST01240,Ayaan Sharma,Delhi,Delhi,Armani,Code,Men,2,4520.0,28.3,6481.68,UPI,Delivered
ORD101313,2025-10-14,CUST00941,Nisha Kulkarni,Kolkata,West Bengal,Chanel,Coco Mademoiselle,Women,3,7130.0,20.5,17005.05,UPI,Delivered
ORD101314,2025-10-15,CUST00064,Sai Verma,Bengaluru,Karnataka,Armani,Code,Men,2,6530.0,18.9,10591.66,UPI,Returned
ORD101315,2025-10-15,CUST00487,Amit Nair,Nashik,Maharashtra,Dior,Miss Dior,Women,1,10060.0,15.9,8460.46,UPI,Delivered
ORD101316,2025-10-15,CUST00181,Ashok Banerjee,Lucknow,Uttar Pradesh,Fogg,Fogg Femme,Women,5,1330.0,14.1,5712.35,UPI,Delivered
ORD101317,2025-10-15,CUST00894,Kavya Agarwal,Bengaluru,Karnataka,Calvin Klein,Euphoria,Women,4,3450.0,16.6,11509.2,Credit Card,Delivered
ORD101318,2025-10-15,CUST01198,Dhruv Pillai,Bengaluru,Karnataka,Fogg,Fogg Scent Xpressio,Men,1,930.0,16.5,776.55,Credit Card,Delivered
ORD101319,2025-10-15,CUST00883,Swati Malhotra,Mumbai,Maharashtra,Fogg,Fogg Femme,Women,3,1390.0,30.0,2919.0,UPI,Delivered
ORD101320,2025-10-15,CUST00952,Kabir Patel,Bengaluru,Karnataka,Calvin Klein,CK One,Unisex,3,3360.0,8.5,9223.2,Net Banking,Delivered
ORD101321,2025-10-15,CUST00415,Vikram Malhotra,Mumbai,Maharashtra,Ajmal,Ajmal Amber Wood,Men,2,2110.0,10.4,3781.12,UPI,Delivered
ORD101322,2025-10-15,CUST00726,Rajesh Kulkarni,Chennai,Tamil Nadu,Fogg,Fogg Femme,Women,4,1790.0,19.1,5792.44,Debit Card,Delivered
ORD101323,2025-10-15,CUST00930,Tanvi Verma,Pune,Maharashtra,Versace,Bright Crystal,Women,1,3760.0,17.2,3113.28,UPI,Delivered
ORD101324,2025-10-15,CUST01059,Sanjay Banerjee,Mumbai,Maharashtra,Calvin Klein,Euphoria,Women,1,3640.0,26.0,2693.6,Net Banking,Delivered
ORD101325,2025-10-15,CUST00437,Tanvi Shah,Patna,Bihar,Ajmal,Ajmal Amber Wood,Men,2,2980.0,12.8,5197.12,UPI,Returned
ORD101326,2025-10-15,CUST00868,Ramesh Yadav,Bengaluru,Karnataka,Wild Stone,Wild Stone Hunter,Men,3,1160.0,30.0,2436.0,UPI,Delivered
ORD101327,2025-10-15,CUST00039,Rahul Rao,Mumbai,Maharashtra,Ajmal,Ajmal Amber Wood,Men,2,1810.0,18.0,2968.4,Cash on Delivery,Delivered
ORD101328,2025-10-16,CUST00044,Anil Verma,Nagpur,Maharashtra,Ajmal,Ajmal Wisal,Women,1,850.0,18.1,696.15,Net Banking,Delivered
ORD101329,2025-10-16,CUST01179,Vivaan Das,Lucknow,Uttar Pradesh,Versace,Eros,Men,2,4270.0,17.1,7079.66,UPI,Delivered
ORD101330,2025-10-16,CUST01053,Geeta Chatterjee,Indore,Madhya Pradesh,Fogg,Fogg Scent Xpressio,Men,1,1590.0,22.2,1237.02,UPI,Delivered
ORD101331,2025-10-16,CUST00605,Suresh Krishnan,Nashik,Maharashtra,Chanel,Chanel No. 5,Women,3,7780.0,21.9,18228.54,Cash on Delivery,Delivered
ORD101332,2025-10-16,CUST01171,Nikhil Rao,Delhi,Delhi,Zara,Zara Unisex Oud,Unisex,2,2750.0,30.0,3850.0,Debit Card,Delivered
ORD101333,2025-10-16,CUST00904,Amit Mehta,Hyderabad,Telangana,Wild Stone,Wild Stone Code Platinum,Men,3,1110.0,24.2,2524.14,Debit Card,Cancelled
ORD101334,2025-10-16,CUST00115,Krishna Rathi,Pune,Maharashtra,Ajmal,Ajmal Amber Wood,Men,1,1450.0,22.3,1126.65,Credit Card,Delivered
ORD101335,2025-10-16,CUST00299,Meera Singh,Hyderabad,Telangana,Ajmal,Ajmal Wisal,Women,1,1320.0,14.2,1132.56,Net Banking,Delivered
ORD101336,2025-10-16,CUST00611,Priya Singh,Delhi,Delhi,Wild Stone,Wild Stone Hunter,Men,1,1430.0,16.4,1195.48,Credit Card,Delivered
ORD101337,2025-10-16,CUST01127,Rahul Menon,Kolkata,West Bengal,Wild Stone,Wild Stone Code Platinum,Men,3,1220.0,10.6,3272.04,UPI,Delivered
ORD101338,2025-10-16,CUST00191,Ira Kumar,Indore,Madhya Pradesh,Ajmal,Ajmal Evoke,Unisex,2,2500.0,6.6,4670.0,Net Banking,Delivered
ORD101339,2025-10-16,CUST00547,Amit Sharma,Delhi,Delhi,Ajmal,Ajmal Amber Wood,Men,1,910.0,16.6,758.94,UPI,Delivered
ORD101340,2025-10-16,CUST00947,Ashok Menon,Indore,Madhya Pradesh,Wild Stone,Wild Stone Code Platinum,Men,1,920.0,20.0,736.0,Debit Card,Returned
ORD101341,2025-10-16,CUST00397,Kiran Mukherjee,Bengaluru,Karnataka,Zara,Zara Man Gold,Men,3,2400.0,24.2,5457.6,UPI,Delivered
ORD101342,2025-10-17,CUST00262,Deepak Reddy,Chandigarh,Punjab,Zara,Zara Woman Rose,Women,2,2460.0,30.0,3444.0,Credit Card,Delivered
ORD101343,2025-10-17,CUST00335,Aditya Menon,Hyderabad,Telangana,Fogg,Fogg Femme,Women,1,1150.0,18.4,938.4,UPI,Delivered
ORD101344,2025-10-17,CUST00583,Aditi Kulkarni,Pune,Maharashtra,Armani,Code,Men,1,3960.0,24.9,2973.96,Credit Card,Delivered
ORD101345,2025-10-17,CUST01117,Anjali Chatterjee,Chennai,Tamil Nadu,Wild Stone,Wild Stone Code Platinum,Men,1,1380.0,30.0,966.0,UPI,Delivered
ORD101346,2025-10-17,CUST01116,Isha Singh,Coimbatore,Tamil Nadu,Burberry,Hero,Men,1,5490.0,9.0,4995.9,Credit Card,Delivered
ORD101347,2025-10-17,CUST00904,Amit Mehta,Hyderabad,Telangana,Wild Stone,Wild Stone Code Platinum,Men,2,1460.0,9.4,2645.52,Cash on Delivery,Delivered
ORD101348,2025-10-17,CUST00201,Yash Das,Delhi,Delhi,Chanel,Coco Mademoiselle,Women,2,11800.0,7.7,21782.8,UPI,Delivered
ORD101349,2025-10-17,CUST00404,Kiran Naidu,Chandigarh,Punjab,Ajmal,Ajmal Wisal,Women,3,2670.0,25.4,5975.46,UPI,Delivered
ORD101350,2025-10-17,CUST01215,Sanjay Malhotra,Kochi,Kerala,Dior,Sauvage Elixir,Men,3,7360.0,10.3,19805.76,Cash on Delivery,Delivered
ORD101351,2025-10-17,CUST00550,Anjali Rao,Pune,Maharashtra,Ajmal,Ajmal Evoke,Unisex,2,2320.0,14.8,3953.28,Credit Card,Delivered
ORD101352,2025-10-18,CUST00057,Rajesh Shah,Nagpur,Maharashtra,Dior,Sauvage Elixir,Men,2,6150.0,6.5,11500.5,Debit Card,Delivered
ORD101353,2025-10-18,CUST00547,Amit Sharma,Delhi,Delhi,Versace,Bright Crystal,Women,2,8350.0,9.1,15180.3,UPI,Delivered
ORD101354,2025-10-18,CUST01204,Ayaan Rao,Nashik,Maharashtra,Gucci,Gucci Flora,Women,2,5620.0,7.9,10352.04,UPI,Delivered
ORD101355,2025-10-18,CUST00579,Saanvi Iyer,Chandigarh,Punjab,Wild Stone,Wild Stone Hunter,Men,4,1520.0,26.0,4499.2,Credit Card,Delivered
ORD101356,2025-10-18,CUST00474,Ishaan Verma,Visakhapatnam,Andhra Pradesh,Wild Stone,Wild Stone Hunter,Men,2,950.0,24.6,1432.6,UPI,Delivered
ORD101357,2025-10-18,CUST01179,Vivaan Das,Lucknow,Uttar Pradesh,Armani,Si Passione,Women,1,6200.0,8.9,5648.2,Net Banking,Delivered
ORD101358,2025-10-18,CUST01052,Dhruv Yadav,Delhi,Delhi,Gucci,Gucci Guilty,Unisex,4,4150.0,19.1,13429.4,UPI,Delivered
ORD101359,2025-10-18,CUST00429,Aarav Rathi,Indore,Madhya Pradesh,Versace,Eros,Men,3,5870.0,14.5,15056.55,UPI,Delivered
ORD101360,2025-10-18,CUST00492,Lakshmi Yadav,Bengaluru,Karnataka,Fogg,Fogg Femme,Women,1,870.0,30.0,609.0,Cash on Delivery,Delivered
ORD101361,2025-10-18,CUST00228,Kabir Chatterjee,Nashik,Maharashtra,Fogg,Fogg Femme,Women,1,900.0,5.3,852.3,UPI,Delivered
ORD101362,2025-10-18,CUST00990,Ananya Shah,Visakhapatnam,Andhra Pradesh,Gucci,Gucci Guilty,Unisex,1,9660.0,25.9,7158.06,Debit Card,Delivered
ORD101363,2025-10-18,CUST00954,Aditya Das,Jaipur,Rajasthan,Calvin Klein,Obsession,Men,3,2590.0,15.2,6588.96,UPI,Delivered
ORD101364,2025-10-18,CUST00537,Divya Shah,Hyderabad,Telangana,Wild Stone,Wild Stone Hunter,Men,1,1320.0,30.0,924.0,Cash on Delivery,Delivered
ORD101365,2025-10-18,CUST00990,Ananya Shah,Visakhapatnam,Andhra Pradesh,Zara,Zara Man Gold,Men,4,1060.0,16.4,3544.64,Debit Card,Delivered
ORD101366,2025-10-18,CUST00325,Yash Mukherjee,Pune,Maharashtra,Versace,Bright Crystal,Women,1,3580.0,24.4,2706.48,Credit Card,Delivered
ORD101367,2025-10-18,CUST00405,Preeti Naidu,Delhi,Delhi,Zara,Zara Man Gold,Men,1,2300.0,28.5,1644.5,Cash on Delivery,Delivered
ORD101368,2025-10-19,CUST00030,Amit Malhotra,Ahmedabad,Gujarat,Versace,Eros,Men,2,4710.0,18.4,7686.72,Net Banking,Delivered
ORD101369,2025-10-19,CUST00947,Ashok Menon,Indore,Madhya Pradesh,Ajmal,Ajmal Amber Wood,Men,1,1870.0,19.4,1507.22,UPI,Delivered
ORD101370,2025-10-19,CUST01102,Lakshmi Menon,Hyderabad,Telangana,Calvin Klein,Obsession,Men,3,3200.0,15.3,8131.2,UPI,Delivered
ORD101371,2025-10-19,CUST00627,Suresh Chatterjee,Jaipur,Rajasthan,Calvin Klein,Euphoria,Women,1,5320.0,11.9,4686.92,UPI,Delivered
ORD101372,2025-10-19,CUST00535,Anil Desai,Kochi,Kerala,Armani,Acqua di Gio,Men,4,4070.0,12.1,14310.12,Debit Card,Delivered
ORD101373,2025-10-19,CUST00883,Swati Malhotra,Mumbai,Maharashtra,Burberry,Her,Women,4,8150.0,14.6,27840.4,Net Banking,Delivered
ORD101374,2025-10-19,CUST00138,Neha Choudhary,Mumbai,Maharashtra,Ajmal,Ajmal Amber Wood,Men,1,1830.0,17.2,1515.24,UPI,Delivered
ORD101375,2025-10-19,CUST01231,Pari Nair,Patna,Bihar,Zara,Zara Man Gold,Men,3,1330.0,22.5,3092.25,Credit Card,Returned
ORD101376,2025-10-19,CUST01112,Rajesh Shah,Bengaluru,Karnataka,Fogg,Fogg Scent Xpressio,Men,1,1680.0,23.3,1288.56,UPI,Delivered
ORD101377,2025-10-19,CUST00603,Kavya Naidu,Mumbai,Maharashtra,Fogg,Fogg Femme,Women,4,970.0,15.1,3294.12,UPI,Delivered
ORD101378,2025-10-19,CUST00227,Kabir Menon,Chennai,Tamil Nadu,Ajmal,Ajmal Wisal,Women,1,3090.0,16.1,2592.51,Cash on Delivery,Delivered
ORD101379,2025-10-19,CUST00541,Diya Reddy,Lucknow,Uttar Pradesh,Armani,Acqua di Gio,Men,4,4150.0,26.6,12184.4,UPI,Delivered
ORD101380,2025-10-20,CUST00790,Anjali Joshi,Bhopal,Madhya Pradesh,Armani,Code,Men,2,6820.0,3.8,13121.68,UPI,Delivered
ORD101381,2025-10-20,CUST00309,Yash Joshi,Delhi,Delhi,Fogg,Fogg Femme,Women,1,1400.0,12.6,1223.6,Cash on Delivery,Delivered
ORD101382,2025-10-20,CUST00883,Swati Malhotra,Mumbai,Maharashtra,Versace,Eros,Men,2,7500.0,19.8,12030.0,UPI,Returned
ORD101383,2025-10-20,CUST00756,Shreya Gupta,Mumbai,Maharashtra,Calvin Klein,Euphoria,Women,2,4070.0,15.3,6894.58,UPI,Delivered
ORD101384,2025-10-20,CUST00458,Sunita Shah,Jaipur,Rajasthan,Calvin Klein,Euphoria,Women,3,6700.0,17.5,16582.5,Cash on Delivery,Delivered
ORD101385,2025-10-20,CUST00535,Anil Desai,Kochi,Kerala,Fogg,Fogg Scent Xpressio,Men,2,880.0,18.4,1436.16,UPI,Delivered
ORD101386,2025-10-20,CUST00397,Kiran Mukherjee,Delhi,Delhi,Wild Stone,Wild Stone Hunter,Men,1,1320.0,30.0,924.0,Debit Card,Delivered
ORD101387,2025-10-20,CUST00679,Varun Reddy,Mumbai,Maharashtra,Fogg,Fogg Femme,Women,4,1520.0,11.5,5380.8,UPI,Delivered
ORD101388,2025-10-20,CUST00057,Rajesh Shah,Nagpur,Maharashtra,Ajmal,Ajmal Wisal,Women,3,960.0,16.9,2393.28,Debit Card,Delivered
ORD101389,2025-10-20,CUST00490,Divya Sharma,Hyderabad,Telangana,Gucci,Gucci Guilty,Unisex,2,4630.0,26.8,6778.32,Debit Card,Delivered
ORD101390,2025-10-20,CUST00311,Amit Verma,Nashik,Maharashtra,Chanel,Bleu de Chanel,Men,2,7700.0,20.5,12243.0,UPI,Returned
ORD101391,2025-10-21,CUST00694,Aadhya Menon,Lucknow,Uttar Pradesh,Ajmal,Ajmal Amber Wood,Men,5,2460.0,7.0,11439.0,Cash on Delivery,Delivered
ORD101392,2025-10-21,CUST00522,Meera Banerjee,Kochi,Kerala,Fogg,Fogg Femme,Women,4,1130.0,22.0,3525.6,Credit Card,Delivered
ORD101393,2025-10-21,CUST01052,Dhruv Yadav,Delhi,Delhi,Gucci,Gucci Bloom,Women,3,5720.0,15.1,14568.84,Credit Card,Delivered
ORD101394,2025-10-21,CUST00639,Neha Mukherjee,Pune,Maharashtra,Wild Stone,Wild Stone Hunter,Men,2,1230.0,30.0,1722.0,UPI,Delivered
ORD101395,2025-10-21,CUST01026,Aarav Sharma,Pune,Maharashtra,Ajmal,Ajmal Amber Wood,Men,2,1720.0,22.4,2669.44,Cash on Delivery,Delivered
ORD101396,2025-10-21,CUST00160,Anika Das,Jaipur,Rajasthan,Fogg,Fogg Femme,Women,1,1380.0,13.8,1189.56,Cash on Delivery,Delivered
ORD101397,2025-10-21,CUST01007,Ananya Menon,Chennai,Tamil Nadu,Burberry,Her,Women,1,7460.0,14.3,6393.22,UPI,Delivered
ORD101398,2025-10-21,CUST00401,Kabir Choudhary,Nashik,Maharashtra,Zara,Zara Man Gold,Men,1,2790.0,10.7,2491.47,Net Banking,Delivered
ORD101399,2025-10-22,CUST00810,Aditya Kulkarni,Mumbai,Maharashtra,Wild Stone,Wild Stone Code Platinum,Men,2,1570.0,30.0,2198.0,UPI,Delivered
ORD101400,2025-10-22,CUST01116,Isha Singh,Coimbatore,Tamil Nadu,Ajmal,Ajmal Evoke,Unisex,2,1640.0,27.0,2394.4,UPI,Delivered
ORD101401,2025-10-22,CUST00967,Kabir Bansal,Pune,Maharashtra,Ajmal,Ajmal Amber Wood,Men,2,2770.0,30.0,3878.0,UPI,Delivered
ORD101402,2025-10-22,CUST01098,Divya Chatterjee,Bengaluru,Karnataka,Fogg,Fogg Scent Xpressio,Men,2,1650.0,11.7,2913.9,UPI,Delivered
ORD101403,2025-10-22,CUST00494,Aditi Nair,Bengaluru,Karnataka,Fogg,Fogg Femme,Women,4,1630.0,26.5,4792.2,UPI,Delivered
ORD101404,2025-10-22,CUST00467,Aditi Kulkarni,Indore,Madhya Pradesh,Versace,Eros,Men,1,9270.0,14.7,7907.31,Cash on Delivery,Delivered
ORD101405,2025-10-22,CUST00297,Ira Chatterjee,Bengaluru,Karnataka,Wild Stone,Wild Stone Hunter,Men,1,820.0,30.0,574.0,UPI,Delivered
ORD101406,2025-10-22,CUST01145,Meera Desai,Visakhapatnam,Andhra Pradesh,Gucci,Gucci Guilty,Unisex,2,8910.0,12.0,15681.6,UPI,Delivered
ORD101407,2025-10-22,CUST00154,Anjali Desai,Nashik,Maharashtra,Chanel,Bleu de Chanel,Men,3,10860.0,17.9,26748.18,UPI,Delivered
ORD101408,2025-10-22,CUST01158,Myra Mishra,Chennai,Tamil Nadu,Wild Stone,Wild Stone Code Platinum,Men,2,1090.0,29.0,1547.8,UPI,Delivered
ORD101409,2025-10-22,CUST00773,Neha Agarwal,Delhi,Delhi,Ajmal,Ajmal Wisal,Women,2,2170.0,18.9,3519.74,Cash on Delivery,Delivered
ORD101410,2025-10-23,CUST00547,Amit Sharma,Delhi,Delhi,Ajmal,Ajmal Evoke,Unisex,1,1240.0,9.5,1122.2,UPI,Delivered
ORD101411,2025-10-23,CUST00036,Shreya Chatterjee,Hyderabad,Telangana,Fogg,Fogg Scent Xpressio,Men,1,1500.0,21.2,1182.0,UPI,Delivered
ORD101412,2025-10-23,CUST01110,Geeta Krishnan,Chandigarh,Punjab,Ajmal,Ajmal Wisal,Women,4,1610.0,30.0,4508.0,UPI,Delivered
ORD101413,2025-10-23,CUST01078,Ayaan Sharma,Mumbai,Maharashtra,Wild Stone,Wild Stone Hunter,Men,2,1030.0,26.8,1507.92,Net Banking,Delivered
ORD101414,2025-10-23,CUST00729,Vikram Das,Chennai,Tamil Nadu,Fogg,Fogg Femme,Women,2,830.0,7.1,1542.14,UPI,Delivered
ORD101415,2025-10-23,CUST00338,Rahul Das,Chandigarh,Punjab,Wild Stone,Wild Stone Code Platinum,Men,1,810.0,13.6,699.84,UPI,Delivered
ORD101416,2025-10-23,CUST00669,Saanvi Malhotra,Delhi,Delhi,Versace,Dylan Blue,Men,1,8760.0,10.5,7840.2,Credit Card,Delivered
ORD101417,2025-10-23,CUST01183,Sunil Choudhary,Pune,Maharashtra,Zara,Zara Man Gold,Men,1,2650.0,26.9,1937.15,UPI,Delivered
ORD101418,2025-10-23,CUST00403,Ananya Krishnan,Delhi,Delhi,Zara,Zara Unisex Oud,Unisex,3,1700.0,30.0,3570.0,UPI,Delivered
ORD101419,2025-10-23,CUST00579,Saanvi Iyer,Pune,Maharashtra,Wild Stone,Wild Stone Code Platinum,Men,4,1580.0,5.5,5972.4,UPI,Delivered
ORD101420,2025-10-23,CUST00145,Krishna Gupta,Visakhapatnam,Andhra Pradesh,Armani,Code,Men,1,6900.0,17.3,5706.3,Cash on Delivery,Cancelled
ORD101421,2025-10-23,CUST00489,Manoj Nair,Ahmedabad,Gujarat,Ajmal,Ajmal Wisal,Women,3,2590.0,8.9,7078.47,Debit Card,Delivered
ORD101422,2025-10-23,CUST00294,Sai Chatterjee,Kolkata,West Bengal,Calvin Klein,Euphoria,Women,1,6170.0,20.1,4929.83,UPI,Delivered
ORD101423,2025-10-23,CUST00160,Anika Das,Jaipur,Rajasthan,Fogg,Fogg Femme,Women,2,1440.0,24.2,2183.04,Credit Card,Delivered
ORD101424,2025-10-24,CUST00265,Vikram Malhotra,Visakhapatnam,Andhra Pradesh,Ajmal,Ajmal Evoke,Unisex,1,2730.0,9.0,2484.3,Debit Card,Delivered
ORD101425,2025-10-24,CUST00425,Anjali Kulkarni,Ahmedabad,Gujarat,Zara,Zara Man Gold,Men,1,1110.0,23.8,845.82,Debit Card,Delivered
ORD101426,2025-10-24,CUST00893,Krishna Mehta,Delhi,Delhi,Armani,Acqua di Gio,Men,1,8160.0,11.8,7197.12,UPI,Cancelled
ORD101427,2025-10-24,CUST01029,Vikram Desai,Indore,Madhya Pradesh,Versace,Eros,Men,1,6750.0,3.3,6527.25,UPI,Delivered
ORD101428,2025-10-24,CUST00669,Saanvi Malhotra,Delhi,Delhi,Fogg,Fogg Femme,Women,3,1560.0,10.4,4193.28,UPI,Delivered
ORD101429,2025-10-24,CUST01017,Kiran Gupta,Visakhapatnam,Andhra Pradesh,Fogg,Fogg Femme,Women,4,1440.0,17.5,4752.0,Debit Card,Delivered
ORD101430,2025-10-25,CUST00719,Saanvi Bansal,Hyderabad,Telangana,Tom Ford,Tobacco Vanille,Unisex,1,11860.0,19.3,9571.02,UPI,Delivered
ORD101431,2025-10-25,CUST00028,Rajesh Iyer,Pune,Maharashtra,Dior,J'adore,Women,1,10430.0,4.7,9939.79,UPI,Delivered
ORD101432,2025-10-25,CUST01240,Ayaan Sharma,Bengaluru,Karnataka,Armani,Acqua di Gio,Men,1,8690.0,14.1,7464.71,Net Banking,Delivered
ORD101433,2025-10-25,CUST00416,Yash Banerjee,Mumbai,Maharashtra,Zara,Zara Unisex Oud,Unisex,2,1440.0,26.2,2125.44,Debit Card,Delivered
ORD101434,2025-10-25,CUST01097,Divya Rao,Hyderabad,Telangana,Zara,Zara Unisex Oud,Unisex,1,2330.0,25.6,1733.52,Net Banking,Delivered
ORD101435,2025-10-25,CUST01241,Arjun Rao,Surat,Gujarat,Versace,Eros,Men,2,4080.0,23.6,6234.24,UPI,Delivered
ORD101436,2025-10-25,CUST00181,Ashok Banerjee,Lucknow,Uttar Pradesh,Calvin Klein,Euphoria,Women,1,2950.0,14.8,2513.4,UPI,Cancelled
ORD101437,2025-10-25,CUST01245,Ishaan Choudhary,Mumbai,Maharashtra,Gucci,Gucci Bloom,Women,2,8110.0,5.4,15344.12,UPI,Delivered
ORD101438,2025-10-25,CUST01215,Sanjay Malhotra,Kochi,Kerala,Wild Stone,Wild Stone Hunter,Men,1,1480.0,8.6,1352.72,UPI,Delivered
ORD101439,2025-10-25,CUST00726,Rajesh Kulkarni,Chennai,Tamil Nadu,Versace,Dylan Blue,Men,3,6280.0,14.1,16183.56,Cash on Delivery,Delivered
ORD101440,2025-10-25,CUST00549,Ananya Joshi,Mumbai,Maharashtra,Fogg,Fogg Scent Xpressio,Men,3,1520.0,16.0,3830.4,UPI,Returned
ORD101441,2025-10-25,CUST00213,Krishna Naidu,Delhi,Delhi,Dior,Miss Dior,Women,2,9410.0,24.2,14265.56,Net Banking,Returned
ORD101442,2025-10-25,CUST00669,Saanvi Malhotra,Delhi,Delhi,Chanel,Coco Mademoiselle,Women,2,11750.0,22.2,18283.0,UPI,Delivered
ORD101443,2025-10-25,CUST00032,Rekha Mukherjee,Chandigarh,Punjab,Ajmal,Ajmal Wisal,Women,4,2360.0,27.7,6825.12,Cash on Delivery,Delivered
ORD101444,2025-10-25,CUST01127,Rahul Menon,Kolkata,West Bengal,Fogg,Fogg Scent Xpressio,Men,1,1590.0,30.0,1113.0,UPI,Returned
ORD101445,2025-10-25,CUST01102,Lakshmi Menon,Hyderabad,Telangana,Fogg,Fogg Scent Xpressio,Men,2,1660.0,8.2,3047.76,Credit Card,Delivered
ORD101446,2025-10-26,CUST00985,Amit Kulkarni,Jaipur,Rajasthan,Fogg,Fogg Scent Xpressio,Men,4,1570.0,4.7,5984.84,Net Banking,Returned
ORD101447,2025-10-26,CUST00985,Amit Kulkarni,Jaipur,Rajasthan,Gucci,Gucci Guilty,Unisex,1,8270.0,2.9,8030.17,Debit Card,Delivered
ORD101448,2025-10-26,CUST01240,Ayaan Sharma,Bengaluru,Karnataka,Calvin Klein,Euphoria,Women,1,5330.0,18.7,4333.29,Net Banking,Returned
ORD101449,2025-10-26,CUST00993,Anil Choudhary,Bhopal,Madhya Pradesh,Calvin Klein,Obsession,Men,2,3140.0,26.0,4647.2,Credit Card,Delivered
ORD101450,2025-10-26,CUST00217,Geeta Banerjee,Bhopal,Madhya Pradesh,Dior,Sauvage Elixir,Men,2,11770.0,9.1,21397.86,UPI,Delivered
ORD101451,2025-10-26,CUST00702,Sunil Naidu,Mumbai,Maharashtra,Calvin Klein,Euphoria,Women,2,2920.0,5.1,5542.16,UPI,Delivered
ORD101452,2025-10-26,CUST00453,Anika Iyer,Delhi,Delhi,Armani,Acqua di Gio,Men,1,5040.0,23.9,3835.44,Debit Card,Delivered
ORD101453,2025-10-26,CUST00084,Tanvi Yadav,Kolkata,West Bengal,Wild Stone,Wild Stone Hunter,Men,2,940.0,19.1,1520.92,Debit Card,Delivered
ORD101454,2025-10-26,CUST00965,Divya Mukherjee,Jaipur,Rajasthan,Zara,Zara Man Gold,Men,1,1800.0,3.8,1731.6,Cash on Delivery,Delivered
ORD101455,2025-10-26,CUST00286,Manoj Kulkarni,Hyderabad,Telangana,Wild Stone,Wild Stone Code Platinum,Men,4,1320.0,30.0,3696.0,Cash on Delivery,Cancelled
ORD101456,2025-10-26,CUST00362,Sneha Shah,Jaipur,Rajasthan,Fogg,Fogg Femme,Women,3,1370.0,9.1,3735.99,UPI,Cancelled
ORD101457,2025-10-26,CUST00416,Yash Banerjee,Mumbai,Maharashtra,Fogg,Fogg Femme,Women,1,1200.0,7.7,1107.6,Credit Card,Delivered
ORD101458,2025-10-27,CUST00873,Ishaan Sharma,Delhi,Delhi,Zara,Zara Unisex Oud,Unisex,1,1600.0,12.0,1408.0,UPI,Delivered
ORD101459,2025-10-27,CUST00985,Amit Kulkarni,Chennai,Tamil Nadu,Calvin Klein,Obsession,Men,1,5570.0,15.7,4695.51,UPI,Delivered
ORD101460,2025-10-27,CUST00351,Reyansh Menon,Visakhapatnam,Andhra Pradesh,Fogg,Fogg Femme,Women,4,1680.0,30.0,4704.0,UPI,Delivered
ORD101461,2025-10-27,CUST00688,Diya Gupta,Visakhapatnam,Andhra Pradesh,Ajmal,Ajmal Evoke,Unisex,5,2350.0,10.3,10539.75,UPI,Delivered
ORD101462,2025-10-27,CUST01052,Dhruv Yadav,Delhi,Delhi,Fogg,Fogg Femme,Women,2,1620.0,30.0,2268.0,Credit Card,Returned
ORD101463,2025-10-27,CUST01218,Ashok Gupta,Surat,Gujarat,Fogg,Fogg Femme,Women,1,1090.0,8.8,994.08,Credit Card,Delivered
ORD101464,2025-10-27,CUST01102,Lakshmi Menon,Hyderabad,Telangana,Chanel,Coco Mademoiselle,Women,1,5510.0,20.8,4363.92,UPI,Delivered
ORD101465,2025-10-27,CUST00503,Vihaan Rao,Lucknow,Uttar Pradesh,Ajmal,Ajmal Wisal,Women,1,1020.0,30.0,714.0,Credit Card,Returned
ORD101466,2025-10-27,CUST00580,Sanya Naidu,Indore,Madhya Pradesh,Burberry,Hero,Men,1,8480.0,4.9,8064.48,Credit Card,Delivered
ORD101467,2025-10-27,CUST00513,Deepak Malhotra,Kolkata,West Bengal,Ajmal,Ajmal Wisal,Women,1,2560.0,12.8,2232.32,Net Banking,Returned
ORD101468,2025-10-27,CUST00138,Neha Choudhary,Lucknow,Uttar Pradesh,Gucci,Gucci Flora,Women,5,5400.0,4.8,25704.0,Cash on Delivery,Delivered
ORD101469,2025-10-27,CUST01098,Divya Chatterjee,Bengaluru,Karnataka,Armani,Acqua di Gio,Men,4,8980.0,11.9,31645.52,Debit Card,Delivered
ORD101470,2025-10-27,CUST00356,Suresh Naidu,Coimbatore,Tamil Nadu,Fogg,Fogg Scent Xpressio,Men,2,1280.0,30.0,1792.0,Credit Card,Delivered
ORD101471,2025-10-27,CUST00569,Krishna Sharma,Kolkata,West Bengal,Wild Stone,Wild Stone Hunter,Men,4,920.0,14.7,3139.04,Cash on Delivery,Delivered
ORD101472,2025-10-27,CUST00309,Yash Joshi,Delhi,Delhi,Ajmal,Ajmal Wisal,Women,1,1570.0,27.3,1141.39,UPI,Delivered
ORD101473,2025-10-27,CUST00523,Pari Naidu,Kochi,Kerala,Zara,Zara Unisex Oud,Unisex,3,1620.0,30.0,3402.0,Credit Card,Delivered
ORD101474,2025-10-27,CUST00932,Vivaan Kulkarni,Bengaluru,Karnataka,Zara,Zara Unisex Oud,Unisex,1,1720.0,14.1,1477.48,Credit Card,Delivered
ORD101475,2025-10-28,CUST00942,Preeti Malhotra,Chennai,Tamil Nadu,Zara,Zara Unisex Oud,Unisex,3,2550.0,24.0,5814.0,UPI,Delivered
ORD101476,2025-10-28,CUST00697,Aditya Joshi,Pune,Maharashtra,Versace,Dylan Blue,Men,2,5120.0,13.7,8837.12,Net Banking,Delivered
ORD101477,2025-10-28,CUST00904,Amit Mehta,Hyderabad,Telangana,Chanel,Coco Mademoiselle,Women,1,5480.0,26.0,4055.2,Net Banking,Delivered
ORD101478,2025-10-28,CUST00403,Ananya Krishnan,Delhi,Delhi,Armani,Si Passione,Women,2,7420.0,23.9,11293.24,Debit Card,Delivered
ORD101479,2025-10-28,CUST01020,Yash Gupta,Surat,Gujarat,Zara,Zara Man Gold,Men,1,2170.0,20.5,1725.15,Cash on Delivery,Delivered
ORD101480,2025-10-28,CUST00732,Tanvi Verma,Ahmedabad,Gujarat,Ajmal,Ajmal Amber Wood,Men,4,1020.0,20.3,3251.76,UPI,Cancelled
ORD101481,2025-10-29,CUST01084,Sai Yadav,Pune,Maharashtra,Armani,Si Passione,Women,2,7640.0,12.1,13431.12,UPI,Cancelled
ORD101482,2025-10-29,CUST00532,Vihaan Yadav,Visakhapatnam,Andhra Pradesh,Fogg,Fogg Femme,Women,1,1220.0,21.3,960.14,UPI,Delivered
ORD101483,2025-10-29,CUST00732,Tanvi Verma,Ahmedabad,Gujarat,Ajmal,Ajmal Wisal,Women,1,1190.0,12.5,1041.25,UPI,Delivered
ORD101484,2025-10-29,CUST00790,Anjali Joshi,Nashik,Maharashtra,Zara,Zara Unisex Oud,Unisex,2,2220.0,20.8,3516.48,UPI,Delivered
ORD101485,2025-10-29,CUST00187,Ira Chatterjee,Hyderabad,Telangana,Fogg,Fogg Femme,Women,2,1580.0,11.2,2806.08,UPI,Delivered
ORD101486,2025-10-29,CUST00921,Diya Gupta,Coimbatore,Tamil Nadu,Ajmal,Ajmal Amber Wood,Men,1,2400.0,13.6,2073.6,Cash on Delivery,Delivered
ORD101487,2025-10-29,CUST00419,Sanjay Shah,Bhopal,Madhya Pradesh,Fogg,Fogg Femme,Women,3,1790.0,16.5,4483.95,Credit Card,Delivered
ORD101488,2025-10-29,CUST00151,Aditya Rathi,Hyderabad,Telangana,Ajmal,Ajmal Evoke,Unisex,1,2570.0,28.5,1837.55,Cash on Delivery,Delivered
ORD101489,2025-10-29,CUST00583,Aditi Kulkarni,Pune,Maharashtra,Fogg,Fogg Scent Xpressio,Men,3,1260.0,25.7,2808.54,UPI,Delivered
ORD101490,2025-10-29,CUST00750,Sanjay Agarwal,Delhi,Delhi,Wild Stone,Wild Stone Hunter,Men,1,890.0,30.0,623.0,UPI,Cancelled
ORD101491,2025-10-29,CUST00840,Sanjay Reddy,Bengaluru,Karnataka,Zara,Zara Man Gold,Men,2,1890.0,10.2,3394.44,UPI,Delivered
ORD101492,2025-10-30,CUST00154,Anjali Desai,Nashik,Maharashtra,Armani,Code,Men,3,8080.0,16.2,20313.12,UPI,Returned
ORD101493,2025-10-30,CUST00753,Lakshmi Choudhary,Mumbai,Maharashtra,Wild Stone,Wild Stone Hunter,Men,2,1580.0,7.9,2910.36,Credit Card,Delivered
ORD101494,2025-10-30,CUST00049,Meera Krishnan,Visakhapatnam,Andhra Pradesh,Dior,Sauvage Elixir,Men,1,11840.0,10.0,10656.0,Credit Card,Delivered
ORD101495,2025-10-30,CUST00187,Ira Chatterjee,Hyderabad,Telangana,Ajmal,Ajmal Amber Wood,Men,2,1200.0,13.1,2085.6,UPI,Delivered
ORD101496,2025-10-30,CUST00513,Deepak Malhotra,Kolkata,West Bengal,Gucci,Gucci Flora,Women,1,10670.0,21.6,8365.28,Credit Card,Delivered
ORD101497,2025-10-30,CUST00461,Yash Krishnan,Jaipur,Rajasthan,Ajmal,Ajmal Wisal,Women,3,830.0,29.5,1755.45,Credit Card,Delivered
ORD101498,2025-10-30,CUST00484,Sai Krishnan,Chennai,Tamil Nadu,Fogg,Fogg Femme,Women,1,1700.0,30.0,1190.0,Debit Card,Delivered
ORD101499,2025-10-30,CUST00056,Neha Malhotra,Delhi,Delhi,Ajmal,Ajmal Wisal,Women,2,2480.0,9.1,4508.64,UPI,Returned
ORD101500,2025-10-30,CUST00688,Diya Gupta,Visakhapatnam,Andhra Pradesh,Calvin Klein,Obsession,Men,1,4350.0,19.8,3488.7,Debit Card,Delivered
ORD101501,2025-10-30,CUST00645,Nisha Iyer,Surat,Gujarat,Zara,Zara Man Gold,Men,2,1890.0,13.6,3265.92,Cash on Delivery,Delivered
ORD101502,2025-10-30,CUST00429,Aarav Rathi,Indore,Madhya Pradesh,Zara,Zara Man Gold,Men,3,1230.0,9.4,3343.14,UPI,Delivered
ORD101503,2025-10-30,CUST00431,Rohan Gupta,Kolkata,West Bengal,Fogg,Fogg Scent Xpressio,Men,1,1390.0,28.2,998.02,UPI,Delivered
ORD101504,2025-10-30,CUST01120,Divya Agarwal,Bhopal,Madhya Pradesh,Zara,Zara Unisex Oud,Unisex,1,2510.0,13.1,2181.19,Credit Card,Delivered
ORD101505,2025-10-30,CUST01241,Arjun Rao,Ahmedabad,Gujarat,Wild Stone,Wild Stone Hunter,Men,2,1030.0,19.0,1668.6,Credit Card,Delivered
ORD101506,2025-10-30,CUST00140,Rajesh Desai,Nagpur,Maharashtra,Armani,Si Passione,Women,1,8970.0,8.4,8216.52,UPI,Delivered
ORD101507,2025-10-30,CUST00968,Anika Shah,Bengaluru,Karnataka,Zara,Zara Woman Rose,Women,1,2130.0,8.2,1955.34,Credit Card,Delivered
ORD101508,2025-10-31,CUST00781,Sanya Agarwal,Mumbai,Maharashtra,Wild Stone,Wild Stone Hunter,Men,1,1200.0,12.9,1045.2,Credit Card,Cancelled
ORD101509,2025-10-31,CUST00955,Sanya Mukherjee,Delhi,Delhi,Wild Stone,Wild Stone Code Platinum,Men,1,1160.0,30.0,812.0,UPI,Delivered
ORD101510,2025-10-31,CUST01078,Ayaan Sharma,Mumbai,Maharashtra,Wild Stone,Wild Stone Code Platinum,Men,1,1030.0,7.9,948.63,UPI,Delivered
ORD101511,2025-10-31,CUST00303,Aryan Mehta,Delhi,Delhi,Wild Stone,Wild Stone Hunter,Men,2,1160.0,27.7,1677.36,Net Banking,Delivered
ORD101512,2025-10-31,CUST00990,Ananya Shah,Visakhapatnam,Andhra Pradesh,Ajmal,Ajmal Wisal,Women,1,1930.0,19.5,1553.65,Credit Card,Delivered
ORD101513,2025-10-31,CUST01231,Pari Nair,Bhopal,Madhya Pradesh,Calvin Klein,Obsession,Men,3,4360.0,9.1,11889.72,Net Banking,Delivered
ORD101514,2025-10-31,CUST00057,Rajesh Shah,Nagpur,Maharashtra,Calvin Klein,CK One,Unisex,2,5840.0,4.6,11142.72,Cash on Delivery,Delivered
ORD101515,2025-10-31,CUST01160,Kavya Mishra,Delhi,Delhi,Ajmal,Ajmal Evoke,Unisex,1,1340.0,15.4,1133.64,Debit Card,Delivered
ORD101516,2025-10-31,CUST00842,Anika Chatterjee,Bengaluru,Karnataka,Calvin Klein,Euphoria,Women,2,3690.0,28.8,5254.56,UPI,Delivered
ORD101517,2025-11-01,CUST00415,Vikram Malhotra,Hyderabad,Telangana,Fogg,Fogg Scent Xpressio,Men,3,1210.0,12.2,3187.14,UPI,Delivered
ORD101518,2025-11-01,CUST00542,Tanvi Menon,Chennai,Tamil Nadu,Calvin Klein,Obsession,Men,5,2570.0,13.2,11153.8,UPI,Returned
ORD101519,2025-11-01,CUST00611,Priya Singh,Delhi,Delhi,Ajmal,Ajmal Wisal,Women,1,2760.0,18.4,2252.16,Cash on Delivery,Delivered
ORD101520,2025-11-01,CUST00461,Yash Krishnan,Jaipur,Rajasthan,Ajmal,Ajmal Wisal,Women,4,1600.0,16.0,5376.0,Credit Card,Cancelled
ORD101521,2025-11-01,CUST00224,Riya Gupta,Bengaluru,Karnataka,Ajmal,Ajmal Evoke,Unisex,2,3140.0,23.6,4797.92,UPI,Delivered
ORD101522,2025-11-01,CUST00866,Amit Malhotra,Pune,Maharashtra,Versace,Dylan Blue,Men,1,8470.0,10.9,7546.77,UPI,Cancelled
ORD101523,2025-11-01,CUST00547,Amit Sharma,Delhi,Delhi,Wild Stone,Wild Stone Hunter,Men,1,900.0,23.4,689.4,UPI,Delivered
ORD101524,2025-11-01,CUST00965,Divya Mukherjee,Delhi,Delhi,Gucci,Gucci Bloom,Women,4,10330.0,9.4,37435.92,Credit Card,Cancelled
ORD101525,2025-11-01,CUST01103,Amit Pillai,Chandigarh,Punjab,Wild Stone,Wild Stone Hunter,Men,1,880.0,10.0,792.0,UPI,Delivered
ORD101526,2025-11-01,CUST00985,Amit Kulkarni,Jaipur,Rajasthan,Gucci,Gucci Flora,Women,2,8420.0,13.8,14516.08,UPI,Delivered
ORD101527,2025-11-01,CUST00580,Sanya Naidu,Indore,Madhya Pradesh,Fogg,Fogg Scent Xpressio,Men,1,1430.0,27.3,1039.61,UPI,Delivered
ORD101528,2025-11-01,CUST00829,Vivaan Joshi,Hyderabad,Telangana,Fogg,Fogg Femme,Women,1,1750.0,13.0,1522.5,Credit Card,Delivered
ORD101529,2025-11-02,CUST01021,Aarav Nair,Kolkata,West Bengal,Fogg,Fogg Scent Xpressio,Men,1,1240.0,19.7,995.72,Net Banking,Delivered
ORD101530,2025-11-02,CUST00796,Anika Menon,Nashik,Maharashtra,Dior,Miss Dior,Women,2,4710.0,9.6,8515.68,Net Banking,Delivered
ORD101531,2025-11-02,CUST00404,Kiran Naidu,Mumbai,Maharashtra,Fogg,Fogg Femme,Women,1,1180.0,18.4,962.88,UPI,Delivered
ORD101532,2025-11-02,CUST01137,Pooja Choudhary,Hyderabad,Telangana,Ajmal,Ajmal Evoke,Unisex,1,1890.0,27.2,1375.92,Credit Card,Returned
ORD101533,2025-11-02,CUST00429,Aarav Rathi,Indore,Madhya Pradesh,Zara,Zara Unisex Oud,Unisex,2,1360.0,22.1,2118.88,Credit Card,Delivered
ORD101534,2025-11-02,CUST00942,Preeti Malhotra,Chennai,Tamil Nadu,Zara,Zara Man Gold,Men,4,1920.0,11.3,6812.16,Debit Card,Returned
ORD101535,2025-11-02,CUST00836,Priya Iyer,Pune,Maharashtra,Fogg,Fogg Femme,Women,3,1590.0,17.4,3940.02,Credit Card,Delivered
ORD101536,2025-11-02,CUST00670,Deepak Agarwal,Hyderabad,Telangana,Tom Ford,Black Orchid,Unisex,3,7650.0,19.2,18543.6,UPI,Delivered
ORD101537,2025-11-02,CUST01246,Myra Gupta,Surat,Gujarat,Chanel,Bleu de Chanel,Men,1,9470.0,10.3,8494.59,Cash on Delivery,Cancelled
ORD101538,2025-11-02,CUST00828,Tanvi Shah,Kolkata,West Bengal,Fogg,Fogg Femme,Women,1,1260.0,30.0,882.0,UPI,Delivered
ORD101539,2025-11-02,CUST00154,Anjali Desai,Nashik,Maharashtra,Zara,Zara Unisex Oud,Unisex,3,1440.0,18.4,3525.12,Cash on Delivery,Delivered
ORD101540,2025-11-02,CUST00201,Yash Das,Bengaluru,Karnataka,Zara,Zara Man Gold,Men,2,1840.0,29.2,2605.44,Credit Card,Delivered
ORD101541,2025-11-02,CUST00397,Kiran Mukherjee,Chennai,Tamil Nadu,Ajmal,Ajmal Amber Wood,Men,5,1740.0,6.4,8143.2,Cash on Delivery,Delivered
ORD101542,2025-11-02,CUST00368,Isha Naidu,Chennai,Tamil Nadu,Wild Stone,Wild Stone Hunter,Men,2,860.0,17.8,1413.84,UPI,Delivered
ORD101543,2025-11-02,CUST01052,Dhruv Yadav,Delhi,Delhi,Ajmal,Ajmal Wisal,Women,4,2450.0,11.3,8692.6,UPI,Delivered
ORD101544,2025-11-02,CUST00631,Ishaan Bansal,Surat,Gujarat,Wild Stone,Wild Stone Hunter,Men,2,1530.0,16.2,2564.28,Cash on Delivery,Delivered
ORD101545,2025-11-02,CUST00036,Shreya Chatterjee,Hyderabad,Telangana,Fogg,Fogg Scent Xpressio,Men,1,810.0,7.6,748.44,UPI,Delivered
ORD101546,2025-11-03,CUST00541,Diya Reddy,Lucknow,Uttar Pradesh,Burberry,Hero,Men,1,6950.0,19.0,5629.5,Cash on Delivery,Delivered
ORD101547,2025-11-03,CUST00416,Yash Banerjee,Patna,Bihar,Tom Ford,Tobacco Vanille,Unisex,1,8900.0,8.7,8125.7,Credit Card,Delivered
ORD101548,2025-11-03,CUST00885,Karan Malhotra,Lucknow,Uttar Pradesh,Ajmal,Ajmal Amber Wood,Men,1,1180.0,16.4,986.48,Debit Card,Delivered
ORD101549,2025-11-03,CUST00309,Yash Joshi,Bengaluru,Karnataka,Calvin Klein,CK One,Unisex,1,2630.0,4.0,2524.8,Net Banking,Returned
ORD101550,2025-11-03,CUST00315,Tanvi Shah,Kolkata,West Bengal,Chanel,Bleu de Chanel,Men,3,6070.0,11.9,16043.01,UPI,Delivered
ORD101551,2025-11-03,CUST00325,Yash Mukherjee,Pune,Maharashtra,Fogg,Fogg Scent Xpressio,Men,3,1020.0,10.2,2747.88,UPI,Delivered
ORD101552,2025-11-03,CUST00095,Swati Gupta,Kolkata,West Bengal,Wild Stone,Wild Stone Hunter,Men,2,1380.0,23.9,2100.36,Debit Card,Delivered
ORD101553,2025-11-03,CUST01002,Diya Mehta,Chennai,Tamil Nadu,Dior,Sauvage Elixir,Men,1,8110.0,22.1,6317.69,UPI,Cancelled
ORD101554,2025-11-03,CUST00839,Sai Verma,Pune,Maharashtra,Wild Stone,Wild Stone Hunter,Men,1,1240.0,29.7,871.72,UPI,Cancelled
ORD101555,2025-11-03,CUST00205,Rajesh Yadav,Bengaluru,Karnataka,Zara,Zara Woman Rose,Women,3,1840.0,18.1,4520.88,Credit Card,Cancelled
ORD101556,2025-11-03,CUST00541,Diya Reddy,Lucknow,Uttar Pradesh,Ajmal,Ajmal Wisal,Women,1,1260.0,28.3,903.42,Debit Card,Delivered
ORD101557,2025-11-03,CUST00036,Shreya Chatterjee,Hyderabad,Telangana,Ajmal,Ajmal Wisal,Women,1,2930.0,3.7,2821.59,Credit Card,Delivered
ORD101558,2025-11-03,CUST00264,Vivaan Malhotra,Hyderabad,Telangana,Ajmal,Ajmal Amber Wood,Men,1,2200.0,16.0,1848.0,UPI,Delivered
ORD101559,2025-11-03,CUST00832,Sanjay Agarwal,Mumbai,Maharashtra,Ajmal,Ajmal Evoke,Unisex,1,2710.0,10.4,2428.16,UPI,Delivered
ORD101560,2025-11-03,CUST01179,Vivaan Das,Lucknow,Uttar Pradesh,Versace,Dylan Blue,Men,1,8800.0,6.7,8210.4,Credit Card,Delivered
ORD101561,2025-11-03,CUST00802,Ira Singh,Kolkata,West Bengal,Fogg,Fogg Femme,Women,2,1620.0,9.7,2925.72,UPI,Delivered
ORD101562,2025-11-03,CUST00772,Varun Mishra,Pune,Maharashtra,Zara,Zara Woman Rose,Women,2,1720.0,24.5,2597.2,Cash on Delivery,Delivered
ORD101563,2025-11-03,CUST00964,Ashok Yadav,Hyderabad,Telangana,Tom Ford,Tobacco Vanille,Unisex,2,9800.0,22.2,15248.8,UPI,Delivered
ORD101564,2025-11-04,CUST00904,Amit Mehta,Hyderabad,Telangana,Chanel,Bleu de Chanel,Men,2,5240.0,8.0,9641.6,Cash on Delivery,Delivered
ORD101565,2025-11-04,CUST00150,Swati Das,Nashik,Maharashtra,Gucci,Gucci Bloom,Women,2,6050.0,14.6,10333.4,UPI,Delivered
ORD101566,2025-11-04,CUST00504,Pooja Reddy,Lucknow,Uttar Pradesh,Chanel,Coco Mademoiselle,Women,3,11760.0,24.2,26742.24,Debit Card,Returned
ORD101567,2025-11-04,CUST00311,Amit Verma,Nashik,Maharashtra,Burberry,Her,Women,1,4740.0,20.7,3758.82,Cash on Delivery,Delivered
ORD101568,2025-11-04,CUST01102,Lakshmi Menon,Hyderabad,Telangana,Ajmal,Ajmal Wisal,Women,1,1660.0,15.2,1407.68,UPI,Delivered
ORD101569,2025-11-04,CUST00875,Swati Rathi,Kochi,Kerala,Zara,Zara Man Gold,Men,2,1610.0,23.4,2466.52,UPI,Delivered
ORD101570,2025-11-04,CUST00581,Preeti Joshi,Mumbai,Maharashtra,Calvin Klein,Euphoria,Women,3,3930.0,12.0,10375.2,Credit Card,Returned
ORD101571,2025-11-04,CUST01090,Sai Banerjee,Ahmedabad,Gujarat,Wild Stone,Wild Stone Code Platinum,Men,1,1170.0,7.8,1078.74,UPI,Delivered
ORD101572,2025-11-04,CUST01131,Aditi Chatterjee,Kolkata,West Bengal,Ajmal,Ajmal Amber Wood,Men,1,2150.0,8.4,1969.4,UPI,Delivered
ORD101573,2025-11-04,CUST00916,Preeti Choudhary,Lucknow,Uttar Pradesh,Fogg,Fogg Femme,Women,4,1330.0,8.7,4857.16,UPI,Delivered
ORD101574,2025-11-04,CUST00477,Myra Naidu,Chennai,Tamil Nadu,Wild Stone,Wild Stone Code Platinum,Men,2,1290.0,29.4,1821.48,Credit Card,Delivered
ORD101575,2025-11-04,CUST00082,Manoj Choudhary,Bengaluru,Karnataka,Zara,Zara Unisex Oud,Unisex,2,1040.0,13.9,1790.88,Debit Card,Delivered
ORD101576,2025-11-04,CUST00535,Anil Desai,Kochi,Kerala,Ajmal,Ajmal Evoke,Unisex,1,2610.0,24.3,1975.77,Debit Card,Cancelled
ORD101577,2025-11-04,CUST00461,Yash Krishnan,Jaipur,Rajasthan,Calvin Klein,Obsession,Men,1,3390.0,11.3,3006.93,Debit Card,Returned
ORD101578,2025-11-05,CUST00522,Meera Banerjee,Kochi,Kerala,Versace,Eros,Men,1,9440.0,14.5,8071.2,UPI,Delivered
ORD101579,2025-11-05,CUST00917,Sunita Bansal,Indore,Madhya Pradesh,Dior,Sauvage Elixir,Men,2,5780.0,21.5,9074.6,UPI,Delivered
ORD101580,2025-11-05,CUST00840,Sanjay Reddy,Bengaluru,Karnataka,Ajmal,Ajmal Amber Wood,Men,1,2180.0,14.1,1872.62,Net Banking,Delivered
ORD101581,2025-11-05,CUST00437,Tanvi Shah,Patna,Bihar,Chanel,Coco Mademoiselle,Women,1,10990.0,10.0,9891.0,Credit Card,Delivered
ORD101582,2025-11-05,CUST00453,Anika Iyer,Hyderabad,Telangana,Ajmal,Ajmal Evoke,Unisex,1,2820.0,27.3,2050.14,Debit Card,Delivered
ORD101583,2025-11-05,CUST00911,Krishna Agarwal,Coimbatore,Tamil Nadu,Ajmal,Ajmal Evoke,Unisex,1,3000.0,8.5,2745.0,Credit Card,Returned
ORD101584,2025-11-05,CUST00799,Aryan Mukherjee,Delhi,Delhi,Versace,Eros,Men,2,3920.0,12.0,6899.2,Credit Card,Delivered
ORD101585,2025-11-05,CUST00646,Aditya Desai,Chennai,Tamil Nadu,Fogg,Fogg Scent Xpressio,Men,2,1520.0,22.1,2368.16,UPI,Delivered
ORD101586,2025-11-05,CUST01167,Tanvi Kulkarni,Chennai,Tamil Nadu,Gucci,Gucci Guilty,Unisex,2,6800.0,11.0,12104.0,Debit Card,Delivered
ORD101587,2025-11-05,CUST00187,Ira Chatterjee,Hyderabad,Telangana,Fogg,Fogg Femme,Women,1,1410.0,28.3,1010.97,Credit Card,Delivered
ORD101588,2025-11-05,CUST00205,Rajesh Yadav,Bengaluru,Karnataka,Versace,Eros,Men,2,6230.0,19.2,10067.68,UPI,Delivered
ORD101589,2025-11-06,CUST00094,Amit Naidu,Delhi,Delhi,Ajmal,Ajmal Evoke,Unisex,2,1700.0,7.5,3145.0,Credit Card,Delivered
ORD101590,2025-11-06,CUST01127,Rahul Menon,Kolkata,West Bengal,Wild Stone,Wild Stone Code Platinum,Men,2,840.0,29.9,1177.68,Net Banking,Delivered
ORD101591,2025-11-06,CUST00726,Rajesh Kulkarni,Chennai,Tamil Nadu,Armani,Acqua di Gio,Men,1,5280.0,13.3,4577.76,Debit Card,Delivered
ORD101592,2025-11-06,CUST00385,Neha Banerjee,Kochi,Kerala,Zara,Zara Man Gold,Men,1,1220.0,20.8,966.24,Cash on Delivery,Delivered
ORD101593,2025-11-06,CUST00840,Sanjay Reddy,Chennai,Tamil Nadu,Zara,Zara Unisex Oud,Unisex,2,2620.0,13.5,4532.6,Cash on Delivery,Delivered
ORD101594,2025-11-06,CUST00115,Krishna Rathi,Kochi,Kerala,Ajmal,Ajmal Evoke,Unisex,1,1420.0,17.9,1165.82,UPI,Delivered
ORD101595,2025-11-06,CUST00227,Kabir Menon,Chennai,Tamil Nadu,Dior,Miss Dior,Women,2,11600.0,20.9,18351.2,UPI,Returned
ORD101596,2025-11-06,CUST00309,Yash Joshi,Delhi,Delhi,Armani,Si Passione,Women,1,6870.0,20.6,5454.78,UPI,Delivered
ORD101597,2025-11-06,CUST00947,Ashok Menon,Indore,Madhya Pradesh,Zara,Zara Unisex Oud,Unisex,2,1220.0,30.0,1708.0,UPI,Delivered
ORD101598,2025-11-06,CUST00894,Kavya Agarwal,Bengaluru,Karnataka,Ajmal,Ajmal Wisal,Women,1,1100.0,18.5,896.5,Credit Card,Delivered
ORD101599,2025-11-06,CUST00231,Rekha Desai,Chennai,Tamil Nadu,Wild Stone,Wild Stone Code Platinum,Men,3,1510.0,22.2,3524.34,Debit Card,Returned
ORD101600,2025-11-06,CUST00185,Ashok Rathi,Hyderabad,Telangana,Tom Ford,Tobacco Vanille,Unisex,2,8680.0,20.3,13835.92,UPI,Cancelled
ORD101601,2025-11-06,CUST00573,Aadhya Gupta,Chennai,Tamil Nadu,Calvin Klein,CK One,Unisex,1,5100.0,9.8,4600.2,Net Banking,Cancelled
ORD101602,2025-11-06,CUST00535,Anil Desai,Hyderabad,Telangana,Wild Stone,Wild Stone Hunter,Men,3,1380.0,17.8,3403.08,Debit Card,Delivered
ORD101603,2025-11-06,CUST00700,Sanjay Choudhary,Ahmedabad,Gujarat,Chanel,Bleu de Chanel,Men,2,7070.0,3.7,13616.82,Net Banking,Returned
ORD101604,2025-11-06,CUST00349,Aditya Rathi,Chennai,Tamil Nadu,Armani,Si Passione,Women,2,8300.0,19.1,13429.4,UPI,Delivered
ORD101605,2025-11-06,CUST00416,Yash Banerjee,Mumbai,Maharashtra,Dior,Miss Dior,Women,1,6040.0,4.7,5756.12,Net Banking,Cancelled
ORD101606,2025-11-06,CUST00541,Diya Reddy,Mumbai,Maharashtra,Zara,Zara Woman Rose,Women,1,920.0,19.8,737.84,UPI,Delivered
ORD101607,2025-11-07,CUST01167,Tanvi Kulkarni,Chennai,Tamil Nadu,Versace,Bright Crystal,Women,3,4630.0,3.1,13459.41,UPI,Delivered
ORD101608,2025-11-07,CUST00467,Aditi Kulkarni,Indore,Madhya Pradesh,Versace,Eros,Men,1,7040.0,14.4,6026.24,UPI,Delivered
ORD101609,2025-11-07,CUST01151,Deepak Nair,Bengaluru,Karnataka,Calvin Klein,Euphoria,Women,1,5920.0,9.9,5333.92,Net Banking,Delivered
ORD101610,2025-11-07,CUST00573,Aadhya Gupta,Chennai,Tamil Nadu,Gucci,Gucci Flora,Women,1,5080.0,11.1,4516.12,Cash on Delivery,Returned
ORD101611,2025-11-07,CUST00106,Meera Bansal,Bengaluru,Karnataka,Zara,Zara Woman Rose,Women,1,1590.0,20.2,1268.82,Cash on Delivery,Delivered
ORD101612,2025-11-07,CUST00451,Diya Banerjee,Delhi,Delhi,Versace,Dylan Blue,Men,3,6580.0,20.4,15713.04,Credit Card,Delivered
ORD101613,2025-11-07,CUST00451,Diya Banerjee,Delhi,Delhi,Wild Stone,Wild Stone Hunter,Men,2,1020.0,15.0,1734.0,Credit Card,Delivered
ORD101614,2025-11-07,CUST00457,Preeti Pillai,Visakhapatnam,Andhra Pradesh,Versace,Eros,Men,2,8720.0,20.5,13864.8,Debit Card,Returned
ORD101615,2025-11-07,CUST00488,Kiran Pillai,Kolkata,West Bengal,Chanel,Chanel No. 5,Women,4,11130.0,16.1,37352.28,Debit Card,Delivered
ORD101616,2025-11-07,CUST00679,Varun Reddy,Mumbai,Maharashtra,Versace,Dylan Blue,Men,3,8860.0,20.8,21051.36,Credit Card,Delivered
ORD101617,2025-11-07,CUST00154,Anjali Desai,Nashik,Maharashtra,Chanel,Chanel No. 5,Women,1,9630.0,11.5,8522.55,Cash on Delivery,Delivered
ORD101618,2025-11-07,CUST00830,Krishna Desai,Pune,Maharashtra,Zara,Zara Woman Rose,Women,1,2660.0,30.0,1862.0,UPI,Delivered
ORD101619,2025-11-07,CUST00612,Vihaan Naidu,Delhi,Delhi,Fogg,Fogg Femme,Women,4,950.0,5.3,3598.6,Cash on Delivery,Delivered
ORD101620,2025-11-07,CUST00057,Rajesh Shah,Nagpur,Maharashtra,Fogg,Fogg Femme,Women,3,850.0,21.5,2001.75,Credit Card,Delivered
ORD101621,2025-11-07,CUST00975,Myra Iyer,Lucknow,Uttar Pradesh,Wild Stone,Wild Stone Code Platinum,Men,2,1320.0,30.0,1848.0,Cash on Delivery,Delivered
ORD101622,2025-11-07,CUST01077,Meera Kumar,Kolkata,West Bengal,Zara,Zara Woman Rose,Women,1,1460.0,22.8,1127.12,UPI,Delivered
ORD101623,2025-11-08,CUST01097,Divya Rao,Hyderabad,Telangana,Versace,Dylan Blue,Men,1,6680.0,25.7,4963.24,Credit Card,Delivered
ORD101624,2025-11-08,CUST00550,Anjali Rao,Pune,Maharashtra,Zara,Zara Woman Rose,Women,2,2190.0,29.9,3070.38,Credit Card,Delivered
ORD101625,2025-11-08,CUST00669,Saanvi Malhotra,Bengaluru,Karnataka,Armani,Code,Men,2,3790.0,18.0,6215.6,Credit Card,Delivered
ORD101626,2025-11-08,CUST00217,Geeta Banerjee,Bhopal,Madhya Pradesh,Burberry,Hero,Men,1,4140.0,17.4,3419.64,UPI,Delivered
ORD101627,2025-11-08,CUST00396,Sai Yadav,Chennai,Tamil Nadu,Armani,Acqua di Gio,Men,2,6910.0,11.1,12285.98,Cash on Delivery,Delivered
ORD101628,2025-11-08,CUST00565,Aditya Menon,Chennai,Tamil Nadu,Fogg,Fogg Femme,Women,2,900.0,15.2,1526.4,Credit Card,Delivered
ORD101629,2025-11-08,CUST01223,Amit Mehta,Indore,Madhya Pradesh,Wild Stone,Wild Stone Code Platinum,Men,1,1010.0,30.0,707.0,UPI,Delivered
ORD101630,2025-11-08,CUST01040,Meera Choudhary,Mumbai,Maharashtra,Versace,Bright Crystal,Women,1,5590.0,8.9,5092.49,Credit Card,Delivered
ORD101631,2025-11-08,CUST00790,Anjali Joshi,Nashik,Maharashtra,Tom Ford,Black Orchid,Unisex,2,10400.0,23.0,16016.0,Net Banking,Delivered
ORD101632,2025-11-08,CUST01233,Varun Iyer,Kochi,Kerala,Ajmal,Ajmal Evoke,Unisex,1,2480.0,6.0,2331.2,UPI,Delivered
ORD101633,2025-11-08,CUST00251,Anil Pillai,Chennai,Tamil Nadu,Zara,Zara Woman Rose,Women,1,2620.0,30.0,1834.0,UPI,Returned
ORD101634,2025-11-08,CUST01179,Vivaan Das,Lucknow,Uttar Pradesh,Dior,Sauvage Elixir,Men,2,5020.0,3.6,9678.56,Cash on Delivery,Delivered
ORD101635,2025-11-08,CUST00097,Vihaan Agarwal,Patna,Bihar,Gucci,Gucci Bloom,Women,1,4990.0,22.8,3852.28,Debit Card,Returned
ORD101636,2025-11-09,CUST00487,Amit Nair,Nashik,Maharashtra,Dior,Miss Dior,Women,5,7010.0,3.5,33823.25,Cash on Delivery,Delivered
ORD101637,2025-11-09,CUST00027,Vikram Agarwal,Mumbai,Maharashtra,Ajmal,Ajmal Amber Wood,Men,5,980.0,30.0,3430.0,UPI,Delivered
ORD101638,2025-11-09,CUST00720,Riya Mishra,Surat,Gujarat,Ajmal,Ajmal Wisal,Women,3,2230.0,13.2,5806.92,Cash on Delivery,Delivered
ORD101639,2025-11-09,CUST01071,Kabir Kulkarni,Surat,Gujarat,Zara,Zara Unisex Oud,Unisex,1,1830.0,30.0,1281.0,Credit Card,Delivered
ORD101640,2025-11-09,CUST01200,Amit Mishra,Pune,Maharashtra,Ajmal,Ajmal Amber Wood,Men,2,2770.0,5.5,5235.3,UPI,Delivered
ORD101641,2025-11-09,CUST00262,Deepak Reddy,Indore,Madhya Pradesh,Burberry,Her,Women,1,6530.0,10.9,5818.23,Credit Card,Delivered
ORD101642,2025-11-09,CUST00057,Rajesh Shah,Nagpur,Maharashtra,Ajmal,Ajmal Amber Wood,Men,2,1030.0,17.1,1707.74,Debit Card,Delivered
ORD101643,2025-11-09,CUST00542,Tanvi Menon,Indore,Madhya Pradesh,Ajmal,Ajmal Amber Wood,Men,4,1890.0,30.0,5292.0,Credit Card,Delivered
ORD101644,2025-11-09,CUST00227,Kabir Menon,Bengaluru,Karnataka,Zara,Zara Unisex Oud,Unisex,5,1820.0,19.7,7307.3,Cash on Delivery,Delivered
ORD101645,2025-11-09,CUST01246,Myra Gupta,Surat,Gujarat,Zara,Zara Unisex Oud,Unisex,1,1570.0,23.9,1194.77,UPI,Delivered
ORD101646,2025-11-09,CUST01040,Meera Choudhary,Mumbai,Maharashtra,Burberry,Hero,Men,3,7830.0,13.4,20342.34,UPI,Cancelled
ORD101647,2025-11-09,CUST00484,Sai Krishnan,Ahmedabad,Gujarat,Ajmal,Ajmal Wisal,Women,2,1070.0,22.9,1649.94,Cash on Delivery,Delivered
ORD101648,2025-11-09,CUST00532,Vihaan Yadav,Visakhapatnam,Andhra Pradesh,Fogg,Fogg Femme,Women,1,820.0,24.2,621.56,Cash on Delivery,Delivered
ORD101649,2025-11-09,CUST01033,Geeta Joshi,Bengaluru,Karnataka,Ajmal,Ajmal Amber Wood,Men,3,2380.0,30.0,4998.0,UPI,Delivered
ORD101650,2025-11-09,CUST00603,Kavya Naidu,Mumbai,Maharashtra,Ajmal,Ajmal Evoke,Unisex,1,1390.0,6.5,1299.65,UPI,Cancelled
ORD101651,2025-11-09,CUST00875,Swati Rathi,Hyderabad,Telangana,Calvin Klein,Euphoria,Women,1,5850.0,11.0,5206.5,UPI,Delivered
ORD101652,2025-11-10,CUST01130,Ira Naidu,Ahmedabad,Gujarat,Wild Stone,Wild Stone Hunter,Men,1,1570.0,8.9,1430.27,UPI,Delivered
ORD101653,2025-11-10,CUST00290,Divya Chatterjee,Kochi,Kerala,Armani,Acqua di Gio,Men,1,8450.0,21.7,6616.35,Debit Card,Delivered
ORD101654,2025-11-10,CUST00503,Vihaan Rao,Pune,Maharashtra,Wild Stone,Wild Stone Code Platinum,Men,5,1010.0,11.3,4479.35,UPI,Delivered
ORD101655,2025-11-10,CUST00115,Krishna Rathi,Pune,Maharashtra,Zara,Zara Man Gold,Men,2,1640.0,20.2,2617.44,UPI,Delivered
ORD101656,2025-11-10,CUST01209,Sai Mukherjee,Hyderabad,Telangana,Versace,Dylan Blue,Men,2,3750.0,6.1,7042.5,UPI,Delivered
ORD101657,2025-11-10,CUST00145,Krishna Gupta,Visakhapatnam,Andhra Pradesh,Dior,J'adore,Women,1,9090.0,17.0,7544.7,Debit Card,Delivered
ORD101658,2025-11-10,CUST00840,Sanjay Reddy,Bengaluru,Karnataka,Versace,Eros,Men,2,9310.0,15.9,15659.42,Debit Card,Cancelled
ORD101659,2025-11-10,CUST01169,Preeti Agarwal,Coimbatore,Tamil Nadu,Dior,Sauvage Elixir,Men,4,11770.0,6.5,44019.8,Cash on Delivery,Delivered
ORD101660,2025-11-10,CUST00492,Lakshmi Yadav,Bengaluru,Karnataka,Chanel,Coco Mademoiselle,Women,1,8260.0,18.9,6698.86,Cash on Delivery,Delivered
ORD101661,2025-11-10,CUST00894,Kavya Agarwal,Ahmedabad,Gujarat,Fogg,Fogg Scent Xpressio,Men,1,1460.0,5.2,1384.08,UPI,Delivered
ORD101662,2025-11-10,CUST00356,Suresh Naidu,Coimbatore,Tamil Nadu,Chanel,Bleu de Chanel,Men,1,10600.0,4.8,10091.2,Cash on Delivery,Delivered
ORD101663,2025-11-10,CUST00670,Deepak Agarwal,Hyderabad,Telangana,Ajmal,Ajmal Wisal,Women,2,1480.0,8.6,2705.44,UPI,Delivered
ORD101664,2025-11-10,CUST00522,Meera Banerjee,Kochi,Kerala,Versace,Bright Crystal,Women,2,5330.0,19.8,8549.32,Credit Card,Delivered
ORD101665,2025-11-11,CUST00503,Vihaan Rao,Lucknow,Uttar Pradesh,Fogg,Fogg Femme,Women,1,800.0,25.5,596.0,Debit Card,Delivered
ORD101666,2025-11-11,CUST00416,Yash Banerjee,Mumbai,Maharashtra,Zara,Zara Man Gold,Men,1,1440.0,8.6,1316.16,UPI,Delivered
ORD101667,2025-11-11,CUST00627,Suresh Chatterjee,Jaipur,Rajasthan,Fogg,Fogg Femme,Women,1,1570.0,30.0,1099.0,Cash on Delivery,Cancelled
ORD101668,2025-11-11,CUST01062,Ananya Mishra,Lucknow,Uttar Pradesh,Calvin Klein,CK One,Unisex,1,3720.0,20.5,2957.4,Credit Card,Returned
ORD101669,2025-11-11,CUST01245,Ishaan Choudhary,Mumbai,Maharashtra,Zara,Zara Woman Rose,Women,1,2010.0,8.1,1847.19,UPI,Delivered
ORD101670,2025-11-11,CUST00694,Aadhya Menon,Lucknow,Uttar Pradesh,Fogg,Fogg Femme,Women,2,1270.0,30.0,1778.0,Debit Card,Delivered
ORD101671,2025-11-11,CUST00199,Sanya Mehta,Mumbai,Maharashtra,Fogg,Fogg Femme,Women,2,1440.0,9.6,2603.52,UPI,Returned
ORD101672,2025-11-11,CUST00049,Meera Krishnan,Delhi,Delhi,Zara,Zara Man Gold,Men,1,1400.0,23.8,1066.8,Net Banking,Delivered
ORD101673,2025-11-11,CUST00541,Diya Reddy,Lucknow,Uttar Pradesh,Wild Stone,Wild Stone Hunter,Men,3,1250.0,30.0,2625.0,Credit Card,Delivered
ORD101674,2025-11-11,CUST00535,Anil Desai,Kochi,Kerala,Ajmal,Ajmal Evoke,Unisex,1,2190.0,14.2,1879.02,UPI,Delivered
ORD101675,2025-11-11,CUST01047,Tanvi Choudhary,Bengaluru,Karnataka,Dior,J'adore,Women,2,5520.0,25.8,8191.68,UPI,Delivered
ORD101676,2025-11-11,CUST01225,Tanvi Krishnan,Kolkata,West Bengal,Wild Stone,Wild Stone Hunter,Men,1,870.0,8.4,796.92,UPI,Delivered
ORD101677,2025-11-11,CUST00904,Amit Mehta,Hyderabad,Telangana,Ajmal,Ajmal Amber Wood,Men,1,2110.0,9.4,1911.66,Credit Card,Delivered
ORD101678,2025-11-12,CUST00911,Krishna Agarwal,Coimbatore,Tamil Nadu,Zara,Zara Man Gold,Men,1,1730.0,11.6,1529.32,UPI,Delivered
ORD101679,2025-11-12,CUST00121,Ishaan Bansal,Ahmedabad,Gujarat,Armani,Code,Men,1,5220.0,11.7,4609.26,Debit Card,Delivered
ORD101680,2025-11-12,CUST00840,Sanjay Reddy,Bengaluru,Karnataka,Ajmal,Ajmal Evoke,Unisex,2,1920.0,30.0,2688.0,UPI,Delivered
ORD101681,2025-11-12,CUST01209,Sai Mukherjee,Nagpur,Maharashtra,Fogg,Fogg Femme,Women,1,1210.0,12.0,1064.8,UPI,Delivered
ORD101682,2025-11-12,CUST00890,Suresh Kumar,Pune,Maharashtra,Armani,Si Passione,Women,2,8770.0,19.7,14084.62,Credit Card,Returned
ORD101683,2025-11-12,CUST00954,Aditya Das,Jaipur,Rajasthan,Chanel,Bleu de Chanel,Men,2,9310.0,9.0,16944.2,Credit Card,Cancelled
ORD101684,2025-11-12,CUST01102,Lakshmi Menon,Hyderabad,Telangana,Calvin Klein,Euphoria,Women,1,4800.0,8.0,4416.0,Credit Card,Delivered
ORD101685,2025-11-12,CUST00688,Diya Gupta,Visakhapatnam,Andhra Pradesh,Dior,Sauvage Elixir,Men,1,8740.0,8.6,7988.36,Cash on Delivery,Delivered
ORD101686,2025-11-12,CUST00466,Vikram Banerjee,Jaipur,Rajasthan,Chanel,Coco Mademoiselle,Women,2,7750.0,9.1,14089.5,Credit Card,Returned
ORD101687,2025-11-12,CUST00783,Suresh Shah,Kolkata,West Bengal,Ajmal,Ajmal Wisal,Women,2,2740.0,30.0,3836.0,Cash on Delivery,Delivered
ORD101688,2025-11-12,CUST00425,Anjali Kulkarni,Ahmedabad,Gujarat,Zara,Zara Man Gold,Men,1,1000.0,21.4,786.0,Credit Card,Delivered
ORD101689,2025-11-12,CUST00280,Preeti Kumar,Chandigarh,Punjab,Zara,Zara Man Gold,Men,4,2130.0,21.0,6730.8,Debit Card,Delivered
ORD101690,2025-11-12,CUST00726,Rajesh Kulkarni,Chennai,Tamil Nadu,Zara,Zara Man Gold,Men,2,1450.0,6.4,2714.4,Credit Card,Delivered
ORD101691,2025-11-12,CUST00439,Manoj Kulkarni,Bengaluru,Karnataka,Wild Stone,Wild Stone Hunter,Men,1,850.0,15.7,716.55,Credit Card,Delivered
ORD101692,2025-11-12,CUST00537,Divya Shah,Hyderabad,Telangana,Ajmal,Ajmal Evoke,Unisex,3,2570.0,11.6,6815.64,UPI,Delivered
ORD101693,2025-11-12,CUST01052,Dhruv Yadav,Delhi,Delhi,Dior,Miss Dior,Women,1,5580.0,21.3,4391.46,Credit Card,Delivered
ORD101694,2025-11-13,CUST00673,Rekha Rao,Lucknow,Uttar Pradesh,Versace,Bright Crystal,Women,1,4840.0,17.1,4012.36,Cash on Delivery,Delivered
ORD101695,2025-11-13,CUST01092,Ayaan Rao,Hyderabad,Telangana,Ajmal,Ajmal Amber Wood,Men,1,1520.0,25.6,1130.88,UPI,Cancelled
ORD101696,2025-11-13,CUST01098,Divya Chatterjee,Mumbai,Maharashtra,Armani,Acqua di Gio,Men,1,6170.0,14.5,5275.35,UPI,Delivered
ORD101697,2025-11-13,CUST00431,Rohan Gupta,Kolkata,West Bengal,Ajmal,Ajmal Wisal,Women,1,800.0,30.0,560.0,Net Banking,Delivered
ORD101698,2025-11-13,CUST01077,Meera Kumar,Kolkata,West Bengal,Tom Ford,Tobacco Vanille,Unisex,1,6580.0,16.8,5474.56,Credit Card,Delivered
ORD101699,2025-11-13,CUST01120,Divya Agarwal,Bhopal,Madhya Pradesh,Wild Stone,Wild Stone Hunter,Men,2,1470.0,27.6,2128.56,UPI,Delivered
ORD101700,2025-11-13,CUST00913,Yash Rao,Kolkata,West Bengal,Calvin Klein,Obsession,Men,1,3050.0,11.2,2708.4,Credit Card,Delivered
ORD101701,2025-11-13,CUST00790,Anjali Joshi,Indore,Madhya Pradesh,Versace,Eros,Men,1,8550.0,12.6,7472.7,UPI,Returned
ORD101702,2025-11-13,CUST00071,Dhruv Malhotra,Pune,Maharashtra,Versace,Eros,Men,2,7590.0,17.8,12477.96,UPI,Delivered
ORD101703,2025-11-13,CUST01240,Ayaan Sharma,Bengaluru,Karnataka,Ajmal,Ajmal Amber Wood,Men,1,1840.0,19.9,1473.84,UPI,Delivered
ORD101704,2025-11-14,CUST00815,Krishna Rao,Nashik,Maharashtra,Wild Stone,Wild Stone Code Platinum,Men,1,1450.0,30.0,1015.0,UPI,Delivered
ORD101705,2025-11-14,CUST00055,Rahul Singh,Lucknow,Uttar Pradesh,Gucci,Gucci Guilty,Unisex,4,9190.0,15.4,31098.96,UPI,Cancelled
ORD101706,2025-11-14,CUST01102,Lakshmi Menon,Hyderabad,Telangana,Fogg,Fogg Scent Xpressio,Men,4,1090.0,12.6,3810.64,Net Banking,Delivered
ORD101707,2025-11-14,CUST01097,Divya Rao,Kolkata,West Bengal,Fogg,Fogg Scent Xpressio,Men,1,1470.0,27.5,1065.75,UPI,Delivered
ORD101708,2025-11-14,CUST00150,Swati Das,Nashik,Maharashtra,Wild Stone,Wild Stone Code Platinum,Men,1,890.0,20.1,711.11,UPI,Cancelled
ORD101709,2025-11-14,CUST00453,Anika Iyer,Bengaluru,Karnataka,Fogg,Fogg Scent Xpressio,Men,3,830.0,17.8,2046.78,UPI,Delivered
ORD101710,2025-11-14,CUST01144,Karan Kumar,Delhi,Delhi,Fogg,Fogg Scent Xpressio,Men,1,810.0,30.0,567.0,UPI,Delivered
ORD101711,2025-11-14,CUST01052,Dhruv Yadav,Delhi,Delhi,Versace,Bright Crystal,Women,3,8860.0,18.8,21582.96,Cash on Delivery,Delivered
ORD101712,2025-11-14,CUST00537,Divya Shah,Hyderabad,Telangana,Fogg,Fogg Femme,Women,1,1710.0,11.2,1518.48,Cash on Delivery,Delivered
ORD101713,2025-11-14,CUST01229,Krishna Malhotra,Nagpur,Maharashtra,Versace,Eros,Men,1,7840.0,20.3,6248.48,Debit Card,Delivered
ORD101714,2025-11-14,CUST00668,Reyansh Joshi,Hyderabad,Telangana,Fogg,Fogg Femme,Women,1,1660.0,18.3,1356.22,UPI,Delivered
ORD101715,2025-11-14,CUST00368,Isha Naidu,Chennai,Tamil Nadu,Armani,Si Passione,Women,2,7380.0,4.9,14036.76,UPI,Delivered
ORD101716,2025-11-14,CUST00542,Tanvi Menon,Indore,Madhya Pradesh,Fogg,Fogg Femme,Women,2,1460.0,4.3,2794.44,Credit Card,Delivered
ORD101717,2025-11-14,CUST00965,Divya Mukherjee,Jaipur,Rajasthan,Wild Stone,Wild Stone Hunter,Men,2,1070.0,26.8,1566.48,UPI,Delivered
ORD101718,2025-11-14,CUST01078,Ayaan Sharma,Mumbai,Maharashtra,Versace,Eros,Men,1,5170.0,16.4,4322.12,Debit Card,Delivered
ORD101719,2025-11-14,CUST01157,Pooja Agarwal,Hyderabad,Telangana,Chanel,Coco Mademoiselle,Women,1,7760.0,23.1,5967.44,UPI,Delivered
ORD101720,2025-11-14,CUST00211,Sanjay Singh,Kolkata,West Bengal,Dior,Miss Dior,Women,1,7320.0,25.3,5468.04,Credit Card,Delivered
ORD101721,2025-11-14,CUST00451,Diya Banerjee,Delhi,Delhi,Ajmal,Ajmal Wisal,Women,2,2180.0,30.0,3052.0,Debit Card,Delivered
ORD101722,2025-11-15,CUST00062,Vivaan Reddy,Coimbatore,Tamil Nadu,Zara,Zara Unisex Oud,Unisex,2,1900.0,30.0,2660.0,UPI,Delivered
ORD101723,2025-11-15,CUST00534,Anika Joshi,Kochi,Kerala,Tom Ford,Tobacco Vanille,Unisex,1,11730.0,23.0,9032.1,Credit Card,Returned
ORD101724,2025-11-15,CUST01052,Dhruv Yadav,Delhi,Delhi,Burberry,Hero,Men,2,5900.0,4.1,11316.2,Cash on Delivery,Delivered
ORD101725,2025-11-15,CUST00522,Meera Banerjee,Kochi,Kerala,Armani,Acqua di Gio,Men,2,4380.0,8.1,8050.44,UPI,Delivered
ORD101726,2025-11-15,CUST01052,Dhruv Yadav,Delhi,Delhi,Armani,Acqua di Gio,Men,2,8640.0,24.1,13115.52,UPI,Returned
ORD101727,2025-11-15,CUST00315,Tanvi Shah,Kolkata,West Bengal,Ajmal,Ajmal Amber Wood,Men,2,3160.0,23.5,4834.8,Net Banking,Delivered
ORD101728,2025-11-15,CUST00464,Lakshmi Kulkarni,Mumbai,Maharashtra,Zara,Zara Unisex Oud,Unisex,3,1350.0,13.9,3487.05,Net Banking,Delivered
ORD101729,2025-11-15,CUST00264,Vivaan Malhotra,Hyderabad,Telangana,Fogg,Fogg Scent Xpressio,Men,1,1690.0,21.9,1319.89,UPI,Delivered
ORD101730,2025-11-15,CUST00753,Lakshmi Choudhary,Mumbai,Maharashtra,Zara,Zara Unisex Oud,Unisex,1,1020.0,18.6,830.28,UPI,Delivered
ORD101731,2025-11-15,CUST01200,Amit Mishra,Pune,Maharashtra,Fogg,Fogg Femme,Women,1,1650.0,3.3,1595.55,Cash on Delivery,Delivered
ORD101732,2025-11-15,CUST00670,Deepak Agarwal,Hyderabad,Telangana,Fogg,Fogg Scent Xpressio,Men,1,1410.0,21.5,1106.85,Cash on Delivery,Delivered
ORD101733,2025-11-15,CUST00204,Arjun Naidu,Hyderabad,Telangana,Gucci,Gucci Guilty,Unisex,1,8890.0,21.2,7005.32,UPI,Delivered
ORD101734,2025-11-15,CUST01179,Vivaan Das,Pune,Maharashtra,Versace,Eros,Men,1,4700.0,8.7,4291.1,UPI,Delivered
ORD101735,2025-11-15,CUST01152,Anil Chatterjee,Indore,Madhya Pradesh,Fogg,Fogg Femme,Women,2,1090.0,15.5,1842.1,Credit Card,Delivered
ORD101736,2025-11-15,CUST00064,Sai Verma,Bengaluru,Karnataka,Wild Stone,Wild Stone Code Platinum,Men,1,1450.0,12.9,1262.95,Credit Card,Delivered
ORD101737,2025-11-16,CUST00038,Preeti Agarwal,Kolkata,West Bengal,Gucci,Gucci Flora,Women,1,8070.0,15.0,6859.5,UPI,Delivered
ORD101738,2025-11-16,CUST00698,Geeta Agarwal,Delhi,Delhi,Wild Stone,Wild Stone Code Platinum,Men,1,1330.0,4.0,1276.8,Credit Card,Delivered
ORD101739,2025-11-16,CUST00150,Swati Das,Nashik,Maharashtra,Calvin Klein,Obsession,Men,1,6150.0,0.7,6106.95,Credit Card,Delivered
ORD101740,2025-11-16,CUST01070,Deepak Gupta,Mumbai,Maharashtra,Ajmal,Ajmal Wisal,Women,2,1660.0,12.2,2914.96,Credit Card,Delivered
ORD101741,2025-11-17,CUST01116,Isha Singh,Coimbatore,Tamil Nadu,Wild Stone,Wild Stone Hunter,Men,1,1240.0,3.6,1195.36,UPI,Delivered
ORD101742,2025-11-17,CUST00832,Sanjay Agarwal,Mumbai,Maharashtra,Fogg,Fogg Femme,Women,3,990.0,13.5,2569.05,Credit Card,Delivered
ORD101743,2025-11-17,CUST00646,Aditya Desai,Chennai,Tamil Nadu,Zara,Zara Man Gold,Men,2,2630.0,16.7,4381.58,Debit Card,Delivered
ORD101744,2025-11-18,CUST00894,Kavya Agarwal,Bengaluru,Karnataka,Ajmal,Ajmal Amber Wood,Men,2,1990.0,20.5,3164.1,Credit Card,Delivered
ORD101745,2025-11-18,CUST00005,Pari Verma,Mumbai,Maharashtra,Zara,Zara Unisex Oud,Unisex,2,1980.0,29.2,2803.68,UPI,Delivered
ORD101746,2025-11-19,CUST00280,Preeti Kumar,Chandigarh,Punjab,Chanel,Bleu de Chanel,Men,3,7460.0,5.5,21149.1,Credit Card,Delivered
ORD101747,2025-11-19,CUST00582,Kiran Reddy,Bengaluru,Karnataka,Fogg,Fogg Femme,Women,1,1360.0,8.5,1244.4,Cash on Delivery,Delivered
ORD101748,2025-11-19,CUST00211,Sanjay Singh,Kolkata,West Bengal,Dior,J'adore,Women,1,5000.0,6.3,4685.0,Cash on Delivery,Delivered
ORD101749,2025-11-19,CUST00488,Kiran Pillai,Kolkata,West Bengal,Wild Stone,Wild Stone Code Platinum,Men,2,1100.0,9.5,1991.0,Cash on Delivery,Delivered
ORD101750,2025-11-19,CUST01070,Deepak Gupta,Mumbai,Maharashtra,Zara,Zara Woman Rose,Women,3,1050.0,5.4,2979.9,Credit Card,Cancelled
ORD101751,2025-11-19,CUST00414,Sanya Gupta,Bengaluru,Karnataka,Fogg,Fogg Scent Xpressio,Men,2,1100.0,1.2,2173.6,Debit Card,Delivered
ORD101752,2025-11-20,CUST00795,Nikhil Kulkarni,Kochi,Kerala,Chanel,Chanel No. 5,Women,4,6610.0,6.4,24747.84,UPI,Delivered
ORD101753,2025-11-21,CUST01179,Vivaan Das,Lucknow,Uttar Pradesh,Ajmal,Ajmal Evoke,Unisex,3,1590.0,15.0,4054.5,Credit Card,Delivered
ORD101754,2025-11-21,CUST00701,Sunita Rao,Mumbai,Maharashtra,Tom Ford,Tobacco Vanille,Unisex,5,11640.0,17.5,48015.0,UPI,Delivered
ORD101755,2025-11-21,CUST00972,Aadhya Agarwal,Bengaluru,Karnataka,Gucci,Gucci Bloom,Women,1,8920.0,4.7,8500.76,Credit Card,Delivered
ORD101756,2025-11-21,CUST00430,Nisha Shah,Jaipur,Rajasthan,Chanel,Chanel No. 5,Women,2,11100.0,16.5,18537.0,UPI,Delivered
ORD101757,2025-11-21,CUST01182,Kavya Yadav,Mumbai,Maharashtra,Wild Stone,Wild Stone Hunter,Men,5,1260.0,24.2,4775.4,UPI,Delivered
ORD101758,2025-11-21,CUST00457,Preeti Pillai,Visakhapatnam,Andhra Pradesh,Armani,Si Passione,Women,4,8620.0,17.4,28480.48,Debit Card,Delivered
ORD101759,2025-11-21,CUST01131,Aditi Chatterjee,Kolkata,West Bengal,Fogg,Fogg Femme,Women,1,1200.0,26.1,886.8,UPI,Delivered
ORD101760,2025-11-21,CUST00830,Krishna Desai,Pune,Maharashtra,Ajmal,Ajmal Amber Wood,Men,1,2470.0,9.6,2232.88,Cash on Delivery,Delivered
ORD101761,2025-11-21,CUST00912,Nikhil Joshi,Ahmedabad,Gujarat,Versace,Dylan Blue,Men,1,6330.0,6.1,5943.87,UPI,Delivered
ORD101762,2025-11-22,CUST00265,Vikram Malhotra,Bengaluru,Karnataka,Zara,Zara Unisex Oud,Unisex,1,960.0,24.6,723.84,UPI,Delivered
ORD101763,2025-11-22,CUST00036,Shreya Chatterjee,Hyderabad,Telangana,Zara,Zara Man Gold,Men,1,1400.0,29.3,989.8,Net Banking,Delivered
ORD101764,2025-11-22,CUST00109,Vihaan Banerjee,Hyderabad,Telangana,Ajmal,Ajmal Wisal,Women,3,2640.0,5.7,7468.56,Credit Card,Delivered
ORD101765,2025-11-22,CUST00954,Aditya Das,Jaipur,Rajasthan,Fogg,Fogg Scent Xpressio,Men,3,1350.0,28.1,2911.95,UPI,Delivered
ORD101766,2025-11-22,CUST00985,Amit Kulkarni,Jaipur,Rajasthan,Ajmal,Ajmal Amber Wood,Men,5,3020.0,0.4,15039.6,UPI,Delivered
ORD101767,2025-11-22,CUST00396,Sai Yadav,Chennai,Tamil Nadu,Versace,Dylan Blue,Men,2,8770.0,1.9,17206.74,Debit Card,Delivered
ORD101768,2025-11-23,CUST00368,Isha Naidu,Chennai,Tamil Nadu,Burberry,Her,Women,2,4180.0,16.8,6955.52,Cash on Delivery,Returned
ORD101769,2025-11-23,CUST01215,Sanjay Malhotra,Bhopal,Madhya Pradesh,Zara,Zara Unisex Oud,Unisex,4,2240.0,24.3,6782.72,Cash on Delivery,Delivered
ORD101770,2025-11-23,CUST01215,Sanjay Malhotra,Kochi,Kerala,Zara,Zara Man Gold,Men,3,970.0,3.8,2799.42,UPI,Delivered
ORD101771,2025-11-23,CUST00415,Vikram Malhotra,Visakhapatnam,Andhra Pradesh,Gucci,Gucci Guilty,Unisex,3,8190.0,0.2,24520.86,UPI,Delivered
ORD101772,2025-11-23,CUST00744,Karan Rathi,Surat,Gujarat,Burberry,Her,Women,1,4220.0,10.7,3768.46,Debit Card,Delivered
ORD101773,2025-11-23,CUST00227,Kabir Menon,Chennai,Tamil Nadu,Tom Ford,Tobacco Vanille,Unisex,5,11680.0,8.7,53319.2,Credit Card,Delivered
ORD101774,2025-11-24,CUST00611,Priya Singh,Delhi,Delhi,Chanel,Chanel No. 5,Women,1,5290.0,10.3,4745.13,UPI,Delivered
ORD101775,2025-11-24,CUST00868,Ramesh Yadav,Bengaluru,Karnataka,Wild Stone,Wild Stone Hunter,Men,1,1210.0,18.7,983.73,Cash on Delivery,Delivered
ORD101776,2025-11-24,CUST00579,Saanvi Iyer,Chandigarh,Punjab,Ajmal,Ajmal Evoke,Unisex,1,1840.0,15.4,1556.64,UPI,Delivered
ORD101777,2025-11-24,CUST00541,Diya Reddy,Lucknow,Uttar Pradesh,Gucci,Gucci Guilty,Unisex,2,9950.0,10.0,17910.0,Credit Card,Delivered
ORD101778,2025-11-24,CUST00187,Ira Chatterjee,Mumbai,Maharashtra,Zara,Zara Unisex Oud,Unisex,5,1010.0,2.9,4903.55,UPI,Delivered
ORD101779,2025-11-24,CUST00094,Amit Naidu,Bengaluru,Karnataka,Fogg,Fogg Femme,Women,2,1610.0,12.2,2827.16,UPI,Delivered
ORD101780,2025-11-25,CUST00425,Anjali Kulkarni,Ahmedabad,Gujarat,Wild Stone,Wild Stone Code Platinum,Men,2,1490.0,20.1,2381.02,Net Banking,Delivered
ORD101781,2025-11-25,CUST00786,Vihaan Iyer,Chennai,Tamil Nadu,Zara,Zara Man Gold,Men,3,2300.0,9.3,6258.3,Debit Card,Returned
ORD101782,2025-11-25,CUST00530,Pari Reddy,Lucknow,Uttar Pradesh,Chanel,Bleu de Chanel,Men,2,5360.0,7.6,9905.28,Debit Card,Cancelled
ORD101783,2025-11-25,CUST00605,Suresh Krishnan,Nashik,Maharashtra,Zara,Zara Man Gold,Men,2,2220.0,3.1,4302.36,UPI,Returned
ORD101784,2025-11-25,CUST00840,Sanjay Reddy,Bengaluru,Karnataka,Dior,Sauvage Elixir,Men,1,7700.0,15.0,6545.0,Debit Card,Returned
ORD101785,2025-11-26,CUST00415,Vikram Malhotra,Hyderabad,Telangana,Wild Stone,Wild Stone Code Platinum,Men,2,1150.0,20.9,1819.3,Credit Card,Delivered
ORD101786,2025-11-26,CUST01215,Sanjay Malhotra,Kochi,Kerala,Gucci,Gucci Bloom,Women,1,10880.0,17.9,8932.48,Credit Card,Returned
ORD101787,2025-11-26,CUST00646,Aditya Desai,Chennai,Tamil Nadu,Calvin Klein,CK One,Unisex,4,3370.0,0.8,13372.16,Net Banking,Delivered
ORD101788,2025-11-26,CUST01075,Anil Patel,Delhi,Delhi,Gucci,Gucci Guilty,Unisex,2,4410.0,19.5,7100.1,Credit Card,Delivered
ORD101789,2025-11-26,CUST00998,Varun Patel,Hyderabad,Telangana,Ajmal,Ajmal Evoke,Unisex,4,2210.0,13.4,7655.44,UPI,Delivered
ORD101790,2025-11-27,CUST00363,Ira Pillai,Lucknow,Uttar Pradesh,Gucci,Gucci Flora,Women,2,9230.0,4.1,17703.14,UPI,Delivered
ORD101791,2025-11-28,CUST01052,Dhruv Yadav,Delhi,Delhi,Ajmal,Ajmal Wisal,Women,1,2700.0,26.8,1976.4,UPI,Cancelled
ORD101792,2025-11-28,CUST00784,Sunita Das,Jaipur,Rajasthan,Versace,Bright Crystal,Women,2,9450.0,16.8,15724.8,Credit Card,Returned
ORD101793,2025-11-28,CUST00201,Yash Das,Bengaluru,Karnataka,Burberry,Hero,Men,1,7540.0,4.6,7193.16,UPI,Returned
ORD101794,2025-11-28,CUST00100,Rohan Desai,Kolkata,West Bengal,Calvin Klein,Obsession,Men,2,2840.0,19.8,4555.36,Cash on Delivery,Delivered
ORD101795,2025-11-28,CUST01218,Ashok Gupta,Surat,Gujarat,Fogg,Fogg Scent Xpressio,Men,5,980.0,21.2,3861.2,UPI,Delivered
ORD101796,2025-11-28,CUST00807,Aarav Krishnan,Delhi,Delhi,Armani,Code,Men,1,5420.0,12.7,4731.66,Cash on Delivery,Delivered
ORD101797,2025-11-29,CUST00954,Aditya Das,Jaipur,Rajasthan,Ajmal,Ajmal Evoke,Unisex,5,1390.0,27.9,5010.95,Debit Card,Delivered
ORD101798,2025-11-29,CUST00288,Sneha Nair,Hyderabad,Telangana,Zara,Zara Unisex Oud,Unisex,3,2050.0,26.9,4495.65,Net Banking,Delivered
ORD101799,2025-11-29,CUST00753,Lakshmi Choudhary,Mumbai,Maharashtra,Armani,Si Passione,Women,1,4170.0,4.4,3986.52,UPI,Returned
ORD101800,2025-11-30,CUST00385,Neha Banerjee,Kochi,Kerala,Burberry,Hero,Men,4,5100.0,8.3,18706.8,UPI,Delivered
ORD101801,2025-11-30,CUST00156,Sai Krishnan,Delhi,Delhi,Chanel,Coco Mademoiselle,Women,1,8460.0,13.1,7351.74,UPI,Delivered
ORD101802,2025-11-30,CUST01084,Sai Yadav,Pune,Maharashtra,Calvin Klein,Obsession,Men,4,4110.0,11.0,14631.6,UPI,Delivered
ORD101803,2025-11-30,CUST00095,Swati Gupta,Bengaluru,Karnataka,Chanel,Coco Mademoiselle,Women,2,9990.0,10.7,17842.14,Net Banking,Returned
ORD101804,2025-12-01,CUST00504,Pooja Reddy,Chandigarh,Punjab,Ajmal,Ajmal Wisal,Women,2,1500.0,29.4,2118.0,Net Banking,Returned
ORD101805,2025-12-01,CUST00369,Aryan Singh,Chennai,Tamil Nadu,Fogg,Fogg Scent Xpressio,Men,1,1330.0,6.3,1246.21,Cash on Delivery,Delivered
ORD101806,2025-12-01,CUST01215,Sanjay Malhotra,Kochi,Kerala,Gucci,Gucci Flora,Women,3,8880.0,6.1,25014.96,UPI,Delivered
ORD101807,2025-12-01,CUST00737,Sai Reddy,Mumbai,Maharashtra,Armani,Code,Men,2,3800.0,0.3,7577.2,UPI,Delivered
ORD101808,2025-12-01,CUST00537,Divya Shah,Surat,Gujarat,Fogg,Fogg Scent Xpressio,Men,4,1420.0,7.3,5265.36,Credit Card,Delivered
ORD101809,2025-12-01,CUST00414,Sanya Gupta,Bengaluru,Karnataka,Calvin Klein,Obsession,Men,2,3420.0,3.0,6634.8,UPI,Delivered
ORD101810,2025-12-02,CUST00790,Anjali Joshi,Nashik,Maharashtra,Chanel,Chanel No. 5,Women,1,11830.0,7.4,10954.58,UPI,Delivered
ORD101811,2025-12-02,CUST01135,Ashok Rao,Hyderabad,Telangana,Dior,J'adore,Women,2,10060.0,8.5,18409.8,Debit Card,Delivered
ORD101812,2025-12-02,CUST00321,Kabir Das,Pune,Maharashtra,Fogg,Fogg Femme,Women,2,1170.0,24.7,1762.02,UPI,Cancelled
ORD101813,2025-12-02,CUST00954,Aditya Das,Jaipur,Rajasthan,Wild Stone,Wild Stone Hunter,Men,2,910.0,14.2,1561.56,Debit Card,Returned
ORD101814,2025-12-03,CUST01215,Sanjay Malhotra,Surat,Gujarat,Armani,Si Passione,Women,3,7070.0,4.6,20234.34,Credit Card,Delivered
ORD101815,2025-12-04,CUST00465,Isha Reddy,Kolkata,West Bengal,Wild Stone,Wild Stone Code Platinum,Men,1,890.0,19.0,720.9,Credit Card,Delivered
ORD101816,2025-12-04,CUST00438,Nikhil Sharma,Nashik,Maharashtra,Zara,Zara Unisex Oud,Unisex,1,960.0,24.0,729.6,Cash on Delivery,Delivered
ORD101817,2025-12-04,CUST00262,Deepak Reddy,Chandigarh,Punjab,Zara,Zara Man Gold,Men,3,1630.0,8.4,4479.24,UPI,Delivered
ORD101818,2025-12-04,CUST01209,Sai Mukherjee,Nagpur,Maharashtra,Calvin Klein,Euphoria,Women,1,2880.0,21.3,2266.56,Debit Card,Delivered
ORD101819,2025-12-04,CUST00710,Amit Reddy,Chandigarh,Punjab,Wild Stone,Wild Stone Hunter,Men,2,1290.0,26.9,1885.98,Debit Card,Delivered
ORD101820,2025-12-04,CUST00414,Sanya Gupta,Bengaluru,Karnataka,Armani,Acqua di Gio,Men,3,8250.0,6.5,23141.25,Credit Card,Delivered
ORD101821,2025-12-04,CUST01033,Geeta Joshi,Bengaluru,Karnataka,Gucci,Gucci Bloom,Women,3,4310.0,13.3,11210.31,UPI,Delivered
ORD101822,2025-12-05,CUST00405,Preeti Naidu,Mumbai,Maharashtra,Armani,Si Passione,Women,1,4510.0,1.4,4446.86,Cash on Delivery,Delivered
ORD101823,2025-12-05,CUST00832,Sanjay Agarwal,Mumbai,Maharashtra,Calvin Klein,CK One,Unisex,2,2740.0,7.8,5052.56,Debit Card,Delivered
ORD101824,2025-12-06,CUST00873,Ishaan Sharma,Nashik,Maharashtra,Gucci,Gucci Bloom,Women,2,7790.0,6.2,14614.04,UPI,Delivered
ORD101825,2025-12-06,CUST00547,Amit Sharma,Delhi,Delhi,Zara,Zara Man Gold,Men,2,950.0,9.3,1723.3,UPI,Delivered
ORD101826,2025-12-06,CUST00868,Ramesh Yadav,Bengaluru,Karnataka,Zara,Zara Unisex Oud,Unisex,1,2600.0,21.2,2048.8,Credit Card,Delivered
ORD101827,2025-12-06,CUST00646,Aditya Desai,Bhopal,Madhya Pradesh,Ajmal,Ajmal Wisal,Women,2,2740.0,8.7,5003.24,UPI,Delivered
ORD101828,2025-12-06,CUST00799,Aryan Mukherjee,Delhi,Delhi,Fogg,Fogg Femme,Women,1,1560.0,5.1,1480.44,Debit Card,Delivered
ORD101829,2025-12-07,CUST01102,Lakshmi Menon,Hyderabad,Telangana,Ajmal,Ajmal Wisal,Women,3,2790.0,0.5,8328.15,UPI,Delivered
ORD101830,2025-12-07,CUST00890,Suresh Kumar,Pune,Maharashtra,Chanel,Bleu de Chanel,Men,2,7990.0,10.4,14318.08,UPI,Returned
ORD101831,2025-12-07,CUST00217,Geeta Banerjee,Bhopal,Madhya Pradesh,Armani,Code,Men,3,7540.0,0.7,22461.66,Debit Card,Delivered
ORD101832,2025-12-07,CUST01166,Myra Desai,Ahmedabad,Gujarat,Fogg,Fogg Femme,Women,1,910.0,17.6,749.84,UPI,Delivered
ORD101833,2025-12-07,CUST00120,Saanvi Menon,Bengaluru,Karnataka,Armani,Si Passione,Women,3,7470.0,7.6,20706.84,Credit Card,Delivered
ORD101834,2025-12-07,CUST00578,Nikhil Reddy,Chennai,Tamil Nadu,Wild Stone,Wild Stone Hunter,Men,1,1490.0,18.8,1209.88,Credit Card,Delivered
ORD101835,2025-12-07,CUST00611,Priya Singh,Kolkata,West Bengal,Fogg,Fogg Scent Xpressio,Men,1,1370.0,2.1,1341.23,UPI,Delivered
ORD101836,2025-12-07,CUST00904,Amit Mehta,Hyderabad,Telangana,Zara,Zara Unisex Oud,Unisex,2,1890.0,26.6,2774.52,Debit Card,Delivered
ORD101837,2025-12-07,CUST01027,Amit Kumar,Nashik,Maharashtra,Ajmal,Ajmal Amber Wood,Men,2,1720.0,25.9,2549.04,Cash on Delivery,Delivered
ORD101838,2025-12-07,CUST00064,Sai Verma,Bengaluru,Karnataka,Wild Stone,Wild Stone Hunter,Men,1,1540.0,26.2,1136.52,UPI,Delivered
ORD101839,2025-12-08,CUST00101,Dhruv Krishnan,Chennai,Tamil Nadu,Gucci,Gucci Flora,Women,1,4110.0,10.7,3670.23,Debit Card,Cancelled
ORD101840,2025-12-08,CUST00550,Anjali Rao,Pune,Maharashtra,Zara,Zara Woman Rose,Women,2,2710.0,16.2,4541.96,Credit Card,Delivered
ORD101841,2025-12-08,CUST00005,Pari Verma,Mumbai,Maharashtra,Chanel,Coco Mademoiselle,Women,1,6750.0,15.5,5703.75,UPI,Returned
ORD101842,2025-12-09,CUST01157,Pooja Agarwal,Hyderabad,Telangana,Wild Stone,Wild Stone Hunter,Men,4,1070.0,8.2,3929.04,Credit Card,Delivered
ORD101843,2025-12-09,CUST00999,Shreya Choudhary,Kolkata,West Bengal,Wild Stone,Wild Stone Code Platinum,Men,3,1290.0,13.0,3366.9,Debit Card,Delivered
ORD101844,2025-12-09,CUST00057,Rajesh Shah,Nagpur,Maharashtra,Ajmal,Ajmal Evoke,Unisex,1,2380.0,29.9,1668.38,UPI,Delivered
ORD101845,2025-12-09,CUST00596,Vikram Malhotra,Kochi,Kerala,Fogg,Fogg Femme,Women,3,1610.0,27.5,3501.75,UPI,Returned
ORD101846,2025-12-09,CUST00201,Yash Das,Bengaluru,Karnataka,Chanel,Chanel No. 5,Women,1,5870.0,18.2,4801.66,Credit Card,Returned
ORD101847,2025-12-09,CUST00911,Krishna Agarwal,Coimbatore,Tamil Nadu,Versace,Dylan Blue,Men,4,5430.0,1.3,21437.64,Cash on Delivery,Delivered
ORD101848,2025-12-09,CUST00621,Ananya Gupta,Hyderabad,Telangana,Calvin Klein,Obsession,Men,1,3300.0,7.9,3039.3,UPI,Delivered
ORD101849,2025-12-10,CUST00262,Deepak Reddy,Chandigarh,Punjab,Zara,Zara Woman Rose,Women,3,1740.0,17.1,4327.38,Cash on Delivery,Delivered
ORD101850,2025-12-10,CUST00869,Vihaan Bansal,Bhopal,Madhya Pradesh,Ajmal,Ajmal Amber Wood,Men,1,3120.0,20.7,2474.16,UPI,Delivered
ORD101851,2025-12-10,CUST00964,Ashok Yadav,Hyderabad,Telangana,Tom Ford,Tobacco Vanille,Unisex,3,11070.0,0.3,33110.37,UPI,Delivered
ORD101852,2025-12-10,CUST00965,Divya Mukherjee,Jaipur,Rajasthan,Fogg,Fogg Scent Xpressio,Men,3,860.0,0.1,2577.42,Credit Card,Delivered
ORD101853,2025-12-10,CUST00204,Arjun Naidu,Bengaluru,Karnataka,Ajmal,Ajmal Amber Wood,Men,1,2260.0,5.4,2137.96,Credit Card,Delivered
ORD101854,2025-12-11,CUST00199,Sanya Mehta,Mumbai,Maharashtra,Versace,Bright Crystal,Women,1,3880.0,5.3,3674.36,UPI,Delivered
ORD101855,2025-12-11,CUST00825,Sanya Banerjee,Nagpur,Maharashtra,Zara,Zara Man Gold,Men,3,2360.0,21.6,5550.72,UPI,Delivered
ORD101856,2025-12-11,CUST01102,Lakshmi Menon,Hyderabad,Telangana,Chanel,Chanel No. 5,Women,1,11080.0,0.5,11024.6,Debit Card,Delivered
ORD101857,2025-12-11,CUST01240,Ayaan Sharma,Bengaluru,Karnataka,Wild Stone,Wild Stone Code Platinum,Men,1,1300.0,11.1,1155.7,UPI,Delivered
ORD101858,2025-12-11,CUST00187,Ira Chatterjee,Hyderabad,Telangana,Gucci,Gucci Guilty,Unisex,1,8330.0,5.3,7888.51,UPI,Cancelled
ORD101859,2025-12-12,CUST00732,Tanvi Verma,Ahmedabad,Gujarat,Wild Stone,Wild Stone Hunter,Men,1,890.0,13.7,768.07,UPI,Delivered
ORD101860,2025-12-12,CUST00195,Vikram Nair,Kolkata,West Bengal,Wild Stone,Wild Stone Hunter,Men,5,1350.0,1.3,6662.25,UPI,Delivered
ORD101861,2025-12-12,CUST00262,Deepak Reddy,Chandigarh,Punjab,Calvin Klein,CK One,Unisex,1,5110.0,10.0,4599.0,UPI,Delivered
ORD101862,2025-12-12,CUST00120,Saanvi Menon,Bengaluru,Karnataka,Calvin Klein,Obsession,Men,5,5730.0,7.2,26587.2,Cash on Delivery,Returned
ORD101863,2025-12-12,CUST01193,Anjali Reddy,Chandigarh,Punjab,Fogg,Fogg Scent Xpressio,Men,2,1510.0,25.7,2243.86,UPI,Delivered
ORD101864,2025-12-13,CUST01240,Ayaan Sharma,Bengaluru,Karnataka,Fogg,Fogg Scent Xpressio,Men,5,1060.0,23.4,4059.8,Cash on Delivery,Delivered
ORD101865,2025-12-13,CUST00947,Ashok Menon,Indore,Madhya Pradesh,Zara,Zara Woman Rose,Women,4,2530.0,24.8,7610.24,Net Banking,Delivered
ORD101866,2025-12-13,CUST00425,Anjali Kulkarni,Ahmedabad,Gujarat,Dior,J'adore,Women,4,9890.0,12.9,34456.76,UPI,Delivered
ORD101867,2025-12-13,CUST01051,Kiran Mehta,Mumbai,Maharashtra,Fogg,Fogg Femme,Women,3,1150.0,19.4,2780.7,UPI,Delivered
ORD101868,2025-12-13,CUST00026,Manoj Patel,Surat,Gujarat,Fogg,Fogg Femme,Women,1,1240.0,18.9,1005.64,Credit Card,Delivered
ORD101869,2025-12-13,CUST01157,Pooja Agarwal,Hyderabad,Telangana,Dior,J'adore,Women,3,6280.0,1.1,18632.76,UPI,Delivered
ORD101870,2025-12-14,CUST00078,Yash Sharma,Mumbai,Maharashtra,Fogg,Fogg Scent Xpressio,Men,2,1170.0,0.9,2318.94,UPI,Delivered
ORD101871,2025-12-14,CUST00998,Varun Patel,Hyderabad,Telangana,Zara,Zara Man Gold,Men,2,1690.0,24.0,2568.8,Credit Card,Delivered
ORD101872,2025-12-15,CUST00772,Varun Mishra,Pune,Maharashtra,Ajmal,Ajmal Wisal,Women,3,2900.0,21.5,6829.5,Cash on Delivery,Delivered
ORD101873,2025-12-15,CUST01191,Aditya Naidu,Bengaluru,Karnataka,Zara,Zara Unisex Oud,Unisex,2,2400.0,7.0,4464.0,UPI,Delivered
ORD101874,2025-12-15,CUST00886,Anjali Malhotra,Hyderabad,Telangana,Dior,Miss Dior,Women,2,9390.0,6.7,17521.74,Cash on Delivery,Returned
ORD101875,2025-12-15,CUST00044,Anil Verma,Ahmedabad,Gujarat,Fogg,Fogg Femme,Women,4,960.0,12.9,3344.64,Debit Card,Delivered
ORD101876,2025-12-15,CUST00829,Vivaan Joshi,Bhopal,Madhya Pradesh,Armani,Code,Men,1,3640.0,15.0,3094.0,UPI,Returned
ORD101877,2025-12-15,CUST00466,Vikram Banerjee,Jaipur,Rajasthan,Calvin Klein,Euphoria,Women,4,4800.0,17.6,15820.8,Credit Card,Cancelled
ORD101878,2025-12-15,CUST01109,Nikhil Pillai,Jaipur,Rajasthan,Versace,Eros,Men,2,6990.0,25.5,10415.1,UPI,Delivered
ORD101879,2025-12-15,CUST00272,Isha Desai,Jaipur,Rajasthan,Gucci,Gucci Bloom,Women,3,9820.0,19.1,23833.14,Cash on Delivery,Delivered
ORD101880,2025-12-15,CUST00359,Priya Joshi,Chennai,Tamil Nadu,Dior,Miss Dior,Women,5,7360.0,15.5,31096.0,UPI,Returned
ORD101881,2025-12-15,CUST00737,Sai Reddy,Mumbai,Maharashtra,Versace,Dylan Blue,Men,4,3960.0,29.5,11167.2,UPI,Returned
ORD101882,2025-12-15,CUST00513,Deepak Malhotra,Kolkata,West Bengal,Zara,Zara Woman Rose,Women,4,1860.0,30.0,5208.0,UPI,Delivered
ORD101883,2025-12-15,CUST00102,Vihaan Iyer,Chennai,Tamil Nadu,Zara,Zara Unisex Oud,Unisex,1,1690.0,18.8,1372.28,UPI,Delivered
ORD101884,2025-12-15,CUST00057,Rajesh Shah,Nagpur,Maharashtra,Fogg,Fogg Femme,Women,1,1330.0,12.1,1169.07,Cash on Delivery,Delivered
ORD101885,2025-12-15,CUST00315,Tanvi Shah,Kolkata,West Bengal,Chanel,Bleu de Chanel,Men,2,8670.0,13.2,15051.12,Debit Card,Delivered
ORD101886,2025-12-16,CUST00462,Vikram Kulkarni,Nashik,Maharashtra,Zara,Zara Man Gold,Men,3,2490.0,30.0,5229.0,UPI,Delivered
ORD101887,2025-12-16,CUST00053,Nikhil Desai,Delhi,Delhi,Zara,Zara Man Gold,Men,4,1360.0,17.4,4493.44,Cash on Delivery,Delivered
ORD101888,2025-12-16,CUST01167,Tanvi Kulkarni,Chennai,Tamil Nadu,Fogg,Fogg Scent Xpressio,Men,1,1260.0,13.4,1091.16,UPI,Delivered
ORD101889,2025-12-16,CUST00616,Riya Naidu,Pune,Maharashtra,Zara,Zara Man Gold,Men,4,1360.0,19.4,4384.64,Net Banking,Returned
ORD101890,2025-12-16,CUST01100,Saanvi Shah,Lucknow,Uttar Pradesh,Versace,Dylan Blue,Men,2,5670.0,11.8,10001.88,UPI,Delivered
ORD101891,2025-12-16,CUST01044,Kiran Reddy,Bhopal,Madhya Pradesh,Zara,Zara Man Gold,Men,2,2640.0,30.0,3696.0,UPI,Delivered
ORD101892,2025-12-16,CUST00960,Aditya Kulkarni,Chennai,Tamil Nadu,Gucci,Gucci Flora,Women,2,7140.0,9.8,12880.56,Cash on Delivery,Delivered
ORD101893,2025-12-16,CUST00442,Ramesh Choudhary,Indore,Madhya Pradesh,Ajmal,Ajmal Wisal,Women,1,2780.0,11.3,2465.86,UPI,Delivered
ORD101894,2025-12-16,CUST00664,Preeti Menon,Indore,Madhya Pradesh,Ajmal,Ajmal Wisal,Women,2,2660.0,24.0,4043.2,UPI,Delivered
ORD101895,2025-12-16,CUST00947,Ashok Menon,Indore,Madhya Pradesh,Fogg,Fogg Femme,Women,1,940.0,15.8,791.48,Credit Card,Delivered
ORD101896,2025-12-16,CUST00830,Krishna Desai,Pune,Maharashtra,Dior,Miss Dior,Women,2,6850.0,3.9,13165.7,Credit Card,Returned
ORD101897,2025-12-16,CUST00571,Isha Chatterjee,Bengaluru,Karnataka,Gucci,Gucci Flora,Women,5,10880.0,25.1,40745.6,Net Banking,Delivered
ORD101898,2025-12-16,CUST00252,Rekha Gupta,Kolkata,West Bengal,Wild Stone,Wild Stone Hunter,Men,2,1420.0,30.0,1988.0,UPI,Delivered
ORD101899,2025-12-16,CUST01238,Ashok Chatterjee,Lucknow,Uttar Pradesh,Zara,Zara Woman Rose,Women,1,930.0,9.3,843.51,Credit Card,Delivered
ORD101900,2025-12-16,CUST00579,Saanvi Iyer,Chandigarh,Punjab,Calvin Klein,Obsession,Men,3,5000.0,15.4,12690.0,Cash on Delivery,Delivered
ORD101901,2025-12-16,CUST00747,Deepak Gupta,Pune,Maharashtra,Chanel,Coco Mademoiselle,Women,3,5880.0,24.1,13388.76,Net Banking,Delivered
ORD101902,2025-12-17,CUST00603,Kavya Naidu,Mumbai,Maharashtra,Fogg,Fogg Femme,Women,4,1490.0,30.0,4172.0,UPI,Cancelled
ORD101903,2025-12-17,CUST00204,Arjun Naidu,Chennai,Tamil Nadu,Burberry,Her,Women,1,8310.0,13.5,7188.15,Debit Card,Returned
ORD101904,2025-12-17,CUST00964,Ashok Yadav,Hyderabad,Telangana,Ajmal,Ajmal Wisal,Women,2,1770.0,26.6,2598.36,UPI,Delivered
ORD101905,2025-12-17,CUST00847,Manoj Choudhary,Pune,Maharashtra,Ajmal,Ajmal Evoke,Unisex,2,1090.0,30.0,1526.0,UPI,Delivered
ORD101906,2025-12-17,CUST00964,Ashok Yadav,Hyderabad,Telangana,Zara,Zara Woman Rose,Women,4,2020.0,16.1,6779.12,UPI,Returned
ORD101907,2025-12-17,CUST00579,Saanvi Iyer,Mumbai,Maharashtra,Zara,Zara Woman Rose,Women,1,2300.0,12.4,2014.8,Debit Card,Delivered
ORD101908,2025-12-17,CUST01102,Lakshmi Menon,Hyderabad,Telangana,Fogg,Fogg Scent Xpressio,Men,1,1210.0,25.5,901.45,Credit Card,Delivered
ORD101909,2025-12-17,CUST00401,Kabir Choudhary,Nashik,Maharashtra,Calvin Klein,Obsession,Men,2,3800.0,19.0,6156.0,Credit Card,Delivered
ORD101910,2025-12-17,CUST00942,Preeti Malhotra,Chennai,Tamil Nadu,Ajmal,Ajmal Wisal,Women,3,1240.0,16.6,3102.48,Cash on Delivery,Delivered
ORD101911,2025-12-17,CUST01040,Meera Choudhary,Coimbatore,Tamil Nadu,Zara,Zara Unisex Oud,Unisex,1,1060.0,23.7,808.78,UPI,Delivered
ORD101912,2025-12-17,CUST00590,Kabir Menon,Delhi,Delhi,Fogg,Fogg Femme,Women,2,1170.0,26.4,1722.24,UPI,Cancelled
ORD101913,2025-12-18,CUST01064,Saanvi Sharma,Ahmedabad,Gujarat,Fogg,Fogg Scent Xpressio,Men,1,1240.0,21.2,977.12,UPI,Delivered
ORD101914,2025-12-18,CUST00199,Sanya Mehta,Mumbai,Maharashtra,Zara,Zara Unisex Oud,Unisex,2,2700.0,14.3,4627.8,Credit Card,Delivered
ORD101915,2025-12-18,CUST00150,Swati Das,Nashik,Maharashtra,Fogg,Fogg Scent Xpressio,Men,1,1140.0,6.5,1065.9,UPI,Delivered
ORD101916,2025-12-18,CUST00532,Vihaan Yadav,Visakhapatnam,Andhra Pradesh,Fogg,Fogg Femme,Women,2,1380.0,7.8,2544.72,Debit Card,Delivered
ORD101917,2025-12-18,CUST00985,Amit Kulkarni,Jaipur,Rajasthan,Versace,Eros,Men,1,5440.0,20.6,4319.36,Cash on Delivery,Delivered
ORD101918,2025-12-18,CUST01051,Kiran Mehta,Mumbai,Maharashtra,Versace,Bright Crystal,Women,3,4360.0,21.4,10280.88,UPI,Delivered
ORD101919,2025-12-18,CUST00181,Ashok Banerjee,Lucknow,Uttar Pradesh,Calvin Klein,Euphoria,Women,1,6950.0,17.5,5733.75,Cash on Delivery,Delivered
ORD101920,2025-12-18,CUST00676,Dhruv Pillai,Delhi,Delhi,Zara,Zara Unisex Oud,Unisex,4,1990.0,20.9,6296.36,Credit Card,Delivered
ORD101921,2025-12-18,CUST00397,Kiran Mukherjee,Chennai,Tamil Nadu,Dior,Miss Dior,Women,1,6640.0,3.9,6381.04,Credit Card,Delivered
ORD101922,2025-12-18,CUST00669,Saanvi Malhotra,Delhi,Delhi,Gucci,Gucci Guilty,Unisex,4,7070.0,27.0,20644.4,UPI,Delivered
ORD101923,2025-12-18,CUST00772,Varun Mishra,Pune,Maharashtra,Chanel,Coco Mademoiselle,Women,1,11420.0,13.4,9889.72,Cash on Delivery,Returned
ORD101924,2025-12-19,CUST00732,Tanvi Verma,Ahmedabad,Gujarat,Zara,Zara Woman Rose,Women,4,2660.0,30.0,7448.0,Cash on Delivery,Delivered
ORD101925,2025-12-19,CUST00210,Pari Menon,Delhi,Delhi,Ajmal,Ajmal Amber Wood,Men,2,1300.0,7.6,2402.4,UPI,Returned
ORD101926,2025-12-19,CUST01095,Riya Mehta,Chennai,Tamil Nadu,Calvin Klein,CK One,Unisex,4,2620.0,20.5,8331.6,Net Banking,Delivered
ORD101927,2025-12-19,CUST00154,Anjali Desai,Pune,Maharashtra,Zara,Zara Man Gold,Men,2,2420.0,18.5,3944.6,UPI,Cancelled
ORD101928,2025-12-19,CUST00362,Sneha Shah,Jaipur,Rajasthan,Versace,Bright Crystal,Women,2,3650.0,15.0,6205.0,Credit Card,Delivered
ORD101929,2025-12-19,CUST00651,Lakshmi Choudhary,Pune,Maharashtra,Ajmal,Ajmal Wisal,Women,2,2560.0,5.9,4817.92,Credit Card,Returned
ORD101930,2025-12-19,CUST00036,Shreya Chatterjee,Hyderabad,Telangana,Calvin Klein,Euphoria,Women,4,3830.0,10.5,13711.4,Credit Card,Cancelled
ORD101931,2025-12-19,CUST00280,Preeti Kumar,Chandigarh,Punjab,Chanel,Bleu de Chanel,Men,3,10910.0,23.8,24940.26,Credit Card,Delivered
ORD101932,2025-12-19,CUST01059,Sanjay Banerjee,Mumbai,Maharashtra,Ajmal,Ajmal Evoke,Unisex,1,1430.0,7.7,1319.89,Credit Card,Delivered
ORD101933,2025-12-19,CUST01116,Isha Singh,Surat,Gujarat,Wild Stone,Wild Stone Hunter,Men,3,890.0,21.5,2095.95,Credit Card,Delivered
ORD101934,2025-12-19,CUST00917,Sunita Bansal,Indore,Madhya Pradesh,Zara,Zara Unisex Oud,Unisex,1,2410.0,30.0,1687.0,Credit Card,Delivered
ORD101935,2025-12-19,CUST00795,Nikhil Kulkarni,Kochi,Kerala,Ajmal,Ajmal Amber Wood,Men,1,2020.0,28.8,1438.24,UPI,Delivered
ORD101936,2025-12-20,CUST00532,Vihaan Yadav,Visakhapatnam,Andhra Pradesh,Ajmal,Ajmal Evoke,Unisex,5,2030.0,30.0,7105.0,Cash on Delivery,Delivered
ORD101937,2025-12-20,CUST00094,Amit Naidu,Bengaluru,Karnataka,Zara,Zara Unisex Oud,Unisex,1,1500.0,30.0,1050.0,Debit Card,Cancelled
ORD101938,2025-12-20,CUST00373,Riya Rathi,Surat,Gujarat,Zara,Zara Woman Rose,Women,2,2670.0,14.0,4592.4,Credit Card,Delivered
ORD101939,2025-12-20,CUST00569,Krishna Sharma,Kolkata,West Bengal,Calvin Klein,CK One,Unisex,1,6290.0,17.5,5189.25,UPI,Delivered
ORD101940,2025-12-20,CUST00428,Rahul Naidu,Bengaluru,Karnataka,Burberry,Hero,Men,1,3990.0,8.7,3642.87,Credit Card,Delivered
ORD101941,2025-12-20,CUST00795,Nikhil Kulkarni,Kochi,Kerala,Fogg,Fogg Scent Xpressio,Men,2,940.0,19.9,1505.88,Net Banking,Delivered
ORD101942,2025-12-20,CUST00883,Swati Malhotra,Jaipur,Rajasthan,Zara,Zara Man Gold,Men,1,1400.0,25.7,1040.2,UPI,Delivered
ORD101943,2025-12-20,CUST00323,Krishna Kumar,Lucknow,Uttar Pradesh,Calvin Klein,CK One,Unisex,1,5800.0,16.4,4848.8,Net Banking,Delivered
ORD101944,2025-12-20,CUST00484,Sai Krishnan,Chennai,Tamil Nadu,Wild Stone,Wild Stone Hunter,Men,2,1500.0,19.7,2409.0,Net Banking,Delivered
ORD101945,2025-12-20,CUST00932,Vivaan Kulkarni,Bengaluru,Karnataka,Versace,Bright Crystal,Women,2,8000.0,21.0,12640.0,Credit Card,Delivered
ORD101946,2025-12-20,CUST00739,Preeti Kumar,Delhi,Delhi,Fogg,Fogg Femme,Women,1,1360.0,20.6,1079.84,UPI,Delivered
ORD101947,2025-12-20,CUST00913,Yash Rao,Kolkata,West Bengal,Dior,Miss Dior,Women,2,7640.0,12.7,13339.44,UPI,Delivered
ORD101948,2025-12-21,CUST00267,Aditi Chatterjee,Indore,Madhya Pradesh,Calvin Klein,Obsession,Men,1,5130.0,22.0,4001.4,Net Banking,Delivered
ORD101949,2025-12-21,CUST00044,Anil Verma,Nagpur,Maharashtra,Wild Stone,Wild Stone Code Platinum,Men,2,1330.0,4.1,2550.94,Net Banking,Delivered
ORD101950,2025-12-21,CUST00732,Tanvi Verma,Ahmedabad,Gujarat,Zara,Zara Man Gold,Men,1,1340.0,30.0,938.0,Credit Card,Delivered
ORD101951,2025-12-21,CUST01180,Nikhil Verma,Bengaluru,Karnataka,Wild Stone,Wild Stone Code Platinum,Men,2,1440.0,18.4,2350.08,UPI,Delivered
ORD101952,2025-12-21,CUST00099,Swati Mukherjee,Nagpur,Maharashtra,Chanel,Bleu de Chanel,Men,2,8370.0,6.1,15718.86,UPI,Delivered
ORD101953,2025-12-21,CUST00187,Ira Chatterjee,Hyderabad,Telangana,Gucci,Gucci Flora,Women,1,10170.0,11.0,9051.3,Debit Card,Delivered
ORD101954,2025-12-21,CUST00571,Isha Chatterjee,Bengaluru,Karnataka,Zara,Zara Woman Rose,Women,1,2740.0,6.1,2572.86,UPI,Delivered
ORD101955,2025-12-21,CUST00917,Sunita Bansal,Indore,Madhya Pradesh,Ajmal,Ajmal Wisal,Women,1,1080.0,8.3,990.36,Net Banking,Delivered
ORD101956,2025-12-21,CUST00917,Sunita Bansal,Indore,Madhya Pradesh,Zara,Zara Woman Rose,Women,3,1120.0,30.0,2352.0,Cash on Delivery,Delivered
ORD101957,2025-12-21,CUST00646,Aditya Desai,Chennai,Tamil Nadu,Burberry,Her,Women,4,7820.0,15.0,26588.0,UPI,Delivered
ORD101958,2025-12-21,CUST00171,Rekha Kumar,Hyderabad,Telangana,Zara,Zara Woman Rose,Women,2,1830.0,14.6,3125.64,UPI,Returned
ORD101959,2025-12-21,CUST00960,Aditya Kulkarni,Chennai,Tamil Nadu,Fogg,Fogg Femme,Women,1,1090.0,27.8,786.98,Credit Card,Delivered
ORD101960,2025-12-22,CUST00160,Anika Das,Jaipur,Rajasthan,Armani,Code,Men,1,7810.0,24.4,5904.36,UPI,Delivered
ORD101961,2025-12-22,CUST00571,Isha Chatterjee,Bengaluru,Karnataka,Armani,Acqua di Gio,Men,2,4940.0,7.2,9168.64,Net Banking,Delivered
ORD101962,2025-12-22,CUST00748,Nikhil Rathi,Hyderabad,Telangana,Ajmal,Ajmal Evoke,Unisex,4,1860.0,29.5,5245.2,Credit Card,Delivered
ORD101963,2025-12-22,CUST00627,Suresh Chatterjee,Bengaluru,Karnataka,Fogg,Fogg Scent Xpressio,Men,3,1530.0,7.1,4264.11,UPI,Delivered
ORD101964,2025-12-22,CUST00547,Amit Sharma,Delhi,Delhi,Armani,Si Passione,Women,1,5200.0,17.8,4274.4,Cash on Delivery,Delivered
ORD101965,2025-12-22,CUST00301,Sanjay Naidu,Bengaluru,Karnataka,Versace,Eros,Men,1,4500.0,15.5,3802.5,Credit Card,Delivered
ORD101966,2025-12-22,CUST00875,Swati Rathi,Kochi,Kerala,Ajmal,Ajmal Evoke,Unisex,1,3070.0,16.0,2578.8,Cash on Delivery,Delivered
ORD101967,2025-12-22,CUST00947,Ashok Menon,Indore,Madhya Pradesh,Zara,Zara Man Gold,Men,3,2050.0,25.2,4600.2,Debit Card,Delivered
ORD101968,2025-12-22,CUST01170,Karan Kumar,Delhi,Delhi,Zara,Zara Unisex Oud,Unisex,1,2420.0,14.5,2069.1,Debit Card,Delivered
ORD101969,2025-12-22,CUST00228,Kabir Chatterjee,Bengaluru,Karnataka,Dior,Miss Dior,Women,2,11340.0,12.1,19935.72,Credit Card,Delivered
ORD101970,2025-12-22,CUST00710,Amit Reddy,Chandigarh,Punjab,Chanel,Chanel No. 5,Women,1,9580.0,9.9,8631.58,UPI,Delivered
ORD101971,2025-12-22,CUST00627,Suresh Chatterjee,Jaipur,Rajasthan,Versace,Bright Crystal,Women,1,4690.0,6.7,4375.77,Cash on Delivery,Delivered
ORD101972,2025-12-22,CUST01092,Ayaan Rao,Hyderabad,Telangana,Fogg,Fogg Femme,Women,2,1660.0,24.6,2503.28,UPI,Delivered
ORD101973,2025-12-23,CUST00401,Kabir Choudhary,Nashik,Maharashtra,Fogg,Fogg Femme,Women,1,1710.0,27.2,1244.88,UPI,Returned
ORD101974,2025-12-23,CUST00425,Anjali Kulkarni,Ahmedabad,Gujarat,Ajmal,Ajmal Amber Wood,Men,2,2560.0,18.6,4167.68,Debit Card,Returned
ORD101975,2025-12-23,CUST00057,Rajesh Shah,Nagpur,Maharashtra,Wild Stone,Wild Stone Code Platinum,Men,2,820.0,30.0,1148.0,UPI,Delivered
ORD101976,2025-12-23,CUST01095,Riya Mehta,Chennai,Tamil Nadu,Calvin Klein,Obsession,Men,2,4290.0,5.3,8125.26,UPI,Delivered
ORD101977,2025-12-23,CUST00894,Kavya Agarwal,Bengaluru,Karnataka,Zara,Zara Unisex Oud,Unisex,1,1470.0,16.8,1223.04,UPI,Delivered
ORD101978,2025-12-23,CUST01097,Divya Rao,Hyderabad,Telangana,Fogg,Fogg Scent Xpressio,Men,1,1050.0,30.0,735.0,Credit Card,Delivered
ORD101979,2025-12-23,CUST00187,Ira Chatterjee,Hyderabad,Telangana,Ajmal,Ajmal Amber Wood,Men,1,2680.0,19.1,2168.12,UPI,Delivered
ORD101980,2025-12-23,CUST00115,Krishna Rathi,Pune,Maharashtra,Tom Ford,Black Orchid,Unisex,1,10440.0,18.8,8477.28,UPI,Delivered
ORD101981,2025-12-23,CUST00187,Ira Chatterjee,Hyderabad,Telangana,Wild Stone,Wild Stone Hunter,Men,4,860.0,13.1,2989.36,Credit Card,Delivered
ORD101982,2025-12-23,CUST01165,Diya Chatterjee,Delhi,Delhi,Zara,Zara Woman Rose,Women,1,1690.0,12.4,1480.44,UPI,Delivered
ORD101983,2025-12-23,CUST00840,Sanjay Reddy,Bengaluru,Karnataka,Zara,Zara Man Gold,Men,1,2050.0,6.5,1916.75,UPI,Delivered
ORD101984,2025-12-23,CUST01002,Diya Mehta,Chennai,Tamil Nadu,Gucci,Gucci Guilty,Unisex,2,9550.0,10.7,17056.3,UPI,Delivered
ORD101985,2025-12-23,CUST00573,Aadhya Gupta,Chennai,Tamil Nadu,Calvin Klein,Euphoria,Women,2,3900.0,14.7,6653.4,UPI,Delivered
ORD101986,2025-12-23,CUST00840,Sanjay Reddy,Bengaluru,Karnataka,Dior,J'adore,Women,2,4680.0,4.9,8901.36,UPI,Delivered
ORD101987,2025-12-23,CUST01090,Sai Banerjee,Ahmedabad,Gujarat,Wild Stone,Wild Stone Code Platinum,Men,1,1010.0,18.5,823.15,Credit Card,Delivered
ORD101988,2025-12-23,CUST00949,Kavya Bansal,Surat,Gujarat,Ajmal,Ajmal Evoke,Unisex,4,1500.0,2.9,5826.0,UPI,Delivered
ORD101989,2025-12-24,CUST00841,Riya Mehta,Pune,Maharashtra,Wild Stone,Wild Stone Code Platinum,Men,1,1190.0,25.3,888.93,Credit Card,Delivered
ORD101990,2025-12-24,CUST00646,Aditya Desai,Chennai,Tamil Nadu,Ajmal,Ajmal Wisal,Women,1,1390.0,10.3,1246.83,Debit Card,Delivered
ORD101991,2025-12-24,CUST01078,Ayaan Sharma,Mumbai,Maharashtra,Armani,Code,Men,1,5670.0,25.9,4201.47,Cash on Delivery,Delivered
ORD101992,2025-12-24,CUST00954,Aditya Das,Jaipur,Rajasthan,Gucci,Gucci Bloom,Women,1,4760.0,9.3,4317.32,UPI,Delivered
ORD101993,2025-12-24,CUST00890,Suresh Kumar,Chennai,Tamil Nadu,Wild Stone,Wild Stone Hunter,Men,2,990.0,16.7,1649.34,Debit Card,Cancelled
ORD101994,2025-12-24,CUST00890,Suresh Kumar,Pune,Maharashtra,Fogg,Fogg Scent Xpressio,Men,4,1440.0,7.4,5333.76,Debit Card,Delivered
ORD101995,2025-12-24,CUST01204,Ayaan Rao,Nashik,Maharashtra,Versace,Dylan Blue,Men,2,9350.0,17.6,15408.8,UPI,Delivered
ORD101996,2025-12-24,CUST00384,Myra Nair,Coimbatore,Tamil Nadu,Armani,Si Passione,Women,1,8260.0,16.5,6897.1,Credit Card,Delivered
ORD101997,2025-12-24,CUST00416,Yash Banerjee,Mumbai,Maharashtra,Gucci,Gucci Flora,Women,1,4990.0,10.0,4491.0,Credit Card,Delivered
ORD101998,2025-12-24,CUST00217,Geeta Banerjee,Bhopal,Madhya Pradesh,Gucci,Gucci Bloom,Women,3,9060.0,12.1,23891.22,Cash on Delivery,Delivered
ORD101999,2025-12-24,CUST00439,Manoj Kulkarni,Bengaluru,Karnataka,Burberry,Hero,Men,2,7790.0,5.2,14769.84,UPI,Delivered
ORD102000,2025-12-24,CUST00964,Ashok Yadav,Hyderabad,Telangana,Zara,Zara Woman Rose,Women,1,1540.0,23.1,1184.26,Credit Card,Delivered
ORD102001,2025-12-24,CUST00309,Yash Joshi,Delhi,Delhi,Zara,Zara Unisex Oud,Unisex,5,1970.0,6.6,9199.9,UPI,Delivered
ORD102002,2025-12-24,CUST00363,Ira Pillai,Lucknow,Uttar Pradesh,Calvin Klein,CK One,Unisex,3,5610.0,26.6,12353.22,UPI,Delivered
ORD102003,2025-12-24,CUST00798,Swati Yadav,Surat,Gujarat,Zara,Zara Woman Rose,Women,1,1940.0,9.7,1751.82,Credit Card,Delivered
ORD102004,2025-12-24,CUST00989,Priya Nair,Kochi,Kerala,Fogg,Fogg Scent Xpressio,Men,1,1120.0,9.0,1019.2,Cash on Delivery,Delivered
ORD102005,2025-12-24,CUST01078,Ayaan Sharma,Mumbai,Maharashtra,Chanel,Bleu de Chanel,Men,2,11010.0,19.9,17638.02,Cash on Delivery,Delivered
ORD102006,2025-12-24,CUST00355,Anil Iyer,Kolkata,West Bengal,Calvin Klein,Euphoria,Women,3,2970.0,26.9,6513.21,Cash on Delivery,Cancelled
ORD102007,2025-12-24,CUST00016,Aditya Banerjee,Kolkata,West Bengal,Dior,Miss Dior,Women,1,10180.0,10.7,9090.74,Net Banking,Returned
ORD102008,2025-12-24,CUST00262,Deepak Reddy,Chandigarh,Punjab,Ajmal,Ajmal Wisal,Women,4,1200.0,18.5,3912.0,UPI,Delivered
ORD102009,2025-12-24,CUST00490,Divya Sharma,Mumbai,Maharashtra,Zara,Zara Unisex Oud,Unisex,1,1710.0,3.5,1650.15,Cash on Delivery,Delivered
ORD102010,2025-12-25,CUST00583,Aditi Kulkarni,Pune,Maharashtra,Wild Stone,Wild Stone Hunter,Men,1,1190.0,12.2,1044.82,Net Banking,Delivered
ORD102011,2025-12-25,CUST00990,Ananya Shah,Visakhapatnam,Andhra Pradesh,Burberry,Hero,Men,1,5880.0,15.2,4986.24,UPI,Delivered
ORD102012,2025-12-25,CUST00799,Aryan Mukherjee,Delhi,Delhi,Wild Stone,Wild Stone Code Platinum,Men,3,1040.0,12.9,2717.52,Net Banking,Delivered
ORD102013,2025-12-25,CUST00840,Sanjay Reddy,Bengaluru,Karnataka,Fogg,Fogg Femme,Women,2,1320.0,19.7,2119.92,Debit Card,Delivered
ORD102014,2025-12-25,CUST00250,Anil Rathi,Chennai,Tamil Nadu,Ajmal,Ajmal Wisal,Women,1,2360.0,5.2,2237.28,UPI,Delivered
ORD102015,2025-12-25,CUST00484,Sai Krishnan,Chennai,Tamil Nadu,Ajmal,Ajmal Evoke,Unisex,1,1290.0,20.3,1028.13,UPI,Delivered
ORD102016,2025-12-25,CUST00474,Ishaan Verma,Visakhapatnam,Andhra Pradesh,Wild Stone,Wild Stone Hunter,Men,4,1220.0,28.9,3469.68,Cash on Delivery,Delivered
ORD102017,2025-12-26,CUST00670,Deepak Agarwal,Hyderabad,Telangana,Ajmal,Ajmal Evoke,Unisex,2,3050.0,30.0,4270.0,Debit Card,Cancelled
ORD102018,2025-12-26,CUST00465,Isha Reddy,Kolkata,West Bengal,Fogg,Fogg Femme,Women,2,1650.0,23.5,2524.5,UPI,Delivered
ORD102019,2025-12-26,CUST01123,Sanya Verma,Pune,Maharashtra,Versace,Dylan Blue,Men,2,8480.0,10.7,15145.28,Cash on Delivery,Delivered
ORD102020,2025-12-26,CUST00325,Yash Mukherjee,Pune,Maharashtra,Calvin Klein,Euphoria,Women,2,3180.0,4.1,6099.24,Credit Card,Returned
ORD102021,2025-12-26,CUST01077,Meera Kumar,Hyderabad,Telangana,Chanel,Bleu de Chanel,Men,5,6310.0,21.6,24735.2,UPI,Delivered
ORD102022,2025-12-26,CUST00220,Anjali Choudhary,Kolkata,West Bengal,Fogg,Fogg Femme,Women,1,1130.0,9.4,1023.78,Debit Card,Delivered
ORD102023,2025-12-26,CUST00965,Divya Mukherjee,Jaipur,Rajasthan,Ajmal,Ajmal Evoke,Unisex,1,1180.0,30.0,826.0,UPI,Delivered
ORD102024,2025-12-26,CUST00806,Vikram Choudhary,Hyderabad,Telangana,Versace,Eros,Men,5,4860.0,16.5,20290.5,UPI,Returned
ORD102025,2025-12-27,CUST00737,Sai Reddy,Bengaluru,Karnataka,Ajmal,Ajmal Evoke,Unisex,2,2770.0,30.0,3878.0,UPI,Delivered
ORD102026,2025-12-27,CUST00580,Sanya Naidu,Indore,Madhya Pradesh,Chanel,Chanel No. 5,Women,2,7140.0,14.4,12223.68,UPI,Delivered
ORD102027,2025-12-27,CUST00895,Karan Sharma,Lucknow,Uttar Pradesh,Fogg,Fogg Femme,Women,1,1050.0,22.1,817.95,UPI,Delivered
ORD102028,2025-12-27,CUST00032,Rekha Mukherjee,Chandigarh,Punjab,Zara,Zara Woman Rose,Women,2,1050.0,30.0,1470.0,UPI,Delivered
ORD102029,2025-12-27,CUST00750,Sanjay Agarwal,Delhi,Delhi,Wild Stone,Wild Stone Code Platinum,Men,1,1020.0,13.2,885.36,Cash on Delivery,Delivered
ORD102030,2025-12-27,CUST00187,Ira Chatterjee,Hyderabad,Telangana,Chanel,Chanel No. 5,Women,3,10580.0,5.7,29930.82,Cash on Delivery,Delivered
ORD102031,2025-12-27,CUST00009,Yash Naidu,Ahmedabad,Gujarat,Calvin Klein,Euphoria,Women,1,3990.0,20.3,3180.03,Debit Card,Delivered
ORD102032,2025-12-27,CUST00057,Rajesh Shah,Nagpur,Maharashtra,Ajmal,Ajmal Amber Wood,Men,3,1470.0,28.4,3157.56,Net Banking,Delivered
ORD102033,2025-12-27,CUST01109,Nikhil Pillai,Jaipur,Rajasthan,Armani,Si Passione,Women,1,7180.0,23.4,5499.88,Cash on Delivery,Delivered
ORD102034,2025-12-27,CUST00336,Nikhil Chatterjee,Nagpur,Maharashtra,Tom Ford,Tobacco Vanille,Unisex,2,10700.0,27.7,15472.2,UPI,Returned
ORD102035,2025-12-27,CUST00415,Vikram Malhotra,Hyderabad,Telangana,Fogg,Fogg Scent Xpressio,Men,4,1600.0,15.7,5395.2,UPI,Delivered
ORD102036,2025-12-27,CUST00666,Anika Verma,Chennai,Tamil Nadu,Ajmal,Ajmal Amber Wood,Men,2,2900.0,8.5,5307.0,Net Banking,Delivered
ORD102037,2025-12-28,CUST01166,Myra Desai,Ahmedabad,Gujarat,Tom Ford,Tobacco Vanille,Unisex,3,6310.0,11.4,16771.98,UPI,Delivered
ORD102038,2025-12-28,CUST00932,Vivaan Kulkarni,Bengaluru,Karnataka,Zara,Zara Unisex Oud,Unisex,4,2160.0,13.2,7499.52,Debit Card,Delivered
ORD102039,2025-12-28,CUST00201,Yash Das,Bengaluru,Karnataka,Calvin Klein,Euphoria,Women,2,3030.0,13.2,5260.08,UPI,Delivered
ORD102040,2025-12-28,CUST00310,Aarav Chatterjee,Pune,Maharashtra,Ajmal,Ajmal Evoke,Unisex,4,1730.0,21.8,5411.44,Credit Card,Delivered
ORD102041,2025-12-28,CUST01085,Vikram Kulkarni,Delhi,Delhi,Burberry,Hero,Men,2,6510.0,26.7,9543.66,Credit Card,Delivered
ORD102042,2025-12-28,CUST00569,Krishna Sharma,Kolkata,West Bengal,Chanel,Bleu de Chanel,Men,3,10900.0,8.5,29920.5,Debit Card,Delivered
ORD102043,2025-12-28,CUST01084,Sai Yadav,Indore,Madhya Pradesh,Gucci,Gucci Flora,Women,2,8980.0,20.1,14350.04,Credit Card,Delivered
ORD102044,2025-12-28,CUST00580,Sanya Naidu,Indore,Madhya Pradesh,Armani,Acqua di Gio,Men,1,6200.0,14.6,5294.8,Credit Card,Delivered
ORD102045,2025-12-28,CUST01240,Ayaan Sharma,Bengaluru,Karnataka,Zara,Zara Woman Rose,Women,1,1960.0,18.9,1589.56,Cash on Delivery,Delivered
ORD102046,2025-12-28,CUST00854,Yash Shah,Chandigarh,Punjab,Zara,Zara Unisex Oud,Unisex,1,950.0,28.7,677.35,UPI,Delivered
ORD102047,2025-12-28,CUST01049,Amit Rathi,Pune,Maharashtra,Ajmal,Ajmal Wisal,Women,4,2410.0,25.3,7201.08,Debit Card,Delivered
ORD102048,2025-12-28,CUST00071,Dhruv Malhotra,Pune,Maharashtra,Fogg,Fogg Scent Xpressio,Men,2,1360.0,10.1,2445.28,Credit Card,Delivered
ORD102049,2025-12-28,CUST00917,Sunita Bansal,Chennai,Tamil Nadu,Zara,Zara Unisex Oud,Unisex,4,1240.0,12.0,4364.8,Credit Card,Delivered
ORD102050,2025-12-28,CUST00773,Neha Agarwal,Delhi,Delhi,Ajmal,Ajmal Evoke,Unisex,2,1860.0,29.7,2615.16,Net Banking,Delivered
ORD102051,2025-12-28,CUST00458,Sunita Shah,Lucknow,Uttar Pradesh,Ajmal,Ajmal Amber Wood,Men,2,1540.0,8.3,2824.36,Credit Card,Delivered
ORD102052,2025-12-28,CUST00512,Pari Bansal,Delhi,Delhi,Fogg,Fogg Scent Xpressio,Men,1,1050.0,8.3,962.85,UPI,Delivered
ORD102053,2025-12-29,CUST01210,Ira Choudhary,Delhi,Delhi,Ajmal,Ajmal Amber Wood,Men,1,880.0,30.0,616.0,Debit Card,Delivered
ORD102054,2025-12-29,CUST00950,Pari Kumar,Chennai,Tamil Nadu,Calvin Klein,CK One,Unisex,2,2700.0,10.3,4843.8,UPI,Delivered
ORD102055,2025-12-29,CUST01116,Isha Singh,Coimbatore,Tamil Nadu,Ajmal,Ajmal Evoke,Unisex,2,2300.0,10.4,4121.6,UPI,Delivered
ORD102056,2025-12-29,CUST00579,Saanvi Iyer,Chandigarh,Punjab,Ajmal,Ajmal Wisal,Women,1,2870.0,30.0,2009.0,UPI,Delivered
ORD102057,2025-12-29,CUST00670,Deepak Agarwal,Ahmedabad,Gujarat,Gucci,Gucci Guilty,Unisex,3,7430.0,20.4,17742.84,Credit Card,Delivered
ORD102058,2025-12-29,CUST00109,Vihaan Banerjee,Hyderabad,Telangana,Ajmal,Ajmal Amber Wood,Men,4,2600.0,9.6,9401.6,UPI,Returned
ORD102059,2025-12-29,CUST00405,Preeti Naidu,Mumbai,Maharashtra,Ajmal,Ajmal Amber Wood,Men,2,870.0,25.3,1299.78,UPI,Delivered
ORD102060,2025-12-29,CUST00064,Sai Verma,Bengaluru,Karnataka,Ajmal,Ajmal Evoke,Unisex,3,2570.0,27.3,5605.17,Debit Card,Delivered
ORD102061,2025-12-29,CUST00044,Anil Verma,Nagpur,Maharashtra,Fogg,Fogg Scent Xpressio,Men,2,1220.0,16.3,2042.28,UPI,Delivered
ORD102062,2025-12-29,CUST00466,Vikram Banerjee,Jaipur,Rajasthan,Fogg,Fogg Scent Xpressio,Men,4,1440.0,29.3,4072.32,Cash on Delivery,Returned
ORD102063,2025-12-29,CUST00664,Preeti Menon,Indore,Madhya Pradesh,Versace,Dylan Blue,Men,3,6760.0,12.6,17724.72,UPI,Delivered
ORD102064,2025-12-29,CUST00646,Aditya Desai,Chennai,Tamil Nadu,Armani,Si Passione,Women,1,6880.0,12.1,6047.52,Cash on Delivery,Delivered
ORD102065,2025-12-30,CUST01102,Lakshmi Menon,Hyderabad,Telangana,Versace,Bright Crystal,Women,1,8590.0,16.6,7164.06,Credit Card,Delivered
ORD102066,2025-12-30,CUST00988,Ashok Bansal,Pune,Maharashtra,Ajmal,Ajmal Evoke,Unisex,4,2970.0,17.4,9812.88,UPI,Delivered
ORD102067,2025-12-30,CUST00151,Aditya Rathi,Kolkata,West Bengal,Burberry,Hero,Men,1,8690.0,13.1,7551.61,UPI,Delivered
ORD102068,2025-12-30,CUST00830,Krishna Desai,Pune,Maharashtra,Ajmal,Ajmal Wisal,Women,2,2410.0,22.2,3749.96,UPI,Delivered
ORD102069,2025-12-30,CUST00175,Pari Joshi,Surat,Gujarat,Fogg,Fogg Femme,Women,3,1300.0,12.4,3416.4,UPI,Cancelled
ORD102070,2025-12-30,CUST00750,Sanjay Agarwal,Delhi,Delhi,Fogg,Fogg Scent Xpressio,Men,1,1240.0,10.0,1116.0,Net Banking,Delivered
ORD102071,2025-12-30,CUST00856,Sneha Mehta,Kolkata,West Bengal,Zara,Zara Unisex Oud,Unisex,2,1860.0,25.1,2786.28,UPI,Delivered
ORD102072,2025-12-30,CUST01097,Divya Rao,Hyderabad,Telangana,Armani,Acqua di Gio,Men,2,8110.0,17.5,13381.5,Cash on Delivery,Delivered
ORD102073,2025-12-30,CUST00542,Tanvi Menon,Indore,Madhya Pradesh,Fogg,Fogg Femme,Women,3,1150.0,25.9,2556.45,Credit Card,Delivered
ORD102074,2025-12-30,CUST00766,Krishna Singh,Delhi,Delhi,Fogg,Fogg Femme,Women,4,1500.0,8.7,5478.0,Credit Card,Delivered
ORD102075,2025-12-30,CUST01231,Pari Nair,Patna,Bihar,Ajmal,Ajmal Amber Wood,Men,1,1080.0,3.3,1044.36,Credit Card,Delivered
ORD102076,2025-12-31,CUST01052,Dhruv Yadav,Delhi,Delhi,Ajmal,Ajmal Evoke,Unisex,2,1250.0,18.4,2040.0,Cash on Delivery,Delivered
ORD102077,2025-12-31,CUST00366,Sunil Kulkarni,Lucknow,Uttar Pradesh,Wild Stone,Wild Stone Code Platinum,Men,3,1430.0,27.9,3093.09,UPI,Delivered
ORD102078,2025-12-31,CUST00047,Myra Kulkarni,Ahmedabad,Gujarat,Tom Ford,Black Orchid,Unisex,3,6490.0,11.6,17211.48,Debit Card,Delivered
ORD102079,2025-12-31,CUST00522,Meera Banerjee,Kochi,Kerala,Wild Stone,Wild Stone Hunter,Men,1,1470.0,17.2,1217.16,UPI,Delivered
ORD102080,2025-12-31,CUST00611,Priya Singh,Bengaluru,Karnataka,Calvin Klein,CK One,Unisex,2,5900.0,20.8,9345.6,Credit Card,Delivered
ORD102081,2025-12-31,CUST00787,Priya Naidu,Bengaluru,Karnataka,Dior,Miss Dior,Women,2,9790.0,18.2,16016.44,UPI,Delivered
ORD102082,2025-12-31,CUST01133,Nikhil Desai,Coimbatore,Tamil Nadu,Fogg,Fogg Scent Xpressio,Men,1,1120.0,21.0,884.8,Cash on Delivery,Delivered
ORD102083,2025-12-31,CUST01036,Sanjay Menon,Hyderabad,Telangana,Dior,Sauvage Elixir,Men,1,11130.0,19.8,8926.26,Debit Card,Delivered
ORD102084,2025-12-31,CUST01160,Kavya Mishra,Delhi,Delhi,Gucci,Gucci Bloom,Women,1,8880.0,23.5,6793.2,UPI,Delivered
ORD102085,2025-12-31,CUST00669,Saanvi Malhotra,Delhi,Delhi,Chanel,Chanel No. 5,Women,1,9050.0,15.5,7647.25,Net Banking,Delivered
ORD102086,2025-12-31,CUST00787,Priya Naidu,Bengaluru,Karnataka,Zara,Zara Woman Rose,Women,1,1750.0,9.4,1585.5,UPI,Delivered
ORD102087,2025-12-31,CUST00309,Yash Joshi,Delhi,Delhi,Zara,Zara Man Gold,Men,1,970.0,8.3,889.49,Credit Card,Delivered
ORD102088,2025-12-31,CUST00100,Rohan Desai,Kolkata,West Bengal,Wild Stone,Wild Stone Hunter,Men,1,1230.0,28.9,874.53,UPI,Returned
ORD102089,2025-12-31,CUST00039,Rahul Rao,Bengaluru,Karnataka,Fogg,Fogg Scent Xpressio,Men,1,1150.0,29.0,816.5,UPI,Delivered
ORD102090,2025-12-31,CUST00954,Aditya Das,Jaipur,Rajasthan,Chanel,Bleu de Chanel,Men,4,6450.0,7.3,23916.6,Credit Card,Delivered
ORD102091,2026-01-01,CUST00522,Meera Banerjee,Kochi,Kerala,Versace,Dylan Blue,Men,3,8480.0,24.1,19308.96,Cash on Delivery,Delivered
ORD102092,2026-01-01,CUST00628,Ishaan Mishra,Surat,Gujarat,Calvin Klein,CK One,Unisex,1,5980.0,20.0,4784.0,UPI,Delivered
ORD102093,2026-01-01,CUST00532,Vihaan Yadav,Visakhapatnam,Andhra Pradesh,Ajmal,Ajmal Evoke,Unisex,4,880.0,22.7,2720.96,Credit Card,Delivered
ORD102094,2026-01-01,CUST00799,Aryan Mukherjee,Delhi,Delhi,Chanel,Bleu de Chanel,Men,1,6300.0,3.6,6073.2,Credit Card,Returned
ORD102095,2026-01-01,CUST00429,Aarav Rathi,Indore,Madhya Pradesh,Calvin Klein,Euphoria,Women,4,4180.0,22.7,12924.56,Debit Card,Delivered
ORD102096,2026-01-01,CUST00156,Sai Krishnan,Delhi,Delhi,Dior,Sauvage Elixir,Men,1,4750.0,12.6,4151.5,Credit Card,Delivered
ORD102097,2026-01-01,CUST00186,Varun Bansal,Chennai,Tamil Nadu,Versace,Eros,Men,2,8720.0,15.5,14736.8,Credit Card,Delivered
ORD102098,2026-01-01,CUST00488,Kiran Pillai,Kolkata,West Bengal,Chanel,Coco Mademoiselle,Women,1,7340.0,25.6,5460.96,Cash on Delivery,Delivered
ORD102099,2026-01-01,CUST01145,Meera Desai,Visakhapatnam,Andhra Pradesh,Ajmal,Ajmal Amber Wood,Men,1,2990.0,30.0,2093.0,UPI,Delivered
ORD102100,2026-01-02,CUST00368,Isha Naidu,Chennai,Tamil Nadu,Calvin Klein,Euphoria,Women,2,3340.0,11.7,5898.44,UPI,Delivered
ORD102101,2026-01-02,CUST00458,Sunita Shah,Lucknow,Uttar Pradesh,Wild Stone,Wild Stone Hunter,Men,3,1170.0,19.3,2832.57,UPI,Delivered
ORD102102,2026-01-02,CUST00205,Rajesh Yadav,Bengaluru,Karnataka,Versace,Dylan Blue,Men,1,5900.0,26.4,4342.4,UPI,Delivered
ORD102103,2026-01-02,CUST00612,Vihaan Naidu,Delhi,Delhi,Burberry,Hero,Men,2,5740.0,13.9,9884.28,Credit Card,Delivered
ORD102104,2026-01-02,CUST00188,Ishaan Nair,Chennai,Tamil Nadu,Fogg,Fogg Femme,Women,4,1100.0,14.8,3748.8,UPI,Delivered
ORD102105,2026-01-02,CUST00764,Sunil Rao,Chennai,Tamil Nadu,Ajmal,Ajmal Evoke,Unisex,1,2630.0,27.8,1898.86,Debit Card,Returned
ORD102106,2026-01-02,CUST00084,Tanvi Yadav,Kolkata,West Bengal,Versace,Bright Crystal,Women,1,6030.0,25.7,4480.29,Net Banking,Delivered
ORD102107,2026-01-02,CUST00105,Sanjay Banerjee,Chennai,Tamil Nadu,Burberry,Hero,Men,1,3950.0,17.4,3262.7,UPI,Delivered
ORD102108,2026-01-02,CUST00913,Yash Rao,Kochi,Kerala,Armani,Acqua di Gio,Men,2,8810.0,10.5,15769.9,Net Banking,Delivered
ORD102109,2026-01-02,CUST01127,Rahul Menon,Kolkata,West Bengal,Zara,Zara Woman Rose,Women,4,2750.0,30.0,7700.0,Credit Card,Returned
ORD102110,2026-01-02,CUST00437,Tanvi Shah,Patna,Bihar,Calvin Klein,CK One,Unisex,1,4000.0,20.8,3168.0,Debit Card,Delivered
ORD102111,2026-01-02,CUST00201,Yash Das,Hyderabad,Telangana,Zara,Zara Man Gold,Men,1,2360.0,26.7,1729.88,UPI,Returned
ORD102112,2026-01-02,CUST00332,Sai Iyer,Pune,Maharashtra,Armani,Acqua di Gio,Men,3,4410.0,12.1,11629.17,UPI,Delivered
ORD102113,2026-01-02,CUST00109,Vihaan Banerjee,Hyderabad,Telangana,Wild Stone,Wild Stone Hunter,Men,2,1510.0,11.5,2672.7,Credit Card,Delivered
ORD102114,2026-01-02,CUST00990,Ananya Shah,Visakhapatnam,Andhra Pradesh,Wild Stone,Wild Stone Code Platinum,Men,3,990.0,13.5,2569.05,UPI,Delivered
ORD102115,2026-01-02,CUST00819,Neha Kulkarni,Kolkata,West Bengal,Zara,Zara Unisex Oud,Unisex,2,1360.0,30.0,1904.0,UPI,Delivered
ORD102116,2026-01-03,CUST00095,Swati Gupta,Kolkata,West Bengal,Versace,Dylan Blue,Men,1,5750.0,16.0,4830.0,UPI,Delivered
ORD102117,2026-01-03,CUST00932,Vivaan Kulkarni,Bengaluru,Karnataka,Versace,Bright Crystal,Women,2,6320.0,13.8,10895.68,Credit Card,Returned
ORD102118,2026-01-03,CUST00055,Rahul Singh,Lucknow,Uttar Pradesh,Zara,Zara Woman Rose,Women,3,2630.0,23.6,6027.96,UPI,Delivered
ORD102119,2026-01-03,CUST00855,Deepak Nair,Jaipur,Rajasthan,Wild Stone,Wild Stone Code Platinum,Men,1,1360.0,8.7,1241.68,UPI,Delivered
ORD102120,2026-01-03,CUST00396,Sai Yadav,Chennai,Tamil Nadu,Versace,Dylan Blue,Men,1,4270.0,9.5,3864.35,Cash on Delivery,Delivered
ORD102121,2026-01-03,CUST00288,Sneha Nair,Hyderabad,Telangana,Tom Ford,Tobacco Vanille,Unisex,4,10640.0,24.0,32345.6,Net Banking,Delivered
ORD102122,2026-01-03,CUST01061,Pari Menon,Nagpur,Maharashtra,Calvin Klein,Obsession,Men,1,5790.0,17.2,4794.12,Net Banking,Delivered
ORD102123,2026-01-03,CUST01112,Rajesh Shah,Bengaluru,Karnataka,Wild Stone,Wild Stone Code Platinum,Men,1,860.0,17.6,708.64,UPI,Delivered
ORD102124,2026-01-03,CUST00204,Arjun Naidu,Chennai,Tamil Nadu,Fogg,Fogg Femme,Women,1,1390.0,14.3,1191.23,UPI,Delivered
ORD102125,2026-01-03,CUST01109,Nikhil Pillai,Jaipur,Rajasthan,Dior,J'adore,Women,1,10260.0,4.9,9757.26,UPI,Delivered
ORD102126,2026-01-03,CUST00368,Isha Naidu,Chennai,Tamil Nadu,Fogg,Fogg Femme,Women,1,1620.0,13.9,1394.82,Credit Card,Delivered
ORD102127,2026-01-03,CUST00387,Lakshmi Krishnan,Chennai,Tamil Nadu,Zara,Zara Unisex Oud,Unisex,1,2640.0,26.3,1945.68,Credit Card,Delivered
ORD102128,2026-01-03,CUST01184,Krishna Yadav,Delhi,Delhi,Gucci,Gucci Bloom,Women,1,5320.0,10.3,4772.04,UPI,Delivered
ORD102129,2026-01-03,CUST00944,Anjali Kumar,Delhi,Delhi,Zara,Zara Woman Rose,Women,2,1550.0,7.7,2861.3,Credit Card,Delivered
ORD102130,2026-01-03,CUST00729,Vikram Das,Chennai,Tamil Nadu,Burberry,Her,Women,2,5280.0,12.3,9261.12,Credit Card,Delivered
ORD102131,2026-01-03,CUST00492,Lakshmi Yadav,Bengaluru,Karnataka,Ajmal,Ajmal Evoke,Unisex,4,880.0,8.0,3238.4,Cash on Delivery,Delivered
ORD102132,2026-01-03,CUST00883,Swati Malhotra,Mumbai,Maharashtra,Fogg,Fogg Femme,Women,2,960.0,30.0,1344.0,UPI,Delivered
ORD102133,2026-01-03,CUST00830,Krishna Desai,Pune,Maharashtra,Fogg,Fogg Femme,Women,4,1260.0,21.8,3941.28,Credit Card,Delivered
ORD102134,2026-01-03,CUST01231,Pari Nair,Patna,Bihar,Armani,Si Passione,Women,3,4060.0,18.9,9877.98,Credit Card,Delivered
ORD102135,2026-01-03,CUST01215,Sanjay Malhotra,Kochi,Kerala,Zara,Zara Unisex Oud,Unisex,4,920.0,4.1,3529.12,Credit Card,Delivered
ORD102136,2026-01-03,CUST00927,Sneha Gupta,Bhopal,Madhya Pradesh,Wild Stone,Wild Stone Code Platinum,Men,1,1110.0,4.7,1057.83,Credit Card,Delivered
ORD102137,2026-01-03,CUST01225,Tanvi Krishnan,Kolkata,West Bengal,Versace,Dylan Blue,Men,2,9260.0,5.7,17464.36,Credit Card,Delivered
ORD102138,2026-01-03,CUST00062,Vivaan Reddy,Coimbatore,Tamil Nadu,Armani,Code,Men,1,5170.0,25.4,3856.82,UPI,Delivered
ORD102139,2026-01-04,CUST01240,Ayaan Sharma,Bengaluru,Karnataka,Fogg,Fogg Scent Xpressio,Men,5,1400.0,30.0,4900.0,Credit Card,Delivered
ORD102140,2026-01-04,CUST00151,Aditya Rathi,Hyderabad,Telangana,Zara,Zara Man Gold,Men,3,1610.0,20.0,3864.0,Debit Card,Delivered
ORD102141,2026-01-04,CUST00368,Isha Naidu,Chennai,Tamil Nadu,Fogg,Fogg Femme,Women,2,1340.0,10.5,2398.6,Cash on Delivery,Delivered
ORD102142,2026-01-04,CUST00932,Vivaan Kulkarni,Bengaluru,Karnataka,Zara,Zara Unisex Oud,Unisex,1,2760.0,29.5,1945.8,Credit Card,Delivered
ORD102143,2026-01-04,CUST00150,Swati Das,Nashik,Maharashtra,Wild Stone,Wild Stone Code Platinum,Men,1,1340.0,28.8,954.08,UPI,Delivered
ORD102144,2026-01-04,CUST01155,Saanvi Nair,Kolkata,West Bengal,Gucci,Gucci Flora,Women,2,10540.0,22.3,16379.16,Debit Card,Delivered
ORD102145,2026-01-04,CUST00790,Anjali Joshi,Nashik,Maharashtra,Fogg,Fogg Scent Xpressio,Men,3,1610.0,29.3,3414.81,UPI,Cancelled
ORD102146,2026-01-04,CUST00547,Amit Sharma,Delhi,Delhi,Dior,J'adore,Women,1,4860.0,6.5,4544.1,UPI,Delivered
ORD102147,2026-01-04,CUST00066,Sneha Pillai,Mumbai,Maharashtra,Ajmal,Ajmal Amber Wood,Men,1,1980.0,10.3,1776.06,UPI,Delivered
ORD102148,2026-01-04,CUST00397,Kiran Mukherjee,Chennai,Tamil Nadu,Zara,Zara Unisex Oud,Unisex,5,2200.0,29.8,7722.0,Cash on Delivery,Delivered
ORD102149,2026-01-04,CUST00396,Sai Yadav,Chennai,Tamil Nadu,Chanel,Chanel No. 5,Women,3,7070.0,8.4,19428.36,Credit Card,Delivered
ORD102150,2026-01-04,CUST00359,Priya Joshi,Chennai,Tamil Nadu,Wild Stone,Wild Stone Hunter,Men,3,940.0,29.2,1996.56,Credit Card,Delivered
ORD102151,2026-01-04,CUST00806,Vikram Choudhary,Hyderabad,Telangana,Wild Stone,Wild Stone Hunter,Men,1,1060.0,23.7,808.78,Debit Card,Delivered
ORD102152,2026-01-05,CUST01102,Lakshmi Menon,Hyderabad,Telangana,Wild Stone,Wild Stone Hunter,Men,2,1090.0,13.9,1876.98,Credit Card,Delivered
ORD102153,2026-01-05,CUST00806,Vikram Choudhary,Hyderabad,Telangana,Dior,Miss Dior,Women,2,6360.0,2.9,12351.12,Net Banking,Delivered
ORD102154,2026-01-05,CUST00582,Kiran Reddy,Bengaluru,Karnataka,Fogg,Fogg Scent Xpressio,Men,1,1530.0,10.6,1367.82,UPI,Delivered
ORD102155,2026-01-05,CUST00456,Amit Pillai,Delhi,Delhi,Wild Stone,Wild Stone Hunter,Men,3,1020.0,30.0,2142.0,Cash on Delivery,Delivered
ORD102156,2026-01-05,CUST00416,Yash Banerjee,Mumbai,Maharashtra,Tom Ford,Black Orchid,Unisex,3,7460.0,22.0,17456.4,UPI,Delivered
ORD102157,2026-01-05,CUST00628,Ishaan Mishra,Surat,Gujarat,Zara,Zara Woman Rose,Women,4,2290.0,16.5,7648.6,Cash on Delivery,Delivered
ORD102158,2026-01-05,CUST00930,Tanvi Verma,Pune,Maharashtra,Wild Stone,Wild Stone Code Platinum,Men,4,860.0,5.9,3237.04,UPI,Delivered
ORD102159,2026-01-05,CUST00547,Amit Sharma,Delhi,Delhi,Ajmal,Ajmal Amber Wood,Men,4,3140.0,9.2,11404.48,Credit Card,Delivered
ORD102160,2026-01-05,CUST01116,Isha Singh,Coimbatore,Tamil Nadu,Wild Stone,Wild Stone Hunter,Men,2,1110.0,11.0,1975.8,Net Banking,Delivered
ORD102161,2026-01-05,CUST00469,Priya Sharma,Ahmedabad,Gujarat,Wild Stone,Wild Stone Code Platinum,Men,5,1540.0,23.2,5913.6,Credit Card,Delivered
ORD102162,2026-01-06,CUST00736,Ira Mehta,Ahmedabad,Gujarat,Zara,Zara Man Gold,Men,1,940.0,2.0,921.2,UPI,Delivered
ORD102163,2026-01-06,CUST00676,Dhruv Pillai,Bengaluru,Karnataka,Ajmal,Ajmal Wisal,Women,2,2370.0,11.6,4190.16,Credit Card,Delivered
ORD102164,2026-01-06,CUST00591,Rahul Nair,Delhi,Delhi,Wild Stone,Wild Stone Hunter,Men,1,1470.0,19.5,1183.35,UPI,Delivered
ORD102165,2026-01-06,CUST01077,Meera Kumar,Kolkata,West Bengal,Wild Stone,Wild Stone Hunter,Men,5,890.0,8.5,4071.75,Credit Card,Delivered
ORD102166,2026-01-06,CUST00713,Ananya Iyer,Kolkata,West Bengal,Gucci,Gucci Flora,Women,3,5830.0,20.0,13992.0,Credit Card,Delivered
ORD102167,2026-01-06,CUST00187,Ira Chatterjee,Hyderabad,Telangana,Ajmal,Ajmal Amber Wood,Men,1,2030.0,27.3,1475.81,Debit Card,Delivered
ORD102168,2026-01-07,CUST00701,Sunita Rao,Mumbai,Maharashtra,Dior,Miss Dior,Women,4,6330.0,13.8,21825.84,Cash on Delivery,Delivered
ORD102169,2026-01-07,CUST00890,Suresh Kumar,Pune,Maharashtra,Dior,Miss Dior,Women,2,7310.0,16.8,12163.84,Net Banking,Delivered
ORD102170,2026-01-07,CUST00325,Yash Mukherjee,Pune,Maharashtra,Wild Stone,Wild Stone Hunter,Men,5,1410.0,2.3,6887.85,Cash on Delivery,Delivered
ORD102171,2026-01-08,CUST00869,Vihaan Bansal,Bhopal,Madhya Pradesh,Armani,Code,Men,5,7610.0,2.2,37212.9,Credit Card,Delivered
ORD102172,2026-01-08,CUST00439,Manoj Kulkarni,Bengaluru,Karnataka,Ajmal,Ajmal Amber Wood,Men,1,1460.0,21.5,1146.1,Cash on Delivery,Delivered
ORD102173,2026-01-08,CUST01084,Sai Yadav,Pune,Maharashtra,Calvin Klein,CK One,Unisex,1,5220.0,11.4,4624.92,UPI,Cancelled
ORD102174,2026-01-09,CUST00196,Lakshmi Rathi,Jaipur,Rajasthan,Wild Stone,Wild Stone Code Platinum,Men,1,1020.0,24.7,768.06,UPI,Delivered
ORD102175,2026-01-09,CUST00894,Kavya Agarwal,Bengaluru,Karnataka,Burberry,Hero,Men,2,3900.0,12.2,6848.4,UPI,Returned
ORD102176,2026-01-09,CUST00571,Isha Chatterjee,Bengaluru,Karnataka,Ajmal,Ajmal Evoke,Unisex,2,1110.0,18.1,1818.18,UPI,Delivered
ORD102177,2026-01-09,CUST00679,Varun Reddy,Mumbai,Maharashtra,Zara,Zara Man Gold,Men,1,2040.0,20.2,1627.92,Debit Card,Delivered
ORD102178,2026-01-10,CUST00457,Preeti Pillai,Hyderabad,Telangana,Calvin Klein,Obsession,Men,1,3500.0,5.2,3318.0,UPI,Cancelled
ORD102179,2026-01-10,CUST00917,Sunita Bansal,Indore,Madhya Pradesh,Chanel,Chanel No. 5,Women,1,7270.0,15.8,6121.34,Credit Card,Delivered
ORD102180,2026-01-10,CUST01156,Rahul Bansal,Nagpur,Maharashtra,Ajmal,Ajmal Wisal,Women,1,1490.0,23.5,1139.85,Cash on Delivery,Delivered
ORD102181,2026-01-11,CUST00858,Ashok Patel,Hyderabad,Telangana,Armani,Code,Men,1,8050.0,16.2,6745.9,Cash on Delivery,Delivered
ORD102182,2026-01-11,CUST00985,Amit Kulkarni,Jaipur,Rajasthan,Versace,Eros,Men,1,7310.0,11.7,6454.73,UPI,Delivered
ORD102183,2026-01-11,CUST00415,Vikram Malhotra,Hyderabad,Telangana,Fogg,Fogg Scent Xpressio,Men,3,1190.0,13.9,3073.77,UPI,Delivered
ORD102184,2026-01-12,CUST01242,Pooja Bansal,Mumbai,Maharashtra,Ajmal,Ajmal Wisal,Women,1,1620.0,0.5,1611.9,UPI,Delivered
ORD102185,2026-01-12,CUST01026,Aarav Sharma,Pune,Maharashtra,Fogg,Fogg Femme,Women,1,1240.0,9.8,1118.48,UPI,Returned
ORD102186,2026-01-12,CUST00627,Suresh Chatterjee,Jaipur,Rajasthan,Ajmal,Ajmal Amber Wood,Men,1,2580.0,18.9,2092.38,UPI,Delivered
ORD102187,2026-01-12,CUST00798,Swati Yadav,Surat,Gujarat,Ajmal,Ajmal Wisal,Women,1,2470.0,4.5,2358.85,UPI,Delivered
ORD102188,2026-01-12,CUST00795,Nikhil Kulkarni,Kochi,Kerala,Wild Stone,Wild Stone Code Platinum,Men,1,1000.0,7.3,927.0,UPI,Delivered
ORD102189,2026-01-12,CUST00542,Tanvi Menon,Indore,Madhya Pradesh,Ajmal,Ajmal Evoke,Unisex,1,2850.0,17.8,2342.7,Cash on Delivery,Returned
ORD102190,2026-01-12,CUST01209,Sai Mukherjee,Ahmedabad,Gujarat,Fogg,Fogg Scent Xpressio,Men,4,1360.0,7.0,5059.2,UPI,Delivered
ORD102191,2026-01-12,CUST00886,Anjali Malhotra,Hyderabad,Telangana,Wild Stone,Wild Stone Code Platinum,Men,1,970.0,19.1,784.73,Debit Card,Returned
ORD102192,2026-01-13,CUST00809,Diya Mukherjee,Chennai,Tamil Nadu,Wild Stone,Wild Stone Hunter,Men,1,1030.0,10.5,921.85,Credit Card,Delivered
ORD102193,2026-01-13,CUST00005,Pari Verma,Mumbai,Maharashtra,Ajmal,Ajmal Evoke,Unisex,3,2420.0,22.4,5633.76,UPI,Delivered
ORD102194,2026-01-13,CUST00481,Ayaan Pillai,Kolkata,West Bengal,Dior,Sauvage Elixir,Men,2,9190.0,2.7,17883.74,UPI,Delivered
ORD102195,2026-01-13,CUST00026,Manoj Patel,Surat,Gujarat,Wild Stone,Wild Stone Hunter,Men,2,1080.0,29.5,1522.8,UPI,Delivered
ORD102196,2026-01-14,CUST00466,Vikram Banerjee,Jaipur,Rajasthan,Fogg,Fogg Femme,Women,1,1800.0,7.8,1659.6,Net Banking,Delivered
ORD102197,2026-01-14,CUST00036,Shreya Chatterjee,Hyderabad,Telangana,Calvin Klein,Euphoria,Women,2,6880.0,5.6,12989.44,Credit Card,Delivered
ORD102198,2026-01-14,CUST00740,Sunil Patel,Surat,Gujarat,Fogg,Fogg Scent Xpressio,Men,1,1290.0,12.6,1127.46,UPI,Delivered
ORD102199,2026-01-14,CUST00204,Arjun Naidu,Chennai,Tamil Nadu,Zara,Zara Man Gold,Men,2,2650.0,28.5,3789.5,UPI,Delivered
ORD102200,2026-01-14,CUST00664,Preeti Menon,Indore,Madhya Pradesh,Zara,Zara Woman Rose,Women,3,2050.0,6.2,5768.7,UPI,Delivered
ORD102201,2026-01-15,CUST00461,Yash Krishnan,Jaipur,Rajasthan,Dior,Sauvage Elixir,Men,1,5230.0,6.8,4874.36,Credit Card,Delivered
ORD102202,2026-01-15,CUST00535,Anil Desai,Kochi,Kerala,Zara,Zara Man Gold,Men,2,2790.0,29.2,3950.64,UPI,Cancelled
ORD102203,2026-01-15,CUST00732,Tanvi Verma,Ahmedabad,Gujarat,Fogg,Fogg Scent Xpressio,Men,1,980.0,13.6,846.72,Cash on Delivery,Returned
ORD102204,2026-01-15,CUST00350,Saanvi Mishra,Bengaluru,Karnataka,Versace,Bright Crystal,Women,2,8170.0,19.8,13104.68,UPI,Delivered
ORD102205,2026-01-16,CUST00886,Anjali Malhotra,Hyderabad,Telangana,Fogg,Fogg Scent Xpressio,Men,2,1200.0,12.1,2109.6,Cash on Delivery,Delivered
ORD102206,2026-01-16,CUST00911,Krishna Agarwal,Coimbatore,Tamil Nadu,Armani,Code,Men,2,7630.0,5.7,14390.18,UPI,Delivered
ORD102207,2026-01-16,CUST00657,Ishaan Krishnan,Bengaluru,Karnataka,Ajmal,Ajmal Amber Wood,Men,1,2240.0,18.0,1836.8,Credit Card,Delivered
ORD102208,2026-01-16,CUST00414,Sanya Gupta,Bengaluru,Karnataka,Ajmal,Ajmal Evoke,Unisex,3,1670.0,7.8,4619.22,UPI,Delivered
ORD102209,2026-01-16,CUST00875,Swati Rathi,Kochi,Kerala,Ajmal,Ajmal Evoke,Unisex,2,2920.0,11.8,5150.88,UPI,Delivered
ORD102210,2026-01-16,CUST00204,Arjun Naidu,Lucknow,Uttar Pradesh,Ajmal,Ajmal Amber Wood,Men,1,1560.0,28.1,1121.64,Net Banking,Delivered
ORD102211,2026-01-16,CUST01130,Ira Naidu,Chandigarh,Punjab,Calvin Klein,Obsession,Men,3,4260.0,3.5,12332.7,UPI,Delivered
ORD102212,2026-01-17,CUST00096,Anjali Krishnan,Pune,Maharashtra,Wild Stone,Wild Stone Hunter,Men,2,1200.0,22.6,1857.6,UPI,Delivered
ORD102213,2026-01-17,CUST00060,Sunil Malhotra,Pune,Maharashtra,Fogg,Fogg Femme,Women,1,1630.0,20.9,1289.33,UPI,Delivered
ORD102214,2026-01-17,CUST00596,Vikram Malhotra,Kochi,Kerala,Versace,Eros,Men,2,9040.0,5.2,17139.84,UPI,Delivered
ORD102215,2026-01-18,CUST00405,Preeti Naidu,Mumbai,Maharashtra,Calvin Klein,CK One,Unisex,3,3800.0,3.9,10955.4,UPI,Delivered
ORD102216,2026-01-18,CUST00541,Diya Reddy,Lucknow,Uttar Pradesh,Zara,Zara Unisex Oud,Unisex,1,1530.0,23.7,1167.39,UPI,Delivered
ORD102217,2026-01-18,CUST00492,Lakshmi Yadav,Bengaluru,Karnataka,Ajmal,Ajmal Amber Wood,Men,5,1210.0,15.3,5124.35,Cash on Delivery,Delivered
ORD102218,2026-01-18,CUST00049,Meera Krishnan,Chennai,Tamil Nadu,Versace,Eros,Men,1,7420.0,7.0,6900.6,UPI,Delivered
ORD102219,2026-01-18,CUST00457,Preeti Pillai,Chennai,Tamil Nadu,Gucci,Gucci Bloom,Women,1,8450.0,19.5,6802.25,UPI,Delivered
ORD102220,2026-01-18,CUST00772,Varun Mishra,Pune,Maharashtra,Calvin Klein,Obsession,Men,1,3120.0,8.1,2867.28,Credit Card,Delivered
ORD102221,2026-01-18,CUST00309,Yash Joshi,Delhi,Delhi,Gucci,Gucci Bloom,Women,3,10990.0,9.7,29771.91,Debit Card,Delivered
ORD102222,2026-01-19,CUST01098,Divya Chatterjee,Bengaluru,Karnataka,Zara,Zara Unisex Oud,Unisex,2,2290.0,27.7,3311.34,Debit Card,Delivered
ORD102223,2026-01-19,CUST00228,Kabir Chatterjee,Hyderabad,Telangana,Fogg,Fogg Scent Xpressio,Men,3,1050.0,16.4,2633.4,Credit Card,Delivered
ORD102224,2026-01-19,CUST00550,Anjali Rao,Pune,Maharashtra,Ajmal,Ajmal Amber Wood,Men,1,1930.0,28.8,1374.16,Debit Card,Delivered
ORD102225,2026-01-20,CUST00431,Rohan Gupta,Kolkata,West Bengal,Versace,Eros,Men,1,5720.0,14.6,4884.88,Debit Card,Delivered
ORD102226,2026-01-20,CUST00772,Varun Mishra,Pune,Maharashtra,Fogg,Fogg Scent Xpressio,Men,1,1680.0,13.5,1453.2,Debit Card,Delivered
ORD102227,2026-01-20,CUST00819,Neha Kulkarni,Kolkata,West Bengal,Zara,Zara Woman Rose,Women,5,1950.0,1.6,9594.0,Credit Card,Delivered
ORD102228,2026-01-20,CUST00207,Sai Rao,Jaipur,Rajasthan,Calvin Klein,Euphoria,Women,1,6330.0,21.2,4988.04,Cash on Delivery,Delivered
ORD102229,2026-01-20,CUST00799,Aryan Mukherjee,Delhi,Delhi,Zara,Zara Unisex Oud,Unisex,3,1600.0,18.8,3897.6,UPI,Delivered
ORD102230,2026-01-21,CUST00931,Vikram Das,Hyderabad,Telangana,Zara,Zara Woman Rose,Women,4,1230.0,27.3,3576.84,Credit Card,Delivered
ORD102231,2026-01-21,CUST01245,Ishaan Choudhary,Coimbatore,Tamil Nadu,Armani,Acqua di Gio,Men,1,5270.0,4.0,5059.2,Cash on Delivery,Delivered
ORD102232,2026-01-21,CUST00145,Krishna Gupta,Visakhapatnam,Andhra Pradesh,Wild Stone,Wild Stone Hunter,Men,3,1520.0,25.5,3397.2,UPI,Delivered
ORD102233,2026-01-21,CUST00881,Aditya Malhotra,Coimbatore,Tamil Nadu,Zara,Zara Unisex Oud,Unisex,2,1780.0,24.5,2687.8,UPI,Delivered
ORD102234,2026-01-21,CUST00211,Sanjay Singh,Kolkata,West Bengal,Burberry,Her,Women,1,6940.0,8.0,6384.8,UPI,Delivered
ORD102235,2026-01-22,CUST00825,Sanya Banerjee,Chandigarh,Punjab,Zara,Zara Man Gold,Men,2,2750.0,1.6,5412.0,UPI,Delivered
ORD102236,2026-01-22,CUST00799,Aryan Mukherjee,Delhi,Delhi,Fogg,Fogg Scent Xpressio,Men,1,910.0,21.7,712.53,Debit Card,Cancelled
ORD102237,2026-01-22,CUST00309,Yash Joshi,Delhi,Delhi,Zara,Zara Unisex Oud,Unisex,2,1530.0,30.0,2142.0,UPI,Delivered
ORD102238,2026-01-22,CUST00463,Sunita Kumar,Delhi,Delhi,Zara,Zara Woman Rose,Women,1,1780.0,1.4,1755.08,Credit Card,Delivered
ORD102239,2026-01-22,CUST00248,Vihaan Patel,Mumbai,Maharashtra,Armani,Si Passione,Women,1,3680.0,20.9,2910.88,Credit Card,Delivered
ORD102240,2026-01-22,CUST00541,Diya Reddy,Lucknow,Uttar Pradesh,Wild Stone,Wild Stone Code Platinum,Men,2,1490.0,17.2,2467.44,Credit Card,Delivered
ORD102241,2026-01-22,CUST00722,Riya Verma,Nagpur,Maharashtra,Burberry,Hero,Men,1,4170.0,13.3,3615.39,Credit Card,Delivered
ORD102242,2026-01-22,CUST00522,Meera Banerjee,Kochi,Kerala,Zara,Zara Woman Rose,Women,3,1390.0,2.3,4074.09,UPI,Delivered
ORD102243,2026-01-22,CUST00815,Krishna Rao,Nashik,Maharashtra,Burberry,Hero,Men,3,4430.0,10.9,11841.39,Credit Card,Cancelled
ORD102244,2026-01-23,CUST01181,Isha Shah,Delhi,Delhi,Calvin Klein,CK One,Unisex,1,5410.0,7.2,5020.48,UPI,Delivered
ORD102245,2026-01-23,CUST00522,Meera Banerjee,Kochi,Kerala,Wild Stone,Wild Stone Hunter,Men,3,820.0,15.3,2083.62,Credit Card,Delivered
ORD102246,2026-01-23,CUST00310,Aarav Chatterjee,Pune,Maharashtra,Dior,J'adore,Women,3,9950.0,3.2,28894.8,Cash on Delivery,Delivered
ORD102247,2026-01-24,CUST00326,Riya Malhotra,Kolkata,West Bengal,Gucci,Gucci Flora,Women,2,6790.0,19.8,10891.16,Debit Card,Delivered
ORD102248,2026-01-24,CUST00738,Karan Choudhary,Pune,Maharashtra,Armani,Acqua di Gio,Men,5,7730.0,16.5,32272.75,Credit Card,Delivered
ORD102249,2026-01-25,CUST00787,Priya Naidu,Bengaluru,Karnataka,Armani,Code,Men,1,7440.0,8.7,6792.72,Cash on Delivery,Delivered
ORD102250,2026-01-25,CUST00107,Kabir Nair,Hyderabad,Telangana,Wild Stone,Wild Stone Code Platinum,Men,1,1320.0,7.3,1223.64,UPI,Delivered
ORD102251,2026-01-25,CUST00679,Varun Reddy,Mumbai,Maharashtra,Zara,Zara Woman Rose,Women,2,1140.0,9.5,2063.4,Net Banking,Delivered
ORD102252,2026-01-25,CUST00965,Divya Mukherjee,Jaipur,Rajasthan,Ajmal,Ajmal Amber Wood,Men,2,1430.0,14.4,2448.16,Debit Card,Delivered
ORD102253,2026-01-26,CUST01077,Meera Kumar,Kolkata,West Bengal,Dior,Miss Dior,Women,1,10150.0,12.7,8860.95,Debit Card,Delivered
ORD102254,2026-01-26,CUST01152,Anil Chatterjee,Indore,Madhya Pradesh,Wild Stone,Wild Stone Hunter,Men,2,940.0,14.4,1609.28,Debit Card,Delivered
ORD102255,2026-01-26,CUST00612,Vihaan Naidu,Delhi,Delhi,Wild Stone,Wild Stone Code Platinum,Men,4,1070.0,27.8,3090.16,UPI,Delivered
ORD102256,2026-01-26,CUST00416,Yash Banerjee,Chandigarh,Punjab,Zara,Zara Man Gold,Men,1,1300.0,11.2,1154.4,Debit Card,Delivered
ORD102257,2026-01-26,CUST00917,Sunita Bansal,Indore,Madhya Pradesh,Fogg,Fogg Scent Xpressio,Men,1,1440.0,1.4,1419.84,Net Banking,Delivered
ORD102258,2026-01-26,CUST00729,Vikram Das,Chennai,Tamil Nadu,Dior,Miss Dior,Women,1,11240.0,14.0,9666.4,Net Banking,Returned
ORD102259,2026-01-26,CUST00624,Preeti Mishra,Kochi,Kerala,Zara,Zara Unisex Oud,Unisex,3,1360.0,16.1,3423.12,Credit Card,Returned
ORD102260,2026-01-27,CUST00985,Amit Kulkarni,Jaipur,Rajasthan,Wild Stone,Wild Stone Code Platinum,Men,1,1040.0,15.7,876.72,Net Banking,Delivered
ORD102261,2026-01-27,CUST00988,Ashok Bansal,Pune,Maharashtra,Versace,Bright Crystal,Women,3,8220.0,13.5,21330.9,UPI,Delivered
ORD102262,2026-01-28,CUST00857,Meera Malhotra,Coimbatore,Tamil Nadu,Ajmal,Ajmal Wisal,Women,1,2160.0,27.0,1576.8,Credit Card,Delivered
ORD102263,2026-01-29,CUST00078,Yash Sharma,Mumbai,Maharashtra,Wild Stone,Wild Stone Code Platinum,Men,1,1410.0,15.9,1185.81,Net Banking,Delivered
ORD102264,2026-01-29,CUST00664,Preeti Menon,Indore,Madhya Pradesh,Tom Ford,Tobacco Vanille,Unisex,3,7730.0,12.4,20314.44,Net Banking,Returned
ORD102265,2026-01-29,CUST00815,Krishna Rao,Nashik,Maharashtra,Ajmal,Ajmal Evoke,Unisex,2,1690.0,11.5,2991.3,Debit Card,Returned
ORD102266,2026-01-30,CUST00537,Divya Shah,Hyderabad,Telangana,Armani,Si Passione,Women,1,5100.0,9.6,4610.4,UPI,Delivered
ORD102267,2026-01-30,CUST00614,Deepak Gupta,Delhi,Delhi,Ajmal,Ajmal Wisal,Women,1,2320.0,18.4,1893.12,Cash on Delivery,Cancelled
ORD102268,2026-01-30,CUST00733,Vikram Naidu,Visakhapatnam,Andhra Pradesh,Dior,Miss Dior,Women,5,7800.0,15.5,32955.0,UPI,Delivered
ORD102269,2026-01-30,CUST00196,Lakshmi Rathi,Visakhapatnam,Andhra Pradesh,Versace,Eros,Men,1,7960.0,19.8,6383.92,Credit Card,Delivered
ORD102270,2026-01-30,CUST01049,Amit Rathi,Pune,Maharashtra,Fogg,Fogg Scent Xpressio,Men,4,950.0,29.0,2698.0,Credit Card,Cancelled
ORD102271,2026-01-30,CUST00904,Amit Mehta,Hyderabad,Telangana,Chanel,Bleu de Chanel,Men,2,7690.0,15.1,13057.62,Cash on Delivery,Delivered
ORD102272,2026-01-31,CUST00737,Sai Reddy,Mumbai,Maharashtra,Dior,Sauvage Elixir,Men,1,4710.0,1.4,4644.06,Credit Card,Delivered
ORD102273,2026-01-31,CUST00296,Vivaan Gupta,Hyderabad,Telangana,Zara,Zara Woman Rose,Women,1,1480.0,3.6,1426.72,Credit Card,Delivered
ORD102274,2026-01-31,CUST00738,Karan Choudhary,Pune,Maharashtra,Dior,J'adore,Women,1,6450.0,12.1,5669.55,Credit Card,Delivered
ORD102275,2026-01-31,CUST00728,Vivaan Rao,Nagpur,Maharashtra,Fogg,Fogg Femme,Women,2,1550.0,3.9,2979.1,Credit Card,Delivered
ORD102276,2026-01-31,CUST00055,Rahul Singh,Chennai,Tamil Nadu,Fogg,Fogg Femme,Women,4,1420.0,25.5,4231.6,Net Banking,Delivered
ORD102277,2026-02-01,CUST00798,Swati Yadav,Surat,Gujarat,Ajmal,Ajmal Amber Wood,Men,3,1630.0,22.8,3775.08,UPI,Delivered
ORD102278,2026-02-01,CUST01117,Anjali Chatterjee,Chennai,Tamil Nadu,Dior,Sauvage Elixir,Men,2,6860.0,25.2,10262.56,Debit Card,Cancelled
ORD102279,2026-02-01,CUST00868,Ramesh Yadav,Bengaluru,Karnataka,Dior,J'adore,Women,3,8140.0,9.3,22148.94,Credit Card,Delivered
ORD102280,2026-02-01,CUST00397,Kiran Mukherjee,Chennai,Tamil Nadu,Calvin Klein,Obsession,Men,1,3290.0,21.3,2589.23,Net Banking,Delivered
ORD102281,2026-02-01,CUST00309,Yash Joshi,Delhi,Delhi,Ajmal,Ajmal Amber Wood,Men,2,3070.0,30.0,4298.0,UPI,Delivered
ORD102282,2026-02-01,CUST00657,Ishaan Krishnan,Bengaluru,Karnataka,Ajmal,Ajmal Wisal,Women,1,1340.0,16.7,1116.22,UPI,Delivered
ORD102283,2026-02-02,CUST00627,Suresh Chatterjee,Jaipur,Rajasthan,Fogg,Fogg Scent Xpressio,Men,3,1590.0,23.6,3644.28,Credit Card,Delivered
ORD102284,2026-02-02,CUST01222,Pari Pillai,Bengaluru,Karnataka,Zara,Zara Unisex Oud,Unisex,1,1770.0,14.4,1515.12,Credit Card,Delivered
ORD102285,2026-02-02,CUST00024,Kavya Agarwal,Nagpur,Maharashtra,Fogg,Fogg Femme,Women,2,1650.0,26.6,2422.2,UPI,Delivered
ORD102286,2026-02-02,CUST01167,Tanvi Kulkarni,Chennai,Tamil Nadu,Fogg,Fogg Femme,Women,1,1030.0,7.9,948.63,Credit Card,Delivered
ORD102287,2026-02-02,CUST00860,Nisha Kulkarni,Indore,Madhya Pradesh,Wild Stone,Wild Stone Hunter,Men,1,1120.0,4.5,1069.6,Cash on Delivery,Delivered
ORD102288,2026-02-02,CUST01197,Rohan Mishra,Delhi,Delhi,Ajmal,Ajmal Amber Wood,Men,4,960.0,11.3,3406.08,UPI,Delivered
ORD102289,2026-02-02,CUST00571,Isha Chatterjee,Bengaluru,Karnataka,Armani,Si Passione,Women,4,7580.0,25.3,22649.04,Debit Card,Delivered
ORD102290,2026-02-02,CUST00913,Yash Rao,Mumbai,Maharashtra,Ajmal,Ajmal Evoke,Unisex,1,2160.0,30.0,1512.0,UPI,Delivered
ORD102291,2026-02-02,CUST00078,Yash Sharma,Mumbai,Maharashtra,Fogg,Fogg Scent Xpressio,Men,2,1540.0,15.5,2602.6,UPI,Delivered
ORD102292,2026-02-03,CUST00217,Geeta Banerjee,Bhopal,Madhya Pradesh,Zara,Zara Man Gold,Men,1,1370.0,13.9,1179.57,Cash on Delivery,Delivered
ORD102293,2026-02-03,CUST00911,Krishna Agarwal,Coimbatore,Tamil Nadu,Dior,J'adore,Women,1,4800.0,16.2,4022.4,UPI,Delivered
ORD102294,2026-02-03,CUST01097,Divya Rao,Hyderabad,Telangana,Wild Stone,Wild Stone Code Platinum,Men,1,870.0,13.6,751.68,Cash on Delivery,Delivered
ORD102295,2026-02-03,CUST00805,Divya Rathi,Nagpur,Maharashtra,Wild Stone,Wild Stone Hunter,Men,5,850.0,21.5,3336.25,UPI,Delivered
ORD102296,2026-02-03,CUST01110,Geeta Krishnan,Chandigarh,Punjab,Wild Stone,Wild Stone Code Platinum,Men,2,850.0,26.4,1251.2,Debit Card,Delivered
ORD102297,2026-02-03,CUST01047,Tanvi Choudhary,Bengaluru,Karnataka,Ajmal,Ajmal Amber Wood,Men,2,2200.0,11.9,3876.4,Debit Card,Delivered
ORD102298,2026-02-03,CUST00416,Yash Banerjee,Mumbai,Maharashtra,Fogg,Fogg Scent Xpressio,Men,2,1580.0,30.0,2212.0,UPI,Delivered
ORD102299,2026-02-04,CUST00362,Sneha Shah,Jaipur,Rajasthan,Wild Stone,Wild Stone Code Platinum,Men,1,960.0,22.4,744.96,Net Banking,Delivered
ORD102300,2026-02-04,CUST01203,Neha Rathi,Jaipur,Rajasthan,Fogg,Fogg Femme,Women,1,1000.0,5.5,945.0,UPI,Delivered
ORD102301,2026-02-04,CUST01112,Rajesh Shah,Bengaluru,Karnataka,Wild Stone,Wild Stone Hunter,Men,1,1190.0,19.5,957.95,Credit Card,Delivered
ORD102302,2026-02-04,CUST00491,Ananya Menon,Patna,Bihar,Armani,Si Passione,Women,2,8240.0,17.2,13645.44,Debit Card,Delivered
ORD102303,2026-02-04,CUST01026,Aarav Sharma,Pune,Maharashtra,Ajmal,Ajmal Amber Wood,Men,4,2670.0,16.7,8896.44,Cash on Delivery,Delivered
ORD102304,2026-02-04,CUST00550,Anjali Rao,Pune,Maharashtra,Calvin Klein,CK One,Unisex,4,5260.0,20.4,16747.84,Cash on Delivery,Delivered
ORD102305,2026-02-04,CUST00766,Krishna Singh,Delhi,Delhi,Gucci,Gucci Bloom,Women,1,9280.0,26.9,6783.68,UPI,Delivered
ORD102306,2026-02-04,CUST00886,Anjali Malhotra,Hyderabad,Telangana,Ajmal,Ajmal Evoke,Unisex,1,1220.0,13.9,1050.42,Credit Card,Delivered
ORD102307,2026-02-04,CUST00985,Amit Kulkarni,Jaipur,Rajasthan,Armani,Si Passione,Women,3,8730.0,21.5,20559.15,Debit Card,Delivered
ORD102308,2026-02-04,CUST00648,Sanya Shah,Lucknow,Uttar Pradesh,Zara,Zara Man Gold,Men,1,1370.0,29.1,971.33,Credit Card,Delivered
ORD102309,2026-02-04,CUST00145,Krishna Gupta,Visakhapatnam,Andhra Pradesh,Gucci,Gucci Guilty,Unisex,5,6160.0,17.5,25410.0,Credit Card,Delivered
ORD102310,2026-02-05,CUST00309,Yash Joshi,Visakhapatnam,Andhra Pradesh,Ajmal,Ajmal Evoke,Unisex,1,1970.0,21.1,1554.33,Credit Card,Returned
ORD102311,2026-02-05,CUST00664,Preeti Menon,Kolkata,West Bengal,Gucci,Gucci Guilty,Unisex,2,5140.0,4.4,9827.68,UPI,Delivered
ORD102312,2026-02-05,CUST00646,Aditya Desai,Chennai,Tamil Nadu,Chanel,Chanel No. 5,Women,2,7130.0,28.1,10252.94,Debit Card,Delivered
ORD102313,2026-02-05,CUST00323,Krishna Kumar,Lucknow,Uttar Pradesh,Ajmal,Ajmal Amber Wood,Men,4,2330.0,6.2,8742.16,Net Banking,Delivered
ORD102314,2026-02-05,CUST00679,Varun Reddy,Mumbai,Maharashtra,Wild Stone,Wild Stone Hunter,Men,3,1420.0,30.0,2982.0,UPI,Delivered
ORD102315,2026-02-05,CUST00783,Suresh Shah,Kolkata,West Bengal,Armani,Si Passione,Women,2,6260.0,9.1,11380.68,UPI,Delivered
ORD102316,2026-02-05,CUST00917,Sunita Bansal,Indore,Madhya Pradesh,Wild Stone,Wild Stone Code Platinum,Men,2,880.0,23.1,1353.44,UPI,Returned
ORD102317,2026-02-05,CUST00726,Rajesh Kulkarni,Chennai,Tamil Nadu,Fogg,Fogg Scent Xpressio,Men,3,1370.0,10.6,3674.34,Credit Card,Cancelled
ORD102318,2026-02-05,CUST00111,Preeti Krishnan,Pune,Maharashtra,Ajmal,Ajmal Amber Wood,Men,5,2640.0,15.7,11127.6,Cash on Delivery,Returned
ORD102319,2026-02-05,CUST00931,Vikram Das,Hyderabad,Telangana,Tom Ford,Black Orchid,Unisex,1,9660.0,3.7,9302.58,Net Banking,Returned
ORD102320,2026-02-05,CUST00795,Nikhil Kulkarni,Nashik,Maharashtra,Armani,Code,Men,1,7090.0,23.3,5438.03,Debit Card,Returned
ORD102321,2026-02-06,CUST00913,Yash Rao,Kolkata,West Bengal,Fogg,Fogg Femme,Women,3,1070.0,26.5,2359.35,Credit Card,Returned
ORD102322,2026-02-06,CUST00819,Neha Kulkarni,Kolkata,West Bengal,Calvin Klein,Euphoria,Women,1,6350.0,10.2,5702.3,Credit Card,Delivered
ORD102323,2026-02-06,CUST00318,Priya Reddy,Indore,Madhya Pradesh,Zara,Zara Woman Rose,Women,1,1530.0,28.1,1100.07,Credit Card,Delivered
ORD102324,2026-02-06,CUST00199,Sanya Mehta,Mumbai,Maharashtra,Armani,Si Passione,Women,1,5970.0,22.4,4632.72,Net Banking,Delivered
ORD102325,2026-02-06,CUST00783,Suresh Shah,Kolkata,West Bengal,Tom Ford,Tobacco Vanille,Unisex,5,8500.0,27.5,30812.5,Credit Card,Delivered
ORD102326,2026-02-06,CUST00992,Ramesh Reddy,Lucknow,Uttar Pradesh,Ajmal,Ajmal Evoke,Unisex,2,3120.0,30.0,4368.0,Credit Card,Delivered
ORD102327,2026-02-06,CUST01077,Meera Kumar,Kolkata,West Bengal,Ajmal,Ajmal Amber Wood,Men,3,3140.0,13.6,8138.88,UPI,Delivered
ORD102328,2026-02-06,CUST00627,Suresh Chatterjee,Jaipur,Rajasthan,Zara,Zara Man Gold,Men,5,2240.0,21.6,8780.8,Net Banking,Delivered
ORD102329,2026-02-06,CUST01052,Dhruv Yadav,Delhi,Delhi,Ajmal,Ajmal Wisal,Women,2,1510.0,13.0,2627.4,Credit Card,Delivered
ORD102330,2026-02-06,CUST00744,Karan Rathi,Surat,Gujarat,Wild Stone,Wild Stone Code Platinum,Men,4,1430.0,30.0,4004.0,Debit Card,Cancelled
ORD102331,2026-02-06,CUST01052,Dhruv Yadav,Delhi,Delhi,Burberry,Her,Women,1,4840.0,8.5,4428.6,UPI,Delivered
ORD102332,2026-02-06,CUST00009,Yash Naidu,Ahmedabad,Gujarat,Ajmal,Ajmal Evoke,Unisex,1,2860.0,12.0,2516.8,Debit Card,Delivered
ORD102333,2026-02-07,CUST01227,Vihaan Verma,Delhi,Delhi,Ajmal,Ajmal Amber Wood,Men,2,1580.0,14.1,2714.44,UPI,Delivered
ORD102334,2026-02-07,CUST00533,Meera Mehta,Jaipur,Rajasthan,Wild Stone,Wild Stone Hunter,Men,1,1180.0,13.7,1018.34,UPI,Delivered
ORD102335,2026-02-07,CUST00467,Aditi Kulkarni,Indore,Madhya Pradesh,Zara,Zara Man Gold,Men,1,2150.0,18.2,1758.7,UPI,Delivered
ORD102336,2026-02-07,CUST00128,Diya Shah,Kolkata,West Bengal,Fogg,Fogg Scent Xpressio,Men,2,1080.0,27.3,1570.32,UPI,Delivered
ORD102337,2026-02-07,CUST00128,Diya Shah,Delhi,Delhi,Zara,Zara Woman Rose,Women,2,1090.0,19.8,1748.36,Debit Card,Delivered
ORD102338,2026-02-07,CUST00932,Vivaan Kulkarni,Bengaluru,Karnataka,Gucci,Gucci Flora,Women,2,6590.0,9.3,11954.26,Debit Card,Delivered
ORD102339,2026-02-07,CUST00181,Ashok Banerjee,Lucknow,Uttar Pradesh,Fogg,Fogg Femme,Women,2,930.0,17.1,1541.94,UPI,Delivered
ORD102340,2026-02-07,CUST01156,Rahul Bansal,Nagpur,Maharashtra,Ajmal,Ajmal Wisal,Women,5,2660.0,8.6,12156.2,Credit Card,Delivered
ORD102341,2026-02-07,CUST00664,Preeti Menon,Indore,Madhya Pradesh,Chanel,Coco Mademoiselle,Women,2,6050.0,17.3,10006.7,Debit Card,Delivered
ORD102342,2026-02-07,CUST00954,Aditya Das,Jaipur,Rajasthan,Ajmal,Ajmal Amber Wood,Men,1,1010.0,15.6,852.44,Net Banking,Cancelled
ORD102343,2026-02-07,CUST00100,Rohan Desai,Kolkata,West Bengal,Zara,Zara Unisex Oud,Unisex,1,2350.0,10.4,2105.6,Credit Card,Delivered
ORD102344,2026-02-08,CUST00026,Manoj Patel,Surat,Gujarat,Fogg,Fogg Scent Xpressio,Men,3,1090.0,30.0,2289.0,UPI,Delivered
ORD102345,2026-02-08,CUST00541,Diya Reddy,Lucknow,Uttar Pradesh,Armani,Code,Men,2,3870.0,23.9,5890.14,UPI,Cancelled
ORD102346,2026-02-08,CUST01017,Kiran Gupta,Visakhapatnam,Andhra Pradesh,Ajmal,Ajmal Evoke,Unisex,3,1550.0,18.8,3775.8,Debit Card,Delivered
ORD102347,2026-02-08,CUST01120,Divya Agarwal,Kolkata,West Bengal,Versace,Eros,Men,1,8810.0,15.2,7470.88,UPI,Delivered
ORD102348,2026-02-08,CUST00611,Priya Singh,Delhi,Delhi,Fogg,Fogg Femme,Women,2,1260.0,14.9,2144.52,UPI,Delivered
ORD102349,2026-02-08,CUST00646,Aditya Desai,Chennai,Tamil Nadu,Ajmal,Ajmal Evoke,Unisex,1,2490.0,10.1,2238.51,UPI,Delivered
ORD102350,2026-02-08,CUST00513,Deepak Malhotra,Kolkata,West Bengal,Fogg,Fogg Scent Xpressio,Men,1,820.0,17.8,674.04,Debit Card,Delivered
ORD102351,2026-02-08,CUST00894,Kavya Agarwal,Bengaluru,Karnataka,Zara,Zara Unisex Oud,Unisex,1,1650.0,29.2,1168.2,UPI,Returned
ORD102352,2026-02-08,CUST00703,Aryan Verma,Chandigarh,Punjab,Ajmal,Ajmal Wisal,Women,3,2070.0,30.0,4347.0,Credit Card,Delivered
ORD102353,2026-02-08,CUST00547,Amit Sharma,Delhi,Delhi,Zara,Zara Unisex Oud,Unisex,1,930.0,7.3,862.11,Net Banking,Delivered
ORD102354,2026-02-08,CUST00217,Geeta Banerjee,Bhopal,Madhya Pradesh,Fogg,Fogg Scent Xpressio,Men,1,1300.0,15.3,1101.1,Credit Card,Delivered
ORD102355,2026-02-08,CUST00964,Ashok Yadav,Hyderabad,Telangana,Zara,Zara Woman Rose,Women,2,1830.0,27.2,2664.48,Credit Card,Delivered
ORD102356,2026-02-08,CUST01119,Sanjay Rathi,Indore,Madhya Pradesh,Calvin Klein,Euphoria,Women,1,5800.0,5.5,5481.0,Credit Card,Delivered
ORD102357,2026-02-08,CUST00627,Suresh Chatterjee,Chandigarh,Punjab,Fogg,Fogg Scent Xpressio,Men,2,1330.0,14.9,2263.66,Net Banking,Delivered
ORD102358,2026-02-09,CUST00913,Yash Rao,Kolkata,West Bengal,Ajmal,Ajmal Wisal,Women,1,1010.0,30.0,707.0,UPI,Cancelled
ORD102359,2026-02-09,CUST00022,Nikhil Gupta,Nagpur,Maharashtra,Burberry,Her,Women,1,8960.0,6.8,8350.72,Debit Card,Delivered
ORD102360,2026-02-09,CUST00985,Amit Kulkarni,Jaipur,Rajasthan,Burberry,Her,Women,1,6040.0,18.2,4940.72,Credit Card,Delivered
ORD102361,2026-02-09,CUST00798,Swati Yadav,Surat,Gujarat,Gucci,Gucci Bloom,Women,3,10160.0,22.3,23682.96,Debit Card,Delivered
ORD102362,2026-02-09,CUST00397,Kiran Mukherjee,Chennai,Tamil Nadu,Calvin Klein,Euphoria,Women,1,2830.0,10.9,2521.53,Net Banking,Delivered
ORD102363,2026-02-09,CUST00720,Riya Mishra,Surat,Gujarat,Versace,Dylan Blue,Men,4,6670.0,10.4,23905.28,Net Banking,Cancelled
ORD102364,2026-02-09,CUST00904,Amit Mehta,Hyderabad,Telangana,Wild Stone,Wild Stone Hunter,Men,2,1150.0,8.6,2102.2,UPI,Delivered
ORD102365,2026-02-09,CUST00021,Aditya Bansal,Bengaluru,Karnataka,Ajmal,Ajmal Amber Wood,Men,1,820.0,30.0,574.0,UPI,Delivered
ORD102366,2026-02-09,CUST01215,Sanjay Malhotra,Kochi,Kerala,Tom Ford,Tobacco Vanille,Unisex,2,7350.0,21.2,11583.6,UPI,Delivered
ORD102367,2026-02-09,CUST00467,Aditi Kulkarni,Indore,Madhya Pradesh,Fogg,Fogg Scent Xpressio,Men,2,1020.0,20.3,1625.88,Net Banking,Delivered
ORD102368,2026-02-10,CUST00939,Sunil Agarwal,Nashik,Maharashtra,Fogg,Fogg Femme,Women,3,1260.0,29.5,2664.9,UPI,Cancelled
ORD102369,2026-02-10,CUST00492,Lakshmi Yadav,Bengaluru,Karnataka,Ajmal,Ajmal Wisal,Women,1,2180.0,30.0,1526.0,Debit Card,Delivered
ORD102370,2026-02-10,CUST00087,Pari Joshi,Chennai,Tamil Nadu,Fogg,Fogg Scent Xpressio,Men,3,1670.0,23.1,3852.69,UPI,Delivered
ORD102371,2026-02-10,CUST00151,Aditya Rathi,Hyderabad,Telangana,Zara,Zara Man Gold,Men,1,1290.0,13.6,1114.56,UPI,Delivered
ORD102372,2026-02-10,CUST00100,Rohan Desai,Kolkata,West Bengal,Wild Stone,Wild Stone Code Platinum,Men,2,1280.0,19.0,2073.6,Credit Card,Delivered
ORD102373,2026-02-10,CUST01153,Arjun Yadav,Delhi,Delhi,Versace,Eros,Men,1,6740.0,29.2,4771.92,UPI,Delivered
ORD102374,2026-02-10,CUST00199,Sanya Mehta,Mumbai,Maharashtra,Dior,J'adore,Women,5,6870.0,9.5,31086.75,Cash on Delivery,Cancelled
ORD102375,2026-02-10,CUST00753,Lakshmi Choudhary,Mumbai,Maharashtra,Dior,J'adore,Women,1,6770.0,15.1,5747.73,UPI,Delivered
ORD102376,2026-02-10,CUST00550,Anjali Rao,Pune,Maharashtra,Wild Stone,Wild Stone Code Platinum,Men,2,1550.0,24.1,2352.9,Cash on Delivery,Delivered
ORD102377,2026-02-10,CUST00327,Anjali Yadav,Patna,Bihar,Gucci,Gucci Bloom,Women,1,4960.0,18.7,4032.48,UPI,Delivered
ORD102378,2026-02-10,CUST01234,Shreya Patel,Mumbai,Maharashtra,Gucci,Gucci Flora,Women,2,9840.0,6.5,18400.8,UPI,Delivered
ORD102379,2026-02-10,CUST01180,Nikhil Verma,Bengaluru,Karnataka,Calvin Klein,Euphoria,Women,1,5850.0,14.9,4978.35,UPI,Delivered
ORD102380,2026-02-11,CUST00786,Vihaan Iyer,Chennai,Tamil Nadu,Chanel,Bleu de Chanel,Men,2,8130.0,17.8,13365.72,Credit Card,Delivered
ORD102381,2026-02-11,CUST01238,Ashok Chatterjee,Lucknow,Uttar Pradesh,Calvin Klein,CK One,Unisex,3,4210.0,14.1,10849.17,Credit Card,Delivered
ORD102382,2026-02-11,CUST00458,Sunita Shah,Lucknow,Uttar Pradesh,Dior,J'adore,Women,1,5810.0,27.1,4235.49,Debit Card,Delivered
ORD102383,2026-02-11,CUST00748,Nikhil Rathi,Hyderabad,Telangana,Wild Stone,Wild Stone Code Platinum,Men,2,900.0,11.0,1602.0,Cash on Delivery,Delivered
ORD102384,2026-02-11,CUST00573,Aadhya Gupta,Chennai,Tamil Nadu,Zara,Zara Woman Rose,Women,3,1830.0,30.0,3843.0,Cash on Delivery,Delivered
ORD102385,2026-02-11,CUST01153,Arjun Yadav,Delhi,Delhi,Dior,Miss Dior,Women,1,6880.0,14.4,5889.28,Credit Card,Delivered
ORD102386,2026-02-11,CUST00596,Vikram Malhotra,Chandigarh,Punjab,Wild Stone,Wild Stone Code Platinum,Men,1,1090.0,11.7,962.47,Cash on Delivery,Delivered
ORD102387,2026-02-11,CUST00766,Krishna Singh,Delhi,Delhi,Ajmal,Ajmal Amber Wood,Men,2,1900.0,22.8,2933.6,UPI,Delivered
ORD102388,2026-02-11,CUST00187,Ira Chatterjee,Hyderabad,Telangana,Calvin Klein,Euphoria,Women,1,4300.0,19.1,3478.7,Debit Card,Cancelled
ORD102389,2026-02-11,CUST00917,Sunita Bansal,Indore,Madhya Pradesh,Zara,Zara Unisex Oud,Unisex,4,2700.0,21.4,8488.8,Credit Card,Delivered
ORD102390,2026-02-11,CUST00533,Meera Mehta,Jaipur,Rajasthan,Fogg,Fogg Femme,Women,1,1650.0,20.4,1313.4,Debit Card,Returned
ORD102391,2026-02-11,CUST01106,Karan Bansal,Mumbai,Maharashtra,Zara,Zara Woman Rose,Women,2,2120.0,16.1,3557.36,Credit Card,Returned
ORD102392,2026-02-11,CUST01162,Preeti Mishra,Ahmedabad,Gujarat,Wild Stone,Wild Stone Code Platinum,Men,1,1560.0,29.1,1106.04,Cash on Delivery,Delivered
ORD102393,2026-02-11,CUST00657,Ishaan Krishnan,Bengaluru,Karnataka,Fogg,Fogg Scent Xpressio,Men,2,1120.0,30.0,1568.0,Credit Card,Delivered
ORD102394,2026-02-11,CUST00985,Amit Kulkarni,Jaipur,Rajasthan,Zara,Zara Woman Rose,Women,3,1970.0,19.2,4775.28,UPI,Delivered
ORD102395,2026-02-12,CUST00522,Meera Banerjee,Kochi,Kerala,Ajmal,Ajmal Evoke,Unisex,4,2470.0,14.2,8477.04,UPI,Delivered
ORD102396,2026-02-12,CUST00873,Ishaan Sharma,Nashik,Maharashtra,Wild Stone,Wild Stone Hunter,Men,2,1440.0,25.7,2139.84,Credit Card,Delivered
ORD102397,2026-02-12,CUST00911,Krishna Agarwal,Coimbatore,Tamil Nadu,Ajmal,Ajmal Wisal,Women,2,1690.0,30.0,2366.0,Net Banking,Delivered
ORD102398,2026-02-12,CUST01157,Pooja Agarwal,Hyderabad,Telangana,Wild Stone,Wild Stone Hunter,Men,2,940.0,10.9,1675.08,Credit Card,Delivered
ORD102399,2026-02-12,CUST00048,Kavya Singh,Lucknow,Uttar Pradesh,Chanel,Bleu de Chanel,Men,1,10670.0,19.2,8621.36,Credit Card,Delivered
ORD102400,2026-02-12,CUST00145,Krishna Gupta,Visakhapatnam,Andhra Pradesh,Ajmal,Ajmal Evoke,Unisex,1,1060.0,11.0,943.4,Debit Card,Delivered
ORD102401,2026-02-12,CUST00484,Sai Krishnan,Chennai,Tamil Nadu,Ajmal,Ajmal Amber Wood,Men,1,1530.0,29.6,1077.12,UPI,Delivered
ORD102402,2026-02-12,CUST00965,Divya Mukherjee,Bengaluru,Karnataka,Ajmal,Ajmal Evoke,Unisex,1,1570.0,10.2,1409.86,Net Banking,Delivered
ORD102403,2026-02-13,CUST00440,Tanvi Krishnan,Jaipur,Rajasthan,Ajmal,Ajmal Amber Wood,Men,1,2930.0,17.4,2420.18,UPI,Delivered
ORD102404,2026-02-13,CUST00096,Anjali Krishnan,Pune,Maharashtra,Zara,Zara Man Gold,Men,1,2640.0,15.6,2228.16,UPI,Delivered
ORD102405,2026-02-13,CUST00942,Preeti Malhotra,Chennai,Tamil Nadu,Calvin Klein,CK One,Unisex,2,5190.0,13.3,8999.46,Credit Card,Delivered
ORD102406,2026-02-13,CUST01190,Anil Menon,Hyderabad,Telangana,Gucci,Gucci Bloom,Women,1,4100.0,20.8,3247.2,Cash on Delivery,Cancelled
ORD102407,2026-02-13,CUST00603,Kavya Naidu,Mumbai,Maharashtra,Zara,Zara Man Gold,Men,2,2780.0,19.4,4481.36,Debit Card,Delivered
ORD102408,2026-02-13,CUST00930,Tanvi Verma,Pune,Maharashtra,Zara,Zara Woman Rose,Women,2,2770.0,26.3,4082.98,Credit Card,Delivered
ORD102409,2026-02-13,CUST00036,Shreya Chatterjee,Hyderabad,Telangana,Versace,Eros,Men,2,4310.0,23.7,6577.06,UPI,Delivered
ORD102410,2026-02-13,CUST00461,Yash Krishnan,Jaipur,Rajasthan,Gucci,Gucci Bloom,Women,4,6180.0,23.6,18886.08,UPI,Delivered
ORD102411,2026-02-14,CUST00465,Isha Reddy,Delhi,Delhi,Wild Stone,Wild Stone Hunter,Men,1,1330.0,11.4,1178.38,Credit Card,Delivered
ORD102412,2026-02-14,CUST00265,Vikram Malhotra,Visakhapatnam,Andhra Pradesh,Ajmal,Ajmal Evoke,Unisex,1,2520.0,30.0,1764.0,UPI,Returned
ORD102413,2026-02-14,CUST00611,Priya Singh,Delhi,Delhi,Zara,Zara Man Gold,Men,5,2520.0,30.0,8820.0,Debit Card,Delivered
ORD102414,2026-02-14,CUST00628,Ishaan Mishra,Surat,Gujarat,Zara,Zara Woman Rose,Women,2,1150.0,24.8,1729.6,UPI,Delivered
ORD102415,2026-02-14,CUST00890,Suresh Kumar,Pune,Maharashtra,Gucci,Gucci Bloom,Women,2,4580.0,15.1,7776.84,Debit Card,Delivered
ORD102416,2026-02-14,CUST00790,Anjali Joshi,Nashik,Maharashtra,Burberry,Hero,Men,2,8410.0,19.6,13523.28,Debit Card,Delivered
ORD102417,2026-02-14,CUST00748,Nikhil Rathi,Hyderabad,Telangana,Wild Stone,Wild Stone Hunter,Men,1,950.0,30.0,665.0,Debit Card,Delivered
ORD102418,2026-02-14,CUST00404,Kiran Naidu,Delhi,Delhi,Burberry,Hero,Men,4,8860.0,13.9,30513.84,UPI,Delivered
ORD102419,2026-02-14,CUST00161,Ramesh Das,Bengaluru,Karnataka,Fogg,Fogg Scent Xpressio,Men,2,1380.0,30.0,1932.0,Net Banking,Delivered
ORD102420,2026-02-14,CUST00492,Lakshmi Yadav,Bengaluru,Karnataka,Fogg,Fogg Scent Xpressio,Men,1,930.0,30.0,651.0,Debit Card,Delivered
ORD102421,2026-02-14,CUST01102,Lakshmi Menon,Hyderabad,Telangana,Chanel,Coco Mademoiselle,Women,1,9060.0,23.8,6903.72,Cash on Delivery,Delivered
ORD102422,2026-02-14,CUST00414,Sanya Gupta,Bengaluru,Karnataka,Armani,Code,Men,1,8480.0,11.5,7504.8,UPI,Delivered
ORD102423,2026-02-14,CUST01124,Suresh Bansal,Ahmedabad,Gujarat,Armani,Acqua di Gio,Men,1,4590.0,21.5,3603.15,Debit Card,Returned
ORD102424,2026-02-14,CUST00214,Kavya Bansal,Pune,Maharashtra,Gucci,Gucci Flora,Women,2,4240.0,20.3,6758.56,Credit Card,Delivered
ORD102425,2026-02-14,CUST00240,Pari Choudhary,Mumbai,Maharashtra,Zara,Zara Man Gold,Men,2,1510.0,18.4,2464.32,Debit Card,Delivered
ORD102426,2026-02-14,CUST00451,Diya Banerjee,Delhi,Delhi,Armani,Acqua di Gio,Men,1,5390.0,6.3,5050.43,Debit Card,Returned
ORD102427,2026-02-14,CUST00469,Priya Sharma,Ahmedabad,Gujarat,Dior,Miss Dior,Women,5,8830.0,10.5,39514.25,UPI,Delivered
ORD102428,2026-02-14,CUST00917,Sunita Bansal,Indore,Madhya Pradesh,Armani,Acqua di Gio,Men,2,6920.0,14.4,11847.04,UPI,Delivered
ORD102429,2026-02-15,CUST00904,Amit Mehta,Hyderabad,Telangana,Ajmal,Ajmal Wisal,Women,1,1470.0,11.5,1300.95,Debit Card,Delivered
ORD102430,2026-02-15,CUST00466,Vikram Banerjee,Hyderabad,Telangana,Ajmal,Ajmal Wisal,Women,1,2940.0,12.8,2563.68,UPI,Delivered
ORD102431,2026-02-15,CUST00524,Anika Mehta,Indore,Madhya Pradesh,Fogg,Fogg Scent Xpressio,Men,2,1290.0,30.0,1806.0,UPI,Delivered
ORD102432,2026-02-15,CUST01220,Aadhya Krishnan,Mumbai,Maharashtra,Ajmal,Ajmal Evoke,Unisex,3,2400.0,4.5,6876.0,UPI,Delivered
ORD102433,2026-02-15,CUST00100,Rohan Desai,Kolkata,West Bengal,Zara,Zara Unisex Oud,Unisex,1,1020.0,4.7,972.06,UPI,Delivered
ORD102434,2026-02-15,CUST00153,Aadhya Mukherjee,Pune,Maharashtra,Ajmal,Ajmal Wisal,Women,1,3120.0,11.1,2773.68,Cash on Delivery,Delivered
ORD102435,2026-02-15,CUST00517,Deepak Mehta,Chennai,Tamil Nadu,Ajmal,Ajmal Evoke,Unisex,4,1900.0,3.5,7334.0,Credit Card,Delivered
ORD102436,2026-02-15,CUST00431,Rohan Gupta,Kolkata,West Bengal,Fogg,Fogg Scent Xpressio,Men,5,1100.0,30.0,3850.0,UPI,Delivered
ORD102437,2026-02-15,CUST01209,Sai Mukherjee,Nagpur,Maharashtra,Zara,Zara Man Gold,Men,1,1730.0,29.1,1226.57,UPI,Delivered
ORD102438,2026-02-15,CUST01102,Lakshmi Menon,Hyderabad,Telangana,Versace,Eros,Men,1,8700.0,10.9,7751.7,Credit Card,Delivered
ORD102439,2026-02-15,CUST00582,Kiran Reddy,Bengaluru,Karnataka,Ajmal,Ajmal Wisal,Women,3,3060.0,14.9,7812.18,Net Banking,Delivered
ORD102440,2026-02-15,CUST00847,Manoj Choudhary,Pune,Maharashtra,Calvin Klein,Obsession,Men,1,6280.0,19.0,5086.8,UPI,Delivered
ORD102441,2026-02-15,CUST00477,Myra Naidu,Chennai,Tamil Nadu,Ajmal,Ajmal Amber Wood,Men,1,2560.0,9.6,2314.24,UPI,Delivered
ORD102442,2026-02-16,CUST00542,Tanvi Menon,Indore,Madhya Pradesh,Tom Ford,Black Orchid,Unisex,1,6910.0,16.6,5762.94,Net Banking,Delivered
ORD102443,2026-02-16,CUST01084,Sai Yadav,Pune,Maharashtra,Dior,Sauvage Elixir,Men,5,10500.0,11.7,46357.5,Cash on Delivery,Delivered
ORD102444,2026-02-16,CUST00582,Kiran Reddy,Bengaluru,Karnataka,Armani,Code,Men,1,8710.0,23.7,6645.73,Debit Card,Cancelled
ORD102445,2026-02-16,CUST00772,Varun Mishra,Pune,Maharashtra,Zara,Zara Man Gold,Men,1,1090.0,30.0,763.0,Credit Card,Delivered
ORD102446,2026-02-16,CUST00532,Vihaan Yadav,Visakhapatnam,Andhra Pradesh,Zara,Zara Unisex Oud,Unisex,4,2070.0,12.1,7278.12,UPI,Delivered
ORD102447,2026-02-16,CUST00985,Amit Kulkarni,Jaipur,Rajasthan,Chanel,Bleu de Chanel,Men,1,6060.0,14.3,5193.42,Credit Card,Delivered
ORD102448,2026-02-16,CUST00062,Vivaan Reddy,Coimbatore,Tamil Nadu,Wild Stone,Wild Stone Hunter,Men,4,1490.0,12.1,5238.84,Debit Card,Delivered
ORD102449,2026-02-16,CUST00350,Saanvi Mishra,Visakhapatnam,Andhra Pradesh,Burberry,Her,Women,2,5340.0,16.6,8907.12,UPI,Delivered
ORD102450,2026-02-16,CUST00596,Vikram Malhotra,Bhopal,Madhya Pradesh,Ajmal,Ajmal Amber Wood,Men,1,1920.0,18.8,1559.04,UPI,Delivered
ORD102451,2026-02-16,CUST00965,Divya Mukherjee,Mumbai,Maharashtra,Fogg,Fogg Scent Xpressio,Men,1,1050.0,26.1,775.95,Cash on Delivery,Delivered
ORD102452,2026-02-16,CUST00199,Sanya Mehta,Mumbai,Maharashtra,Ajmal,Ajmal Amber Wood,Men,1,3020.0,30.0,2114.0,Credit Card,Delivered
ORD102453,2026-02-16,CUST00075,Pooja Naidu,Mumbai,Maharashtra,Calvin Klein,CK One,Unisex,4,4350.0,3.4,16808.4,Credit Card,Returned
ORD102454,2026-02-16,CUST00522,Meera Banerjee,Kochi,Kerala,Calvin Klein,Obsession,Men,2,5940.0,17.0,9860.4,UPI,Delivered
ORD102455,2026-02-16,CUST00766,Krishna Singh,Bengaluru,Karnataka,Wild Stone,Wild Stone Code Platinum,Men,1,1430.0,12.2,1255.54,UPI,Delivered
ORD102456,2026-02-16,CUST00397,Kiran Mukherjee,Chennai,Tamil Nadu,Wild Stone,Wild Stone Code Platinum,Men,1,950.0,30.0,665.0,Credit Card,Delivered
ORD102457,2026-02-17,CUST00487,Amit Nair,Nashik,Maharashtra,Fogg,Fogg Scent Xpressio,Men,1,1760.0,1.5,1733.6,UPI,Delivered
ORD102458,2026-02-17,CUST00940,Suresh Desai,Chennai,Tamil Nadu,Zara,Zara Woman Rose,Women,2,2600.0,3.9,4997.2,Net Banking,Delivered
ORD102459,2026-02-18,CUST00829,Vivaan Joshi,Hyderabad,Telangana,Zara,Zara Man Gold,Men,5,2310.0,26.4,8500.8,Debit Card,Delivered
ORD102460,2026-02-18,CUST00786,Vihaan Iyer,Delhi,Delhi,Zara,Zara Unisex Oud,Unisex,1,1740.0,9.2,1579.92,UPI,Delivered
ORD102461,2026-02-19,CUST00542,Tanvi Menon,Indore,Madhya Pradesh,Burberry,Her,Women,3,7760.0,11.7,20556.24,UPI,Delivered
ORD102462,2026-02-19,CUST01109,Nikhil Pillai,Jaipur,Rajasthan,Fogg,Fogg Scent Xpressio,Men,1,920.0,28.1,661.48,UPI,Cancelled
ORD102463,2026-02-19,CUST00363,Ira Pillai,Lucknow,Uttar Pradesh,Dior,Sauvage Elixir,Men,1,5270.0,7.9,4853.67,Credit Card,Delivered
ORD102464,2026-02-20,CUST01067,Pari Iyer,Jaipur,Rajasthan,Calvin Klein,Euphoria,Women,1,4620.0,3.3,4467.54,UPI,Delivered
ORD102465,2026-02-20,CUST00082,Manoj Choudhary,Bengaluru,Karnataka,Ajmal,Ajmal Evoke,Unisex,2,1520.0,6.0,2857.6,Credit Card,Delivered
ORD102466,2026-02-20,CUST00550,Anjali Rao,Pune,Maharashtra,Fogg,Fogg Scent Xpressio,Men,2,1540.0,4.5,2941.4,Debit Card,Delivered
ORD102467,2026-02-20,CUST00917,Sunita Bansal,Indore,Madhya Pradesh,Zara,Zara Man Gold,Men,2,1030.0,25.5,1534.7,Debit Card,Delivered
ORD102468,2026-02-20,CUST00416,Yash Banerjee,Bhopal,Madhya Pradesh,Fogg,Fogg Femme,Women,1,1140.0,16.4,953.04,Debit Card,Delivered
ORD102469,2026-02-20,CUST00947,Ashok Menon,Indore,Madhya Pradesh,Ajmal,Ajmal Evoke,Unisex,2,3170.0,24.6,4780.36,Debit Card,Delivered
ORD102470,2026-02-21,CUST00582,Kiran Reddy,Bengaluru,Karnataka,Ajmal,Ajmal Evoke,Unisex,3,2940.0,8.2,8096.76,UPI,Returned
ORD102471,2026-02-21,CUST00732,Tanvi Verma,Ahmedabad,Gujarat,Versace,Eros,Men,2,6300.0,21.8,9853.2,Net Banking,Delivered
ORD102472,2026-02-21,CUST00300,Ramesh Kumar,Hyderabad,Telangana,Fogg,Fogg Femme,Women,2,1680.0,26.7,2462.88,UPI,Delivered
ORD102473,2026-02-22,CUST00590,Kabir Menon,Delhi,Delhi,Burberry,Her,Women,2,7930.0,21.1,12513.54,Debit Card,Returned
ORD102474,2026-02-22,CUST00571,Isha Chatterjee,Bengaluru,Karnataka,Fogg,Fogg Scent Xpressio,Men,3,1020.0,21.3,2408.22,Credit Card,Delivered
ORD102475,2026-02-22,CUST00883,Swati Malhotra,Mumbai,Maharashtra,Burberry,Her,Women,3,8990.0,20.9,21333.27,Credit Card,Delivered
ORD102476,2026-02-22,CUST00917,Sunita Bansal,Indore,Madhya Pradesh,Ajmal,Ajmal Amber Wood,Men,2,2240.0,26.4,3297.28,Credit Card,Delivered
ORD102477,2026-02-22,CUST01070,Deepak Gupta,Mumbai,Maharashtra,Ajmal,Ajmal Amber Wood,Men,3,2890.0,4.2,8305.86,UPI,Returned
ORD102478,2026-02-22,CUST00199,Sanya Mehta,Mumbai,Maharashtra,Fogg,Fogg Scent Xpressio,Men,3,1640.0,21.3,3872.04,UPI,Delivered
ORD102479,2026-02-22,CUST01109,Nikhil Pillai,Chennai,Tamil Nadu,Calvin Klein,Obsession,Men,1,5370.0,9.7,4849.11,UPI,Returned
ORD102480,2026-02-23,CUST01097,Divya Rao,Hyderabad,Telangana,Wild Stone,Wild Stone Hunter,Men,2,1020.0,22.5,1581.0,UPI,Delivered
ORD102481,2026-02-23,CUST00815,Krishna Rao,Nashik,Maharashtra,Wild Stone,Wild Stone Code Platinum,Men,3,1020.0,28.2,2197.08,Cash on Delivery,Delivered
ORD102482,2026-02-23,CUST00079,Rajesh Verma,Bengaluru,Karnataka,Fogg,Fogg Femme,Women,2,1310.0,11.4,2321.32,UPI,Delivered
ORD102483,2026-02-23,CUST00440,Tanvi Krishnan,Jaipur,Rajasthan,Zara,Zara Man Gold,Men,2,2490.0,27.4,3615.48,Net Banking,Delivered
ORD102484,2026-02-24,CUST00504,Pooja Reddy,Mumbai,Maharashtra,Tom Ford,Tobacco Vanille,Unisex,1,6610.0,2.4,6451.36,Cash on Delivery,Delivered
ORD102485,2026-02-24,CUST00173,Rahul Iyer,Pune,Maharashtra,Armani,Code,Men,2,4840.0,11.7,8547.44,UPI,Cancelled
ORD102486,2026-02-24,CUST00401,Kabir Choudhary,Nashik,Maharashtra,Dior,Sauvage Elixir,Men,1,8930.0,12.8,7786.96,UPI,Delivered
ORD102487,2026-02-24,CUST00492,Lakshmi Yadav,Bengaluru,Karnataka,Ajmal,Ajmal Wisal,Women,1,1050.0,9.4,951.3,UPI,Delivered
ORD102488,2026-02-25,CUST00628,Ishaan Mishra,Surat,Gujarat,Chanel,Chanel No. 5,Women,1,9960.0,11.4,8824.56,UPI,Delivered
ORD102489,2026-02-25,CUST00541,Diya Reddy,Lucknow,Uttar Pradesh,Wild Stone,Wild Stone Code Platinum,Men,2,1470.0,24.5,2219.7,Cash on Delivery,Cancelled
ORD102490,2026-02-25,CUST00947,Ashok Menon,Indore,Madhya Pradesh,Ajmal,Ajmal Wisal,Women,1,2050.0,5.4,1939.3,Debit Card,Cancelled
ORD102491,2026-02-25,CUST00580,Sanya Naidu,Chennai,Tamil Nadu,Ajmal,Ajmal Evoke,Unisex,2,2240.0,13.0,3897.6,UPI,Delivered
ORD102492,2026-02-25,CUST00487,Amit Nair,Nashik,Maharashtra,Ajmal,Ajmal Evoke,Unisex,3,2700.0,26.5,5953.5,UPI,Returned
ORD102493,2026-02-26,CUST00458,Sunita Shah,Pune,Maharashtra,Armani,Acqua di Gio,Men,2,4150.0,6.7,7743.9,UPI,Delivered
ORD102494,2026-02-26,CUST00899,Geeta Desai,Kolkata,West Bengal,Armani,Si Passione,Women,2,5480.0,14.5,9370.8,Debit Card,Returned
ORD102495,2026-02-26,CUST00547,Amit Sharma,Delhi,Delhi,Versace,Eros,Men,1,8920.0,9.5,8072.6,Debit Card,Delivered
ORD102496,2026-02-27,CUST00431,Rohan Gupta,Kolkata,West Bengal,Fogg,Fogg Scent Xpressio,Men,2,1190.0,22.0,1856.4,Net Banking,Delivered
ORD102497,2026-02-27,CUST00859,Tanvi Bansal,Pune,Maharashtra,Zara,Zara Man Gold,Men,5,1560.0,17.1,6466.2,UPI,Delivered
ORD102498,2026-02-27,CUST00875,Swati Rathi,Kochi,Kerala,Wild Stone,Wild Stone Code Platinum,Men,1,1480.0,2.5,1443.0,Cash on Delivery,Returned
ORD102499,2026-02-27,CUST00401,Kabir Choudhary,Nashik,Maharashtra,Calvin Klein,CK One,Unisex,2,4850.0,7.3,8991.9,Cash on Delivery,Delivered
ORD102500,2026-02-27,CUST00056,Neha Malhotra,Indore,Madhya Pradesh,Versace,Dylan Blue,Men,1,7270.0,2.5,7088.25,UPI,Delivered
ORD102501,2026-02-27,CUST00211,Sanjay Singh,Kolkata,West Bengal,Wild Stone,Wild Stone Code Platinum,Men,1,1340.0,20.1,1070.66,UPI,Delivered
ORD102502,2026-02-27,CUST00729,Vikram Das,Chennai,Tamil Nadu,Zara,Zara Unisex Oud,Unisex,3,1980.0,22.7,4591.62,Debit Card,Delivered
ORD102503,2026-02-28,CUST01112,Rajesh Shah,Bengaluru,Karnataka,Ajmal,Ajmal Wisal,Women,5,3070.0,24.6,11573.9,UPI,Delivered
ORD102504,2026-02-28,CUST00726,Rajesh Kulkarni,Chennai,Tamil Nadu,Ajmal,Ajmal Evoke,Unisex,2,3010.0,23.6,4599.28,UPI,Delivered
ORD102505,2026-02-28,CUST00067,Anil Kumar,Lucknow,Uttar Pradesh,Zara,Zara Unisex Oud,Unisex,2,2290.0,9.8,4131.16,Credit Card,Delivered
ORD102506,2026-02-28,CUST00134,Shreya Reddy,Lucknow,Uttar Pradesh,Ajmal,Ajmal Evoke,Unisex,1,1410.0,20.1,1126.59,Net Banking,Delivered
ORD102507,2026-03-01,CUST00222,Amit Mukherjee,Chandigarh,Punjab,Zara,Zara Woman Rose,Women,3,1550.0,23.2,3571.2,Net Banking,Delivered
ORD102508,2026-03-01,CUST00265,Vikram Malhotra,Bengaluru,Karnataka,Ajmal,Ajmal Wisal,Women,3,1870.0,9.6,5071.44,UPI,Delivered
ORD102509,2026-03-01,CUST00417,Ayaan Mukherjee,Ahmedabad,Gujarat,Versace,Eros,Men,1,6250.0,6.9,5818.75,Credit Card,Delivered
ORD102510,2026-03-02,CUST00040,Meera Kumar,Bengaluru,Karnataka,Chanel,Coco Mademoiselle,Women,1,10560.0,14.5,9028.8,UPI,Delivered
ORD102511,2026-03-03,CUST00158,Anika Sharma,Delhi,Delhi,Versace,Dylan Blue,Men,1,8120.0,1.5,7998.2,Debit Card,Delivered
ORD102512,2026-03-03,CUST01052,Dhruv Yadav,Delhi,Delhi,Chanel,Coco Mademoiselle,Women,1,7250.0,6.7,6764.25,Debit Card,Delivered
ORD102513,2026-03-03,CUST00533,Meera Mehta,Jaipur,Rajasthan,Armani,Acqua di Gio,Men,1,5420.0,20.7,4298.06,Credit Card,Delivered
ORD102514,2026-03-03,CUST00830,Krishna Desai,Pune,Maharashtra,Zara,Zara Woman Rose,Women,1,2500.0,19.3,2017.5,UPI,Delivered
ORD102515,2026-03-03,CUST00795,Nikhil Kulkarni,Kochi,Kerala,Fogg,Fogg Scent Xpressio,Men,2,1130.0,20.1,1805.74,UPI,Delivered
ORD102516,2026-03-03,CUST00058,Neha Mishra,Bengaluru,Karnataka,Ajmal,Ajmal Evoke,Unisex,4,2580.0,7.9,9504.72,UPI,Delivered
ORD102517,2026-03-04,CUST01078,Ayaan Sharma,Mumbai,Maharashtra,Zara,Zara Unisex Oud,Unisex,1,1330.0,29.2,941.64,Net Banking,Delivered
ORD102518,2026-03-04,CUST01153,Arjun Yadav,Delhi,Delhi,Zara,Zara Man Gold,Men,1,1090.0,13.8,939.58,Net Banking,Delivered
ORD102519,2026-03-04,CUST00075,Pooja Naidu,Delhi,Delhi,Wild Stone,Wild Stone Hunter,Men,1,1310.0,22.4,1016.56,Debit Card,Delivered
ORD102520,2026-03-05,CUST00218,Pari Pillai,Bhopal,Madhya Pradesh,Fogg,Fogg Femme,Women,1,1300.0,19.6,1045.2,Credit Card,Delivered
ORD102521,2026-03-05,CUST00596,Vikram Malhotra,Kochi,Kerala,Burberry,Hero,Men,1,5790.0,18.9,4695.69,Credit Card,Delivered
ORD102522,2026-03-05,CUST01167,Tanvi Kulkarni,Chennai,Tamil Nadu,Fogg,Fogg Scent Xpressio,Men,1,1510.0,30.0,1057.0,Debit Card,Delivered
ORD102523,2026-03-06,CUST00350,Saanvi Mishra,Bengaluru,Karnataka,Ajmal,Ajmal Amber Wood,Men,3,2730.0,7.2,7600.32,UPI,Delivered
ORD102524,2026-03-06,CUST00751,Diya Singh,Bengaluru,Karnataka,Versace,Eros,Men,1,8030.0,14.9,6833.53,Net Banking,Delivered
ORD102525,2026-03-06,CUST00484,Sai Krishnan,Hyderabad,Telangana,Calvin Klein,Obsession,Men,1,3000.0,21.1,2367.0,Debit Card,Delivered
ORD102526,2026-03-07,CUST00494,Aditi Nair,Indore,Madhya Pradesh,Zara,Zara Unisex Oud,Unisex,2,2630.0,14.0,4523.6,Net Banking,Delivered
ORD102527,2026-03-07,CUST00627,Suresh Chatterjee,Jaipur,Rajasthan,Fogg,Fogg Femme,Women,3,1360.0,23.4,3125.28,Cash on Delivery,Delivered
ORD102528,2026-03-07,CUST00397,Kiran Mukherjee,Chennai,Tamil Nadu,Wild Stone,Wild Stone Code Platinum,Men,3,1230.0,27.8,2664.18,UPI,Delivered
ORD102529,2026-03-08,CUST00199,Sanya Mehta,Mumbai,Maharashtra,Zara,Zara Woman Rose,Women,1,2220.0,3.8,2135.64,UPI,Delivered
ORD102530,2026-03-08,CUST00479,Anika Yadav,Lucknow,Uttar Pradesh,Gucci,Gucci Bloom,Women,1,4630.0,3.7,4458.69,Cash on Delivery,Delivered
ORD102531,2026-03-08,CUST00451,Diya Banerjee,Delhi,Delhi,Fogg,Fogg Femme,Women,2,1680.0,21.3,2644.32,Debit Card,Returned
ORD102532,2026-03-08,CUST00300,Ramesh Kumar,Hyderabad,Telangana,Wild Stone,Wild Stone Hunter,Men,3,1010.0,17.7,2493.69,Debit Card,Delivered
ORD102533,2026-03-08,CUST00075,Pooja Naidu,Delhi,Delhi,Versace,Dylan Blue,Men,5,6700.0,11.8,29547.0,UPI,Delivered
ORD102534,2026-03-08,CUST00662,Amit Naidu,Bhopal,Madhya Pradesh,Dior,Sauvage Elixir,Men,3,11410.0,16.1,28718.97,UPI,Cancelled
ORD102535,2026-03-08,CUST00321,Kabir Das,Pune,Maharashtra,Zara,Zara Man Gold,Men,1,2720.0,18.1,2227.68,UPI,Delivered
ORD102536,2026-03-08,CUST01046,Nisha Krishnan,Jaipur,Rajasthan,Dior,Sauvage Elixir,Men,3,11160.0,12.6,29261.52,Cash on Delivery,Delivered
ORD102537,2026-03-09,CUST00072,Ashok Chatterjee,Bengaluru,Karnataka,Dior,Miss Dior,Women,4,8780.0,18.5,28622.8,UPI,Delivered
ORD102538,2026-03-09,CUST00611,Priya Singh,Delhi,Delhi,Wild Stone,Wild Stone Hunter,Men,4,1600.0,29.5,4512.0,Cash on Delivery,Returned
ORD102539,2026-03-09,CUST00315,Tanvi Shah,Kolkata,West Bengal,Fogg,Fogg Femme,Women,2,840.0,28.9,1194.48,Credit Card,Delivered
ORD102540,2026-03-09,CUST00750,Sanjay Agarwal,Delhi,Delhi,Ajmal,Ajmal Amber Wood,Men,1,2400.0,11.8,2116.8,Credit Card,Delivered
ORD102541,2026-03-10,CUST00488,Kiran Pillai,Kolkata,West Bengal,Gucci,Gucci Guilty,Unisex,4,7460.0,16.5,24916.4,UPI,Delivered
ORD102542,2026-03-10,CUST00917,Sunita Bansal,Indore,Madhya Pradesh,Dior,Sauvage Elixir,Men,1,11870.0,13.3,10291.29,Credit Card,Delivered
ORD102543,2026-03-11,CUST00541,Diya Reddy,Lucknow,Uttar Pradesh,Gucci,Gucci Flora,Women,5,5580.0,5.3,26421.3,Debit Card,Delivered
ORD102544,2026-03-11,CUST00442,Ramesh Choudhary,Indore,Madhya Pradesh,Zara,Zara Man Gold,Men,1,1310.0,13.5,1133.15,UPI,Delivered
ORD102545,2026-03-11,CUST00836,Priya Iyer,Pune,Maharashtra,Chanel,Bleu de Chanel,Men,3,6710.0,4.1,19304.67,UPI,Delivered
ORD102546,2026-03-11,CUST00580,Sanya Naidu,Indore,Madhya Pradesh,Zara,Zara Woman Rose,Women,1,2060.0,24.2,1561.48,Credit Card,Delivered
ORD102547,2026-03-11,CUST00488,Kiran Pillai,Kolkata,West Bengal,Fogg,Fogg Scent Xpressio,Men,2,1210.0,3.3,2340.14,UPI,Delivered
ORD102548,2026-03-12,CUST00655,Pooja Desai,Nashik,Maharashtra,Fogg,Fogg Femme,Women,1,1370.0,13.0,1191.9,Cash on Delivery,Delivered
ORD102549,2026-03-12,CUST00722,Riya Verma,Surat,Gujarat,Burberry,Her,Women,2,8210.0,12.7,14334.66,UPI,Cancelled
ORD102550,2026-03-12,CUST01102,Lakshmi Menon,Hyderabad,Telangana,Ajmal,Ajmal Evoke,Unisex,2,2310.0,13.9,3977.82,UPI,Delivered
ORD102551,2026-03-12,CUST00960,Aditya Kulkarni,Chennai,Tamil Nadu,Zara,Zara Man Gold,Men,4,2760.0,4.4,10554.24,Credit Card,Delivered
ORD102552,2026-03-12,CUST00653,Tanvi Naidu,Kolkata,West Bengal,Wild Stone,Wild Stone Code Platinum,Men,5,1370.0,3.5,6610.25,UPI,Delivered
ORD102553,2026-03-13,CUST00856,Sneha Mehta,Indore,Madhya Pradesh,Calvin Klein,CK One,Unisex,3,3690.0,8.9,10084.77,Debit Card,Delivered
ORD102554,2026-03-13,CUST00684,Sai Chatterjee,Delhi,Delhi,Zara,Zara Unisex Oud,Unisex,1,2610.0,12.3,2288.97,Credit Card,Delivered
ORD102555,2026-03-13,CUST01127,Rahul Menon,Hyderabad,Telangana,Wild Stone,Wild Stone Code Platinum,Men,3,1090.0,11.3,2900.49,Debit Card,Delivered
ORD102556,2026-03-14,CUST00337,Arjun Bansal,Delhi,Delhi,Armani,Code,Men,1,8230.0,7.3,7629.21,Credit Card,Cancelled
ORD102557,2026-03-14,CUST00429,Aarav Rathi,Bengaluru,Karnataka,Wild Stone,Wild Stone Code Platinum,Men,1,1230.0,5.7,1159.89,Credit Card,Delivered
ORD102558,2026-03-14,CUST00062,Vivaan Reddy,Coimbatore,Tamil Nadu,Versace,Dylan Blue,Men,2,9390.0,7.3,17409.06,Debit Card,Delivered
ORD102559,2026-03-15,CUST00209,Sunil Rathi,Delhi,Delhi,Wild Stone,Wild Stone Code Platinum,Men,1,1210.0,21.9,945.01,Net Banking,Cancelled
ORD102560,2026-03-15,CUST00619,Sunil Mehta,Jaipur,Rajasthan,Ajmal,Ajmal Wisal,Women,1,1550.0,20.3,1235.35,Credit Card,Delivered
ORD102561,2026-03-15,CUST01078,Ayaan Sharma,Mumbai,Maharashtra,Dior,Miss Dior,Women,4,9030.0,18.7,29365.56,Credit Card,Delivered
ORD102562,2026-03-15,CUST00484,Sai Krishnan,Chennai,Tamil Nadu,Wild Stone,Wild Stone Hunter,Men,1,1370.0,17.7,1127.51,Debit Card,Returned
ORD102563,2026-03-16,CUST00965,Divya Mukherjee,Jaipur,Rajasthan,Ajmal,Ajmal Amber Wood,Men,1,2130.0,11.2,1891.44,UPI,Returned
ORD102564,2026-03-16,CUST00932,Vivaan Kulkarni,Kolkata,West Bengal,Fogg,Fogg Scent Xpressio,Men,2,1370.0,15.2,2323.52,UPI,Delivered
ORD102565,2026-03-17,CUST00187,Ira Chatterjee,Hyderabad,Telangana,Ajmal,Ajmal Evoke,Unisex,1,2290.0,21.1,1806.81,Debit Card,Delivered
ORD102566,2026-03-17,CUST00181,Ashok Banerjee,Lucknow,Uttar Pradesh,Armani,Si Passione,Women,1,5900.0,15.4,4991.4,UPI,Returned
ORD102567,2026-03-17,CUST00947,Ashok Menon,Delhi,Delhi,Versace,Bright Crystal,Women,2,6860.0,14.7,11703.16,Debit Card,Delivered
ORD102568,2026-03-18,CUST00205,Rajesh Yadav,Bengaluru,Karnataka,Tom Ford,Black Orchid,Unisex,1,6350.0,17.5,5238.75,Debit Card,Returned
ORD102569,2026-03-18,CUST00075,Pooja Naidu,Delhi,Delhi,Dior,Sauvage Elixir,Men,2,11010.0,6.1,20676.78,UPI,Delivered
ORD102570,2026-03-18,CUST00145,Krishna Gupta,Visakhapatnam,Andhra Pradesh,Ajmal,Ajmal Amber Wood,Men,1,2440.0,19.0,1976.4,Net Banking,Delivered
ORD102571,2026-03-18,CUST01162,Preeti Mishra,Ahmedabad,Gujarat,Zara,Zara Woman Rose,Women,4,2270.0,6.2,8517.04,Credit Card,Delivered
ORD102572,2026-03-18,CUST00960,Aditya Kulkarni,Chennai,Tamil Nadu,Ajmal,Ajmal Wisal,Women,2,3070.0,27.4,4457.64,UPI,Delivered
ORD102573,2026-03-19,CUST00763,Meera Agarwal,Ahmedabad,Gujarat,Ajmal,Ajmal Wisal,Women,1,2510.0,14.6,2143.54,Cash on Delivery,Delivered
ORD102574,2026-03-19,CUST00151,Aditya Rathi,Hyderabad,Telangana,Versace,Dylan Blue,Men,5,7730.0,16.0,32466.0,Cash on Delivery,Delivered
ORD102575,2026-03-19,CUST00921,Diya Gupta,Patna,Bihar,Ajmal,Ajmal Evoke,Unisex,1,1320.0,16.5,1102.2,Debit Card,Delivered
ORD102576,2026-03-19,CUST01047,Tanvi Choudhary,Bengaluru,Karnataka,Fogg,Fogg Femme,Women,3,1340.0,24.1,3051.18,Credit Card,Delivered
ORD102577,2026-03-20,CUST01052,Dhruv Yadav,Delhi,Delhi,Zara,Zara Woman Rose,Women,1,1530.0,15.2,1297.44,UPI,Delivered
ORD102578,2026-03-20,CUST00453,Anika Iyer,Bengaluru,Karnataka,Burberry,Her,Women,4,8360.0,17.1,27721.76,Net Banking,Delivered
ORD102579,2026-03-20,CUST01062,Ananya Mishra,Delhi,Delhi,Fogg,Fogg Scent Xpressio,Men,2,1340.0,28.8,1908.16,UPI,Returned
ORD102580,2026-03-20,CUST00525,Ira Desai,Surat,Gujarat,Zara,Zara Woman Rose,Women,1,1500.0,16.2,1257.0,Credit Card,Cancelled
ORD102581,2026-03-21,CUST01226,Ananya Rathi,Jaipur,Rajasthan,Wild Stone,Wild Stone Hunter,Men,1,1290.0,29.7,906.87,Credit Card,Delivered
ORD102582,2026-03-22,CUST00311,Amit Verma,Nashik,Maharashtra,Zara,Zara Woman Rose,Women,5,1580.0,28.4,5656.4,Debit Card,Delivered
ORD102583,2026-03-22,CUST00227,Kabir Menon,Chennai,Tamil Nadu,Ajmal,Ajmal Evoke,Unisex,2,3150.0,2.7,6129.9,UPI,Delivered
ORD102584,2026-03-22,CUST00904,Amit Mehta,Hyderabad,Telangana,Gucci,Gucci Guilty,Unisex,2,7710.0,7.9,14201.82,Credit Card,Delivered
ORD102585,2026-03-22,CUST00868,Ramesh Yadav,Bengaluru,Karnataka,Zara,Zara Woman Rose,Women,2,2290.0,11.9,4034.98,Cash on Delivery,Delivered
ORD102586,2026-03-22,CUST00387,Lakshmi Krishnan,Chennai,Tamil Nadu,Ajmal,Ajmal Evoke,Unisex,1,2240.0,25.4,1671.04,UPI,Delivered
ORD102587,2026-03-22,CUST00062,Vivaan Reddy,Coimbatore,Tamil Nadu,Calvin Klein,Euphoria,Women,1,3310.0,18.0,2714.2,Cash on Delivery,Delivered
ORD102588,2026-03-22,CUST01040,Meera Choudhary,Mumbai,Maharashtra,Ajmal,Ajmal Evoke,Unisex,5,2360.0,24.3,8932.6,UPI,Delivered
ORD102589,2026-03-22,CUST00670,Deepak Agarwal,Hyderabad,Telangana,Dior,Sauvage Elixir,Men,1,5400.0,20.3,4303.8,Cash on Delivery,Delivered
ORD102590,2026-03-23,CUST01231,Pari Nair,Patna,Bihar,Fogg,Fogg Scent Xpressio,Men,1,1750.0,8.6,1599.5,UPI,Delivered
ORD102591,2026-03-23,CUST00315,Tanvi Shah,Kolkata,West Bengal,Zara,Zara Woman Rose,Women,3,2700.0,25.9,6002.1,Credit Card,Returned
ORD102592,2026-03-24,CUST00621,Ananya Gupta,Hyderabad,Telangana,Wild Stone,Wild Stone Code Platinum,Men,2,1130.0,8.3,2072.42,Cash on Delivery,Delivered
ORD102593,2026-03-24,CUST00627,Suresh Chatterjee,Jaipur,Rajasthan,Armani,Si Passione,Women,2,4260.0,21.9,6654.12,UPI,Returned
ORD102594,2026-03-24,CUST00009,Yash Naidu,Ahmedabad,Gujarat,Calvin Klein,CK One,Unisex,1,2930.0,16.7,2440.69,UPI,Delivered
ORD102595,2026-03-24,CUST00416,Yash Banerjee,Mumbai,Maharashtra,Gucci,Gucci Guilty,Unisex,3,8950.0,4.8,25561.2,UPI,Delivered
ORD102596,2026-03-25,CUST00738,Karan Choudhary,Pune,Maharashtra,Ajmal,Ajmal Amber Wood,Men,1,2000.0,7.3,1854.0,Credit Card,Delivered
ORD102597,2026-03-25,CUST01107,Vivaan Banerjee,Kolkata,West Bengal,Fogg,Fogg Scent Xpressio,Men,2,1200.0,10.1,2157.6,Debit Card,Delivered
ORD102598,2026-03-25,CUST00750,Sanjay Agarwal,Delhi,Delhi,Fogg,Fogg Scent Xpressio,Men,3,1790.0,17.2,4446.36,UPI,Delivered
ORD102599,2026-03-26,CUST00299,Meera Singh,Hyderabad,Telangana,Fogg,Fogg Scent Xpressio,Men,3,1140.0,24.7,2575.26,Credit Card,Delivered
ORD102600,2026-03-26,CUST00135,Kabir Patel,Hyderabad,Telangana,Ajmal,Ajmal Evoke,Unisex,4,2060.0,19.5,6633.2,UPI,Returned
ORD102601,2026-03-26,CUST01240,Ayaan Sharma,Bengaluru,Karnataka,Zara,Zara Man Gold,Men,2,2050.0,23.3,3144.7,Debit Card,Cancelled
ORD102602,2026-03-27,CUST00154,Anjali Desai,Mumbai,Maharashtra,Zara,Zara Unisex Oud,Unisex,2,1610.0,26.7,2360.26,Cash on Delivery,Cancelled
ORD102603,2026-03-27,CUST00646,Aditya Desai,Chennai,Tamil Nadu,Fogg,Fogg Femme,Women,1,1760.0,12.7,1536.48,UPI,Delivered
ORD102604,2026-03-27,CUST01239,Pari Agarwal,Mumbai,Maharashtra,Burberry,Her,Women,1,3820.0,17.9,3136.22,Debit Card,Cancelled
ORD102605,2026-03-28,CUST00368,Isha Naidu,Chennai,Tamil Nadu,Chanel,Bleu de Chanel,Men,2,5190.0,1.9,10182.78,UPI,Delivered
ORD102606,2026-03-28,CUST00322,Varun Gupta,Pune,Maharashtra,Gucci,Gucci Bloom,Women,4,10020.0,6.1,37635.12,Credit Card,Returned
ORD102607,2026-03-28,CUST00847,Manoj Choudhary,Bengaluru,Karnataka,Ajmal,Ajmal Wisal,Women,2,2290.0,24.9,3439.58,Cash on Delivery,Delivered
ORD102608,2026-03-28,CUST01112,Rajesh Shah,Bengaluru,Karnataka,Zara,Zara Unisex Oud,Unisex,1,1310.0,26.4,964.16,Credit Card,Returned
ORD102609,2026-03-29,CUST00057,Rajesh Shah,Nagpur,Maharashtra,Calvin Klein,Euphoria,Women,4,6420.0,5.5,24267.6,Cash on Delivery,Cancelled
ORD102610,2026-03-29,CUST01103,Amit Pillai,Ahmedabad,Gujarat,Zara,Zara Unisex Oud,Unisex,2,1990.0,26.1,2941.22,Net Banking,Delivered
ORD102611,2026-03-30,CUST01233,Varun Iyer,Kochi,Kerala,Ajmal,Ajmal Amber Wood,Men,5,2500.0,1.7,12287.5,UPI,Delivered
ORD102612,2026-03-30,CUST00494,Aditi Nair,Indore,Madhya Pradesh,Fogg,Fogg Scent Xpressio,Men,1,980.0,29.3,692.86,UPI,Delivered
ORD102613,2026-03-30,CUST00401,Kabir Choudhary,Nashik,Maharashtra,Zara,Zara Unisex Oud,Unisex,1,2460.0,4.5,2349.3,Debit Card,Delivered
ORD102614,2026-03-30,CUST00347,Ira Patel,Kolkata,West Bengal,Fogg,Fogg Scent Xpressio,Men,1,840.0,13.1,729.96,UPI,Delivered
ORD102615,2026-03-30,CUST00882,Anika Rathi,Nagpur,Maharashtra,Chanel,Coco Mademoiselle,Women,4,11710.0,20.0,37472.0,UPI,Cancelled
ORD102616,2026-03-30,CUST00416,Yash Banerjee,Indore,Madhya Pradesh,Chanel,Chanel No. 5,Women,1,7180.0,9.0,6533.8,Debit Card,Delivered
ORD102617,2026-03-31,CUST01062,Ananya Mishra,Lucknow,Uttar Pradesh,Ajmal,Ajmal Evoke,Unisex,1,1640.0,22.0,1279.2,Cash on Delivery,Delivered
ORD102618,2026-03-31,CUST00425,Anjali Kulkarni,Ahmedabad,Gujarat,Zara,Zara Man Gold,Men,2,1890.0,16.3,3163.86,UPI,Delivered
ORD102619,2026-04-01,CUST00806,Vikram Choudhary,Kolkata,West Bengal,Zara,Zara Unisex Oud,Unisex,1,2050.0,14.3,1756.85,UPI,Delivered
ORD102620,2026-04-01,CUST01153,Arjun Yadav,Coimbatore,Tamil Nadu,Zara,Zara Man Gold,Men,1,2680.0,13.2,2326.24,Net Banking,Delivered
ORD102621,2026-04-01,CUST00646,Aditya Desai,Pune,Maharashtra,Tom Ford,Tobacco Vanille,Unisex,2,8330.0,12.4,14594.16,Cash on Delivery,Delivered
ORD102622,2026-04-01,CUST00875,Swati Rathi,Kochi,Kerala,Zara,Zara Woman Rose,Women,1,1120.0,24.4,846.72,Credit Card,Cancelled
ORD102623,2026-04-02,CUST00574,Ramesh Verma,Chennai,Tamil Nadu,Chanel,Bleu de Chanel,Men,2,7370.0,1.0,14592.6,UPI,Delivered
ORD102624,2026-04-02,CUST00917,Sunita Bansal,Indore,Madhya Pradesh,Zara,Zara Woman Rose,Women,1,1350.0,18.5,1100.25,UPI,Returned
ORD102625,2026-04-02,CUST00620,Vihaan Das,Ahmedabad,Gujarat,Ajmal,Ajmal Evoke,Unisex,1,1250.0,22.8,965.0,Debit Card,Returned
ORD102626,2026-04-02,CUST00055,Rahul Singh,Lucknow,Uttar Pradesh,Zara,Zara Man Gold,Men,2,1580.0,2.9,3068.36,UPI,Returned
ORD102627,2026-04-02,CUST00549,Ananya Joshi,Coimbatore,Tamil Nadu,Wild Stone,Wild Stone Hunter,Men,1,1450.0,21.5,1138.25,Credit Card,Delivered
ORD102628,2026-04-03,CUST01218,Ashok Gupta,Surat,Gujarat,Gucci,Gucci Guilty,Unisex,4,9870.0,15.2,33479.04,UPI,Returned
ORD102629,2026-04-03,CUST00542,Tanvi Menon,Indore,Madhya Pradesh,Fogg,Fogg Scent Xpressio,Men,1,1320.0,25.5,983.4,Debit Card,Delivered
ORD102630,2026-04-03,CUST00815,Krishna Rao,Nashik,Maharashtra,Versace,Bright Crystal,Women,1,5420.0,3.7,5219.46,UPI,Delivered
ORD102631,2026-04-03,CUST00670,Deepak Agarwal,Hyderabad,Telangana,Zara,Zara Man Gold,Men,2,1990.0,7.4,3685.48,Debit Card,Delivered
ORD102632,2026-04-04,CUST00475,Varun Choudhary,Delhi,Delhi,Wild Stone,Wild Stone Code Platinum,Men,2,1120.0,21.4,1760.64,UPI,Delivered
ORD102633,2026-04-04,CUST01087,Kabir Gupta,Delhi,Delhi,Fogg,Fogg Femme,Women,1,1000.0,11.2,888.0,Debit Card,Delivered
ORD102634,2026-04-04,CUST01084,Sai Yadav,Pune,Maharashtra,Gucci,Gucci Guilty,Unisex,1,7140.0,2.1,6990.06,UPI,Delivered
ORD102635,2026-04-04,CUST01120,Divya Agarwal,Bhopal,Madhya Pradesh,Zara,Zara Woman Rose,Women,3,2690.0,1.8,7924.74,UPI,Delivered
ORD102636,2026-04-04,CUST00501,Lakshmi Das,Bengaluru,Karnataka,Fogg,Fogg Scent Xpressio,Men,1,1240.0,6.1,1164.36,UPI,Delivered
ORD102637,2026-04-04,CUST00945,Anjali Joshi,Delhi,Delhi,Zara,Zara Man Gold,Men,2,950.0,20.5,1510.5,UPI,Delivered
ORD102638,2026-04-04,CUST00942,Preeti Malhotra,Chennai,Tamil Nadu,Ajmal,Ajmal Evoke,Unisex,1,2150.0,2.3,2100.55,UPI,Delivered
ORD102639,2026-04-04,CUST00026,Manoj Patel,Surat,Gujarat,Tom Ford,Black Orchid,Unisex,1,7840.0,2.7,7628.32,UPI,Returned
ORD102640,2026-04-04,CUST00737,Sai Reddy,Chandigarh,Punjab,Wild Stone,Wild Stone Code Platinum,Men,1,1420.0,20.3,1131.74,UPI,Delivered
ORD102641,2026-04-05,CUST00175,Pari Joshi,Surat,Gujarat,Dior,Sauvage Elixir,Men,4,8460.0,12.2,29711.52,Cash on Delivery,Delivered
ORD102642,2026-04-05,CUST00440,Tanvi Krishnan,Jaipur,Rajasthan,Calvin Klein,Euphoria,Women,2,6760.0,12.4,11843.52,Cash on Delivery,Delivered
ORD102643,2026-04-05,CUST00886,Anjali Malhotra,Hyderabad,Telangana,Armani,Si Passione,Women,1,6730.0,11.2,5976.24,Credit Card,Delivered
ORD102644,2026-04-05,CUST00281,Kavya Desai,Pune,Maharashtra,Calvin Klein,Obsession,Men,1,5380.0,7.0,5003.4,UPI,Delivered
ORD102645,2026-04-05,CUST01218,Ashok Gupta,Surat,Gujarat,Wild Stone,Wild Stone Hunter,Men,2,1230.0,29.9,1724.46,Debit Card,Delivered
ORD102646,2026-04-05,CUST00156,Sai Krishnan,Delhi,Delhi,Wild Stone,Wild Stone Code Platinum,Men,2,1040.0,25.3,1553.76,Cash on Delivery,Delivered
ORD102647,2026-04-05,CUST00064,Sai Verma,Bengaluru,Karnataka,Versace,Bright Crystal,Women,1,9290.0,4.2,8899.82,UPI,Delivered
ORD102648,2026-04-06,CUST00217,Geeta Banerjee,Bhopal,Madhya Pradesh,Zara,Zara Man Gold,Men,1,2470.0,14.0,2124.2,Credit Card,Delivered
ORD102649,2026-04-06,CUST01167,Tanvi Kulkarni,Chennai,Tamil Nadu,Gucci,Gucci Bloom,Women,1,9170.0,18.8,7446.04,Credit Card,Delivered
ORD102650,2026-04-07,CUST00310,Aarav Chatterjee,Pune,Maharashtra,Fogg,Fogg Femme,Women,4,980.0,19.1,3171.28,UPI,Returned
ORD102651,2026-04-07,CUST00985,Amit Kulkarni,Jaipur,Rajasthan,Ajmal,Ajmal Evoke,Unisex,1,2480.0,24.0,1884.8,UPI,Delivered
ORD102652,2026-04-08,CUST00729,Vikram Das,Delhi,Delhi,Burberry,Her,Women,2,8740.0,13.4,15137.68,UPI,Delivered
ORD102653,2026-04-08,CUST01156,Rahul Bansal,Nagpur,Maharashtra,Versace,Eros,Men,2,7770.0,7.5,14374.5,Credit Card,Delivered
ORD102654,2026-04-08,CUST00467,Aditi Kulkarni,Indore,Madhya Pradesh,Dior,J'adore,Women,5,6030.0,13.7,26019.45,Credit Card,Delivered
ORD102655,2026-04-09,CUST00672,Preeti Pillai,Kolkata,West Bengal,Calvin Klein,CK One,Unisex,1,5380.0,10.2,4831.24,UPI,Delivered
ORD102656,2026-04-10,CUST00694,Aadhya Menon,Lucknow,Uttar Pradesh,Fogg,Fogg Femme,Women,1,1720.0,1.0,1702.8,UPI,Cancelled
ORD102657,2026-04-10,CUST01050,Manoj Verma,Delhi,Delhi,Ajmal,Ajmal Wisal,Women,4,2450.0,13.4,8486.8,Cash on Delivery,Delivered
ORD102658,2026-04-10,CUST00354,Amit Yadav,Mumbai,Maharashtra,Ajmal,Ajmal Wisal,Women,1,1380.0,18.8,1120.56,UPI,Delivered
ORD102659,2026-04-10,CUST00401,Kabir Choudhary,Nashik,Maharashtra,Dior,Miss Dior,Women,4,10730.0,19.4,34593.52,Cash on Delivery,Delivered
ORD102660,2026-04-10,CUST00861,Sunil Das,Patna,Bihar,Zara,Zara Unisex Oud,Unisex,1,2470.0,5.7,2329.21,UPI,Returned
ORD102661,2026-04-11,CUST00227,Kabir Menon,Chennai,Tamil Nadu,Wild Stone,Wild Stone Code Platinum,Men,2,1470.0,21.5,2307.9,UPI,Delivered
ORD102662,2026-04-11,CUST01209,Sai Mukherjee,Nagpur,Maharashtra,Burberry,Her,Women,1,4540.0,4.3,4344.78,UPI,Delivered
ORD102663,2026-04-11,CUST00799,Aryan Mukherjee,Delhi,Delhi,Zara,Zara Man Gold,Men,2,2170.0,3.7,4179.42,Net Banking,Delivered
ORD102664,2026-04-11,CUST00044,Anil Verma,Nagpur,Maharashtra,Calvin Klein,Euphoria,Women,1,4400.0,17.4,3634.4,Debit Card,Returned
ORD102665,2026-04-12,CUST00347,Ira Patel,Kolkata,West Bengal,Zara,Zara Man Gold,Men,1,2540.0,11.1,2258.06,Credit Card,Delivered
ORD102666,2026-04-12,CUST00893,Krishna Mehta,Delhi,Delhi,Zara,Zara Unisex Oud,Unisex,3,1290.0,8.2,3552.66,Cash on Delivery,Cancelled
ORD102667,2026-04-12,CUST01151,Deepak Nair,Bengaluru,Karnataka,Fogg,Fogg Scent Xpressio,Men,3,1540.0,17.2,3825.36,UPI,Delivered
ORD102668,2026-04-13,CUST00890,Suresh Kumar,Pune,Maharashtra,Wild Stone,Wild Stone Hunter,Men,2,1350.0,8.1,2481.3,Debit Card,Cancelled
ORD102669,2026-04-13,CUST00227,Kabir Menon,Chennai,Tamil Nadu,Armani,Si Passione,Women,2,5780.0,3.7,11132.28,UPI,Delivered
ORD102670,2026-04-14,CUST01087,Kabir Gupta,Delhi,Delhi,Dior,Miss Dior,Women,1,11260.0,16.8,9368.32,Cash on Delivery,Cancelled
ORD102671,2026-04-14,CUST00539,Manoj Choudhary,Bengaluru,Karnataka,Wild Stone,Wild Stone Hunter,Men,1,1190.0,22.4,923.44,Debit Card,Delivered
ORD102672,2026-04-14,CUST00631,Ishaan Bansal,Surat,Gujarat,Gucci,Gucci Guilty,Unisex,3,8390.0,7.9,23181.57,Debit Card,Delivered
ORD102673,2026-04-14,CUST00294,Sai Chatterjee,Kolkata,West Bengal,Wild Stone,Wild Stone Hunter,Men,3,1360.0,28.9,2900.88,UPI,Delivered
ORD102674,2026-04-14,CUST00627,Suresh Chatterjee,Jaipur,Rajasthan,Zara,Zara Woman Rose,Women,1,2160.0,22.0,1684.8,UPI,Delivered
ORD102675,2026-04-15,CUST00450,Lakshmi Naidu,Mumbai,Maharashtra,Zara,Zara Unisex Oud,Unisex,2,2110.0,14.5,3608.1,Credit Card,Delivered
ORD102676,2026-04-15,CUST01145,Meera Desai,Visakhapatnam,Andhra Pradesh,Wild Stone,Wild Stone Code Platinum,Men,2,1520.0,0.5,3024.8,Credit Card,Delivered
ORD102677,2026-04-16,CUST01245,Ishaan Choudhary,Mumbai,Maharashtra,Wild Stone,Wild Stone Hunter,Men,3,950.0,1.9,2795.85,Cash on Delivery,Delivered
ORD102678,2026-04-16,CUST00992,Ramesh Reddy,Lucknow,Uttar Pradesh,Calvin Klein,Obsession,Men,1,6750.0,10.2,6061.5,UPI,Delivered
ORD102679,2026-04-16,CUST01078,Ayaan Sharma,Mumbai,Maharashtra,Dior,Miss Dior,Women,1,9610.0,2.8,9340.92,UPI,Cancelled
ORD102680,2026-04-16,CUST00227,Kabir Menon,Chennai,Tamil Nadu,Gucci,Gucci Flora,Women,4,7750.0,19.4,24986.0,UPI,Delivered
ORD102681,2026-04-16,CUST00829,Vivaan Joshi,Hyderabad,Telangana,Fogg,Fogg Scent Xpressio,Men,2,1370.0,29.7,1926.22,UPI,Delivered
ORD102682,2026-04-17,CUST00523,Pari Naidu,Kochi,Kerala,Zara,Zara Man Gold,Men,4,1130.0,16.8,3760.64,UPI,Delivered
ORD102683,2026-04-17,CUST00537,Divya Shah,Hyderabad,Telangana,Wild Stone,Wild Stone Hunter,Men,2,1510.0,19.1,2443.18,Debit Card,Delivered
ORD102684,2026-04-17,CUST00798,Swati Yadav,Pune,Maharashtra,Tom Ford,Black Orchid,Unisex,3,8990.0,16.1,22627.83,Debit Card,Cancelled
ORD102685,2026-04-17,CUST00992,Ramesh Reddy,Lucknow,Uttar Pradesh,Fogg,Fogg Femme,Women,4,1800.0,4.5,6876.0,Credit Card,Delivered
ORD102686,2026-04-17,CUST00443,Nisha Shah,Chandigarh,Punjab,Fogg,Fogg Femme,Women,3,910.0,21.6,2140.32,Cash on Delivery,Delivered
ORD102687,2026-04-18,CUST00916,Preeti Choudhary,Lucknow,Uttar Pradesh,Zara,Zara Unisex Oud,Unisex,1,2480.0,4.8,2360.96,Cash on Delivery,Delivered
ORD102688,2026-04-18,CUST01040,Meera Choudhary,Mumbai,Maharashtra,Zara,Zara Unisex Oud,Unisex,1,2350.0,10.1,2112.65,UPI,Cancelled
ORD102689,2026-04-18,CUST00014,Myra Reddy,Hyderabad,Telangana,Wild Stone,Wild Stone Hunter,Men,5,990.0,29.9,3469.95,Credit Card,Cancelled
ORD102690,2026-04-19,CUST00522,Meera Banerjee,Kochi,Kerala,Dior,J'adore,Women,1,7790.0,20.8,6169.68,UPI,Delivered
ORD102691,2026-04-19,CUST00099,Swati Mukherjee,Nagpur,Maharashtra,Burberry,Hero,Men,1,6900.0,18.9,5595.9,Credit Card,Returned
ORD102692,2026-04-19,CUST00868,Ramesh Yadav,Bengaluru,Karnataka,Wild Stone,Wild Stone Hunter,Men,2,1550.0,19.2,2504.8,Credit Card,Delivered
ORD102693,2026-04-19,CUST01070,Deepak Gupta,Mumbai,Maharashtra,Ajmal,Ajmal Amber Wood,Men,3,1250.0,23.6,2865.0,UPI,Delivered
ORD102694,2026-04-20,CUST00280,Preeti Kumar,Chandigarh,Punjab,Zara,Zara Unisex Oud,Unisex,2,1500.0,29.9,2103.0,UPI,Delivered
ORD102695,2026-04-20,CUST00100,Rohan Desai,Kolkata,West Bengal,Calvin Klein,Euphoria,Women,3,6770.0,18.6,16532.34,Debit Card,Returned
ORD102696,2026-04-20,CUST00437,Tanvi Shah,Patna,Bihar,Chanel,Chanel No. 5,Women,1,11650.0,18.7,9471.45,Debit Card,Delivered
ORD102697,2026-04-21,CUST00457,Preeti Pillai,Hyderabad,Telangana,Calvin Klein,CK One,Unisex,4,3400.0,1.4,13409.6,Net Banking,Delivered
ORD102698,2026-04-22,CUST00057,Rajesh Shah,Nagpur,Maharashtra,Ajmal,Ajmal Evoke,Unisex,1,1740.0,21.7,1362.42,Debit Card,Delivered
ORD102699,2026-04-22,CUST00964,Ashok Yadav,Hyderabad,Telangana,Zara,Zara Unisex Oud,Unisex,1,1450.0,22.0,1131.0,Credit Card,Delivered
ORD102700,2026-04-23,CUST01127,Rahul Menon,Kolkata,West Bengal,Zara,Zara Unisex Oud,Unisex,3,1250.0,26.5,2756.25,Credit Card,Delivered
ORD102701,2026-04-23,CUST00535,Anil Desai,Kochi,Kerala,Zara,Zara Man Gold,Men,4,2150.0,23.6,6570.4,UPI,Delivered
ORD102702,2026-04-23,CUST01245,Ishaan Choudhary,Mumbai,Maharashtra,Ajmal,Ajmal Wisal,Women,3,2890.0,23.1,6667.23,UPI,Delivered
ORD102703,2026-04-23,CUST00904,Amit Mehta,Hyderabad,Telangana,Zara,Zara Woman Rose,Women,2,1370.0,21.4,2153.64,Net Banking,Delivered
ORD102704,2026-04-23,CUST00199,Sanya Mehta,Mumbai,Maharashtra,Armani,Acqua di Gio,Men,2,6560.0,7.5,12136.0,Credit Card,Delivered
ORD102705,2026-04-23,CUST00642,Sanya Rao,Ahmedabad,Gujarat,Calvin Klein,CK One,Unisex,2,6840.0,9.3,12407.76,UPI,Returned
ORD102706,2026-04-23,CUST00255,Sunil Agarwal,Mumbai,Maharashtra,Ajmal,Ajmal Amber Wood,Men,4,2440.0,16.2,8178.88,Cash on Delivery,Delivered
ORD102707,2026-04-23,CUST00612,Vihaan Naidu,Delhi,Delhi,Zara,Zara Man Gold,Men,1,1920.0,13.3,1664.64,UPI,Delivered
ORD102708,2026-04-24,CUST01170,Karan Kumar,Delhi,Delhi,Chanel,Chanel No. 5,Women,1,6190.0,9.8,5583.38,Credit Card,Delivered
ORD102709,2026-04-24,CUST00560,Sneha Mishra,Chennai,Tamil Nadu,Dior,J'adore,Women,2,5580.0,19.5,8983.8,Credit Card,Delivered
ORD102710,2026-04-24,CUST00211,Sanjay Singh,Kolkata,West Bengal,Versace,Dylan Blue,Men,1,4900.0,9.5,4434.5,Cash on Delivery,Delivered
ORD102711,2026-04-24,CUST00264,Vivaan Malhotra,Hyderabad,Telangana,Burberry,Her,Women,1,6730.0,13.7,5807.99,Credit Card,Delivered
ORD102712,2026-04-25,CUST00715,Pooja Patel,Chandigarh,Punjab,Tom Ford,Tobacco Vanille,Unisex,1,10610.0,0.5,10556.95,UPI,Delivered
ORD102713,2026-04-25,CUST00453,Anika Iyer,Bengaluru,Karnataka,Fogg,Fogg Scent Xpressio,Men,2,1020.0,18.3,1666.68,Net Banking,Delivered
ORD102714,2026-04-25,CUST01109,Nikhil Pillai,Jaipur,Rajasthan,Calvin Klein,Euphoria,Women,1,5040.0,8.9,4591.44,UPI,Cancelled
ORD102715,2026-04-25,CUST00187,Ira Chatterjee,Hyderabad,Telangana,Armani,Code,Men,1,7070.0,1.6,6956.88,UPI,Delivered
ORD102716,2026-04-26,CUST00415,Vikram Malhotra,Coimbatore,Tamil Nadu,Fogg,Fogg Femme,Women,1,1440.0,3.7,1386.72,Debit Card,Cancelled
ORD102717,2026-04-26,CUST00337,Arjun Bansal,Bengaluru,Karnataka,Burberry,Hero,Men,5,7000.0,3.9,33635.0,Credit Card,Delivered
ORD102718,2026-04-26,CUST01166,Myra Desai,Ahmedabad,Gujarat,Wild Stone,Wild Stone Hunter,Men,3,1400.0,9.4,3805.2,UPI,Delivered
ORD102719,2026-04-26,CUST01112,Rajesh Shah,Bengaluru,Karnataka,Wild Stone,Wild Stone Code Platinum,Men,1,1290.0,19.7,1035.87,UPI,Delivered
ORD102720,2026-04-27,CUST00795,Nikhil Kulkarni,Kochi,Kerala,Calvin Klein,Euphoria,Women,1,6950.0,0.0,6950.0,Net Banking,Returned
ORD102721,2026-04-27,CUST01218,Ashok Gupta,Surat,Gujarat,Ajmal,Ajmal Evoke,Unisex,2,3010.0,8.1,5532.38,Cash on Delivery,Delivered
ORD102722,2026-04-27,CUST00856,Sneha Mehta,Kolkata,West Bengal,Ajmal,Ajmal Amber Wood,Men,3,2090.0,0.3,6251.19,UPI,Delivered
ORD102723,2026-04-27,CUST01116,Isha Singh,Coimbatore,Tamil Nadu,Ajmal,Ajmal Amber Wood,Men,1,1150.0,10.8,1025.8,Debit Card,Delivered
ORD102724,2026-04-28,CUST00760,Saanvi Agarwal,Mumbai,Maharashtra,Armani,Acqua di Gio,Men,4,4460.0,12.1,15681.36,Net Banking,Delivered
ORD102725,2026-04-28,CUST00461,Yash Krishnan,Patna,Bihar,Fogg,Fogg Femme,Women,1,1680.0,15.4,1421.28,Credit Card,Delivered
ORD102726,2026-04-28,CUST00404,Kiran Naidu,Delhi,Delhi,Versace,Dylan Blue,Men,4,3630.0,12.6,12690.48,UPI,Delivered
ORD102727,2026-04-29,CUST01246,Myra Gupta,Surat,Gujarat,Versace,Bright Crystal,Women,2,4360.0,9.2,7917.76,Cash on Delivery,Delivered
ORD102728,2026-04-30,CUST00750,Sanjay Agarwal,Delhi,Delhi,Dior,Sauvage Elixir,Men,3,9830.0,9.8,26599.98,Cash on Delivery,Delivered
ORD102729,2026-04-30,CUST00875,Swati Rathi,Kochi,Kerala,Chanel,Bleu de Chanel,Men,3,6590.0,7.4,18307.02,UPI,Delivered
ORD102730,2026-04-30,CUST00199,Sanya Mehta,Mumbai,Maharashtra,Versace,Bright Crystal,Women,1,8540.0,19.6,6866.16,UPI,Delivered
ORD102731,2026-04-30,CUST00103,Myra Patel,Coimbatore,Tamil Nadu,Ajmal,Ajmal Wisal,Women,2,3060.0,29.3,4326.84,Net Banking,Delivered
ORD102732,2026-04-30,CUST00964,Ashok Yadav,Hyderabad,Telangana,Versace,Bright Crystal,Women,2,6010.0,1.6,11827.68,UPI,Delivered
ORD102733,2026-04-30,CUST00894,Kavya Agarwal,Bengaluru,Karnataka,Zara,Zara Woman Rose,Women,3,1740.0,15.5,4410.9,UPI,Delivered
ORD102734,2026-04-30,CUST01052,Dhruv Yadav,Delhi,Delhi,Wild Stone,Wild Stone Code Platinum,Men,2,1090.0,22.6,1687.32,Debit Card,Delivered
ORD102735,2026-04-30,CUST00211,Sanjay Singh,Kolkata,West Bengal,Chanel,Bleu de Chanel,Men,1,7790.0,10.4,6979.84,Cash on Delivery,Delivered
ORD102736,2026-05-02,CUST00904,Amit Mehta,Hyderabad,Telangana,Ajmal,Ajmal Amber Wood,Men,1,1290.0,1.8,1266.78,Credit Card,Delivered
ORD102737,2026-05-02,CUST01246,Myra Gupta,Surat,Gujarat,Calvin Klein,CK One,Unisex,4,3360.0,8.4,12311.04,Debit Card,Delivered
ORD102738,2026-05-02,CUST00064,Sai Verma,Bengaluru,Karnataka,Chanel,Chanel No. 5,Women,1,11120.0,8.2,10208.16,Debit Card,Delivered
ORD102739,2026-05-02,CUST00758,Pooja Desai,Lucknow,Uttar Pradesh,Burberry,Hero,Men,3,7020.0,17.6,17353.44,Net Banking,Delivered
ORD102740,2026-05-03,CUST00405,Preeti Naidu,Pune,Maharashtra,Fogg,Fogg Scent Xpressio,Men,1,1560.0,8.7,1424.28,UPI,Delivered
ORD102741,2026-05-03,CUST00868,Ramesh Yadav,Bengaluru,Karnataka,Ajmal,Ajmal Amber Wood,Men,1,2350.0,3.0,2279.5,Cash on Delivery,Delivered
ORD102742,2026-05-03,CUST00532,Vihaan Yadav,Visakhapatnam,Andhra Pradesh,Ajmal,Ajmal Wisal,Women,1,1140.0,4.0,1094.4,UPI,Delivered
ORD102743,2026-05-03,CUST00362,Sneha Shah,Jaipur,Rajasthan,Wild Stone,Wild Stone Code Platinum,Men,2,1320.0,14.5,2257.2,Debit Card,Cancelled
ORD102744,2026-05-04,CUST00154,Anjali Desai,Nashik,Maharashtra,Fogg,Fogg Femme,Women,2,1630.0,4.4,3116.56,UPI,Delivered
ORD102745,2026-05-04,CUST00874,Swati Iyer,Chennai,Tamil Nadu,Tom Ford,Tobacco Vanille,Unisex,2,9740.0,15.1,16538.52,Credit Card,Returned
ORD102746,2026-05-04,CUST01097,Divya Rao,Hyderabad,Telangana,Zara,Zara Man Gold,Men,5,1310.0,2.3,6399.35,UPI,Delivered
ORD102747,2026-05-04,CUST00753,Lakshmi Choudhary,Mumbai,Maharashtra,Ajmal,Ajmal Wisal,Women,2,1180.0,3.7,2272.68,UPI,Delivered
ORD102748,2026-05-04,CUST01092,Ayaan Rao,Hyderabad,Telangana,Ajmal,Ajmal Amber Wood,Men,2,2040.0,17.9,3349.68,UPI,Delivered
ORD102749,2026-05-04,CUST00875,Swati Rathi,Kochi,Kerala,Zara,Zara Unisex Oud,Unisex,1,1740.0,28.6,1242.36,Net Banking,Delivered
ORD102750,2026-05-05,CUST00785,Varun Naidu,Mumbai,Maharashtra,Wild Stone,Wild Stone Code Platinum,Men,1,1110.0,15.1,942.39,Credit Card,Delivered
ORD102751,2026-05-05,CUST01059,Sanjay Banerjee,Mumbai,Maharashtra,Calvin Klein,CK One,Unisex,1,3730.0,1.4,3677.78,UPI,Delivered
ORD102752,2026-05-05,CUST00894,Kavya Agarwal,Bengaluru,Karnataka,Versace,Bright Crystal,Women,2,6880.0,15.1,11682.24,UPI,Delivered
ORD102753,2026-05-05,CUST00868,Ramesh Yadav,Bengaluru,Karnataka,Zara,Zara Man Gold,Men,1,1660.0,18.6,1351.24,Cash on Delivery,Delivered
ORD102754,2026-05-05,CUST00513,Deepak Malhotra,Kolkata,West Bengal,Zara,Zara Man Gold,Men,1,1280.0,16.6,1067.52,UPI,Delivered
ORD102755,2026-05-06,CUST00579,Saanvi Iyer,Chandigarh,Punjab,Dior,Sauvage Elixir,Men,1,8010.0,2.3,7825.77,UPI,Returned
ORD102756,2026-05-06,CUST01145,Meera Desai,Visakhapatnam,Andhra Pradesh,Versace,Dylan Blue,Men,2,4280.0,6.1,8037.84,Credit Card,Delivered
ORD102757,2026-05-06,CUST00397,Kiran Mukherjee,Hyderabad,Telangana,Ajmal,Ajmal Evoke,Unisex,1,3040.0,1.6,2991.36,Debit Card,Delivered
ORD102758,2026-05-06,CUST00619,Sunil Mehta,Jaipur,Rajasthan,Zara,Zara Man Gold,Men,2,2300.0,13.1,3997.4,UPI,Delivered
ORD102759,2026-05-07,CUST00664,Preeti Menon,Indore,Madhya Pradesh,Ajmal,Ajmal Amber Wood,Men,2,2420.0,11.3,4293.08,UPI,Delivered
ORD102760,2026-05-07,CUST00670,Deepak Agarwal,Hyderabad,Telangana,Zara,Zara Man Gold,Men,4,1060.0,20.9,3353.84,Cash on Delivery,Delivered
ORD102761,2026-05-07,CUST01218,Ashok Gupta,Surat,Gujarat,Ajmal,Ajmal Wisal,Women,5,2870.0,4.7,13675.55,UPI,Delivered
ORD102762,2026-05-07,CUST01236,Manoj Rathi,Ahmedabad,Gujarat,Calvin Klein,Obsession,Men,1,6340.0,11.5,5610.9,Debit Card,Delivered
ORD102763,2026-05-07,CUST00893,Krishna Mehta,Delhi,Delhi,Wild Stone,Wild Stone Hunter,Men,4,1520.0,8.7,5551.04,UPI,Delivered
ORD102764,2026-05-07,CUST00522,Meera Banerjee,Kochi,Kerala,Chanel,Coco Mademoiselle,Women,3,6050.0,8.0,16698.0,Cash on Delivery,Returned
ORD102765,2026-05-07,CUST00044,Anil Verma,Nagpur,Maharashtra,Wild Stone,Wild Stone Hunter,Men,2,1470.0,15.6,2481.36,UPI,Delivered
ORD102766,2026-05-07,CUST00437,Tanvi Shah,Patna,Bihar,Ajmal,Ajmal Wisal,Women,1,2980.0,18.6,2425.72,UPI,Delivered
ORD102767,2026-05-07,CUST00694,Aadhya Menon,Lucknow,Uttar Pradesh,Zara,Zara Unisex Oud,Unisex,1,2470.0,2.2,2415.66,Cash on Delivery,Delivered
ORD102768,2026-05-07,CUST00154,Anjali Desai,Nashik,Maharashtra,Zara,Zara Woman Rose,Women,2,2240.0,1.8,4399.36,Credit Card,Delivered
ORD102769,2026-05-08,CUST00932,Vivaan Kulkarni,Bengaluru,Karnataka,Versace,Bright Crystal,Women,3,4110.0,7.5,11405.25,Cash on Delivery,Delivered
ORD102770,2026-05-08,CUST00606,Reyansh Mishra,Ahmedabad,Gujarat,Ajmal,Ajmal Wisal,Women,1,2960.0,23.1,2276.24,Debit Card,Delivered
ORD102771,2026-05-09,CUST00764,Sunil Rao,Chennai,Tamil Nadu,Zara,Zara Woman Rose,Women,1,1690.0,29.9,1184.69,Cash on Delivery,Delivered
ORD102772,2026-05-09,CUST00676,Dhruv Pillai,Delhi,Delhi,Armani,Si Passione,Women,3,6900.0,20.5,16456.5,UPI,Delivered
ORD102773,2026-05-09,CUST00618,Preeti Shah,Chennai,Tamil Nadu,Calvin Klein,Euphoria,Women,4,4990.0,11.2,17724.48,Credit Card,Delivered
ORD102774,2026-05-09,CUST00392,Riya Kumar,Kolkata,West Bengal,Armani,Si Passione,Women,4,8910.0,14.9,30329.64,Net Banking,Delivered
ORD102775,2026-05-09,CUST00679,Varun Reddy,Mumbai,Maharashtra,Wild Stone,Wild Stone Hunter,Men,1,1520.0,4.8,1447.04,Credit Card,Delivered
ORD102776,2026-05-09,CUST00206,Sanjay Kulkarni,Jaipur,Rajasthan,Wild Stone,Wild Stone Code Platinum,Men,5,920.0,17.1,3813.4,Net Banking,Delivered
ORD102777,2026-05-09,CUST00883,Swati Malhotra,Mumbai,Maharashtra,Dior,Miss Dior,Women,1,10170.0,1.6,10007.28,UPI,Delivered
ORD102778,2026-05-10,CUST00518,Divya Singh,Hyderabad,Telangana,Tom Ford,Tobacco Vanille,Unisex,1,8290.0,11.7,7320.07,UPI,Delivered
ORD102779,2026-05-10,CUST00026,Manoj Patel,Surat,Gujarat,Fogg,Fogg Femme,Women,4,970.0,21.5,3045.8,Debit Card,Returned
ORD102780,2026-05-10,CUST00302,Rahul Menon,Delhi,Delhi,Wild Stone,Wild Stone Hunter,Men,3,1350.0,21.8,3167.1,UPI,Delivered
ORD102781,2026-05-11,CUST00825,Sanya Banerjee,Nagpur,Maharashtra,Ajmal,Ajmal Wisal,Women,2,3030.0,2.5,5908.5,UPI,Delivered
ORD102782,2026-05-11,CUST00391,Manoj Choudhary,Kochi,Kerala,Versace,Eros,Men,1,4590.0,8.1,4218.21,Credit Card,Delivered
ORD102783,2026-05-11,CUST01180,Nikhil Verma,Bengaluru,Karnataka,Fogg,Fogg Scent Xpressio,Men,3,1770.0,5.2,5033.88,Credit Card,Delivered
ORD102784,2026-05-12,CUST01234,Shreya Patel,Pune,Maharashtra,Ajmal,Ajmal Evoke,Unisex,2,2930.0,25.5,4365.7,UPI,Delivered
ORD102785,2026-05-12,CUST00873,Ishaan Sharma,Kochi,Kerala,Chanel,Coco Mademoiselle,Women,1,5480.0,16.4,4581.28,UPI,Delivered
ORD102786,2026-05-12,CUST01145,Meera Desai,Visakhapatnam,Andhra Pradesh,Armani,Si Passione,Women,1,5150.0,2.3,5031.55,UPI,Delivered
ORD102787,2026-05-12,CUST00109,Vihaan Banerjee,Hyderabad,Telangana,Calvin Klein,Obsession,Men,1,3170.0,15.5,2678.65,Cash on Delivery,Delivered
ORD102788,2026-05-13,CUST00669,Saanvi Malhotra,Chandigarh,Punjab,Chanel,Coco Mademoiselle,Women,2,9680.0,8.0,17811.2,UPI,Returned
ORD102789,2026-05-13,CUST00457,Preeti Pillai,Hyderabad,Telangana,Versace,Dylan Blue,Men,3,7770.0,19.8,18694.62,UPI,Delivered
ORD102790,2026-05-13,CUST00732,Tanvi Verma,Mumbai,Maharashtra,Ajmal,Ajmal Evoke,Unisex,1,2250.0,17.8,1849.5,Cash on Delivery,Delivered
ORD102791,2026-05-13,CUST01130,Ira Naidu,Chandigarh,Punjab,Wild Stone,Wild Stone Hunter,Men,1,810.0,22.6,626.94,UPI,Delivered
ORD102792,2026-05-13,CUST00990,Ananya Shah,Visakhapatnam,Andhra Pradesh,Tom Ford,Tobacco Vanille,Unisex,2,8510.0,17.9,13973.42,UPI,Delivered
ORD102793,2026-05-13,CUST00115,Krishna Rathi,Pune,Maharashtra,Zara,Zara Unisex Oud,Unisex,5,2520.0,24.7,9487.8,Credit Card,Delivered
ORD102794,2026-05-13,CUST00403,Ananya Krishnan,Delhi,Delhi,Versace,Eros,Men,2,5180.0,10.2,9303.28,Credit Card,Cancelled
ORD102795,2026-05-14,CUST00756,Shreya Gupta,Mumbai,Maharashtra,Ajmal,Ajmal Wisal,Women,1,3000.0,29.9,2103.0,Net Banking,Delivered
ORD102796,2026-05-14,CUST00535,Anil Desai,Kochi,Kerala,Zara,Zara Woman Rose,Women,2,2620.0,5.8,4936.08,Debit Card,Returned
ORD102797,2026-05-14,CUST00211,Sanjay Singh,Kolkata,West Bengal,Chanel,Chanel No. 5,Women,3,6670.0,6.0,18809.4,Debit Card,Delivered
ORD102798,2026-05-15,CUST00437,Tanvi Shah,Patna,Bihar,Fogg,Fogg Scent Xpressio,Men,2,1250.0,26.1,1847.5,Debit Card,Delivered
ORD102799,2026-05-15,CUST00039,Rahul Rao,Bengaluru,Karnataka,Tom Ford,Tobacco Vanille,Unisex,1,6240.0,9.7,5634.72,Cash on Delivery,Delivered
ORD102800,2026-05-15,CUST01077,Meera Kumar,Kolkata,West Bengal,Armani,Si Passione,Women,1,7680.0,19.7,6167.04,Credit Card,Delivered
ORD102801,2026-05-16,CUST00348,Sneha Naidu,Mumbai,Maharashtra,Wild Stone,Wild Stone Hunter,Men,2,860.0,22.8,1327.84,UPI,Delivered
ORD102802,2026-05-16,CUST01127,Rahul Menon,Kolkata,West Bengal,Fogg,Fogg Femme,Women,1,930.0,9.1,845.37,Credit Card,Delivered
ORD102803,2026-05-16,CUST00911,Krishna Agarwal,Ahmedabad,Gujarat,Versace,Bright Crystal,Women,1,7910.0,14.6,6755.14,Credit Card,Delivered
ORD102804,2026-05-16,CUST01213,Lakshmi Rathi,Lucknow,Uttar Pradesh,Gucci,Gucci Bloom,Women,2,6660.0,5.1,12640.68,UPI,Delivered
ORD102805,2026-05-16,CUST00183,Manoj Malhotra,Chennai,Tamil Nadu,Armani,Si Passione,Women,1,3700.0,19.8,2967.4,Debit Card,Cancelled
ORD102806,2026-05-16,CUST00753,Lakshmi Choudhary,Mumbai,Maharashtra,Tom Ford,Tobacco Vanille,Unisex,1,10180.0,7.0,9467.4,UPI,Delivered
ORD102807,2026-05-17,CUST00669,Saanvi Malhotra,Delhi,Delhi,Calvin Klein,Euphoria,Women,1,6110.0,0.5,6079.45,UPI,Delivered
ORD102808,2026-05-17,CUST00973,Lakshmi Singh,Hyderabad,Telangana,Gucci,Gucci Bloom,Women,2,9490.0,8.5,17366.7,UPI,Delivered
ORD102809,2026-05-17,CUST00732,Tanvi Verma,Ahmedabad,Gujarat,Tom Ford,Black Orchid,Unisex,4,8050.0,1.0,31878.0,UPI,Delivered
ORD102810,2026-05-17,CUST00890,Suresh Kumar,Surat,Gujarat,Burberry,Hero,Men,1,6670.0,18.9,5409.37,UPI,Delivered
ORD102811,2026-05-17,CUST00648,Sanya Shah,Lucknow,Uttar Pradesh,Wild Stone,Wild Stone Code Platinum,Men,1,1010.0,23.0,777.7,Credit Card,Delivered
ORD102812,2026-05-17,CUST00926,Vikram Nair,Coimbatore,Tamil Nadu,Wild Stone,Wild Stone Hunter,Men,1,870.0,4.3,832.59,Cash on Delivery,Delivered
ORD102813,2026-05-17,CUST00550,Anjali Rao,Pune,Maharashtra,Zara,Zara Unisex Oud,Unisex,3,1510.0,23.2,3479.04,Cash on Delivery,Delivered
ORD102814,2026-05-18,CUST00415,Vikram Malhotra,Hyderabad,Telangana,Ajmal,Ajmal Wisal,Women,1,1070.0,17.8,879.54,UPI,Delivered
ORD102815,2026-05-18,CUST00580,Sanya Naidu,Indore,Madhya Pradesh,Ajmal,Ajmal Amber Wood,Men,3,2730.0,14.8,6977.88,UPI,Delivered
ORD102816,2026-05-18,CUST00975,Myra Iyer,Lucknow,Uttar Pradesh,Calvin Klein,Obsession,Men,2,2830.0,11.2,5026.08,UPI,Delivered
ORD102817,2026-05-18,CUST00108,Vihaan Yadav,Lucknow,Uttar Pradesh,Zara,Zara Woman Rose,Women,1,1190.0,2.0,1166.2,Credit Card,Delivered
ORD102818,2026-05-18,CUST00886,Anjali Malhotra,Hyderabad,Telangana,Ajmal,Ajmal Evoke,Unisex,2,2670.0,12.3,4683.18,Debit Card,Delivered
ORD102819,2026-05-19,CUST00539,Manoj Choudhary,Bengaluru,Karnataka,Ajmal,Ajmal Wisal,Women,4,820.0,5.8,3089.76,Cash on Delivery,Delivered
ORD102820,2026-05-19,CUST00428,Rahul Naidu,Bengaluru,Karnataka,Burberry,Hero,Men,2,8000.0,2.9,15536.0,Cash on Delivery,Returned
ORD102821,2026-05-19,CUST00823,Neha Rao,Hyderabad,Telangana,Zara,Zara Man Gold,Men,4,2070.0,24.9,6218.28,Credit Card,Delivered
ORD102822,2026-05-20,CUST00724,Pari Patel,Ahmedabad,Gujarat,Ajmal,Ajmal Wisal,Women,1,2300.0,13.9,1980.3,UPI,Delivered
ORD102823,2026-05-20,CUST00875,Swati Rathi,Kochi,Kerala,Wild Stone,Wild Stone Hunter,Men,5,1170.0,16.7,4873.05,Credit Card,Delivered
ORD102824,2026-05-20,CUST00875,Swati Rathi,Kochi,Kerala,Chanel,Bleu de Chanel,Men,1,10500.0,14.7,8956.5,UPI,Delivered
ORD102825,2026-05-21,CUST01052,Dhruv Yadav,Delhi,Delhi,Armani,Acqua di Gio,Men,1,4170.0,1.6,4103.28,UPI,Delivered
ORD102826,2026-05-21,CUST00960,Aditya Kulkarni,Chennai,Tamil Nadu,Armani,Si Passione,Women,3,4600.0,3.8,13275.6,Credit Card,Delivered
ORD102827,2026-05-21,CUST00823,Neha Rao,Hyderabad,Telangana,Ajmal,Ajmal Wisal,Women,4,990.0,6.9,3686.76,Credit Card,Returned
ORD102828,2026-05-22,CUST00100,Rohan Desai,Kolkata,West Bengal,Dior,Miss Dior,Women,1,11640.0,13.9,10022.04,UPI,Delivered
ORD102829,2026-05-22,CUST00578,Nikhil Reddy,Chennai,Tamil Nadu,Ajmal,Ajmal Wisal,Women,1,2700.0,9.0,2457.0,Credit Card,Returned
ORD102830,2026-05-22,CUST00842,Anika Chatterjee,Bengaluru,Karnataka,Fogg,Fogg Scent Xpressio,Men,1,850.0,8.2,780.3,Credit Card,Delivered
ORD102831,2026-05-22,CUST00573,Aadhya Gupta,Chennai,Tamil Nadu,Fogg,Fogg Femme,Women,5,1120.0,2.2,5476.8,UPI,Delivered
ORD102832,2026-05-23,CUST00494,Aditi Nair,Indore,Madhya Pradesh,Gucci,Gucci Guilty,Unisex,3,7330.0,0.5,21880.05,UPI,Delivered
ORD102833,2026-05-23,CUST01162,Preeti Mishra,Ahmedabad,Gujarat,Ajmal,Ajmal Amber Wood,Men,4,3170.0,29.2,8977.44,Credit Card,Delivered
ORD102834,2026-05-23,CUST00266,Ira Chatterjee,Bengaluru,Karnataka,Versace,Dylan Blue,Men,2,4620.0,0.9,9156.84,UPI,Delivered
ORD102835,2026-05-24,CUST00799,Aryan Mukherjee,Delhi,Delhi,Ajmal,Ajmal Amber Wood,Men,1,2420.0,24.2,1834.36,Credit Card,Delivered
ORD102836,2026-05-25,CUST00990,Ananya Shah,Visakhapatnam,Andhra Pradesh,Wild Stone,Wild Stone Hunter,Men,1,850.0,11.7,750.55,Credit Card,Delivered
ORD102837,2026-05-25,CUST01092,Ayaan Rao,Hyderabad,Telangana,Burberry,Hero,Men,3,3830.0,14.8,9789.48,Credit Card,Delivered
ORD102838,2026-05-25,CUST00316,Riya Mehta,Delhi,Delhi,Dior,Miss Dior,Women,1,5980.0,7.6,5525.52,Net Banking,Delivered
ORD102839,2026-05-26,CUST00940,Suresh Desai,Chennai,Tamil Nadu,Zara,Zara Man Gold,Men,3,1930.0,29.3,4093.53,UPI,Delivered
ORD102840,2026-05-26,CUST00787,Priya Naidu,Surat,Gujarat,Fogg,Fogg Femme,Women,2,1500.0,12.7,2619.0,UPI,Delivered
ORD102841,2026-05-26,CUST00670,Deepak Agarwal,Hyderabad,Telangana,Wild Stone,Wild Stone Hunter,Men,3,950.0,9.8,2570.7,Net Banking,Delivered
ORD102842,2026-05-26,CUST00404,Kiran Naidu,Delhi,Delhi,Dior,Sauvage Elixir,Men,1,11940.0,19.3,9635.58,Net Banking,Delivered
ORD102843,2026-05-26,CUST00405,Preeti Naidu,Mumbai,Maharashtra,Fogg,Fogg Scent Xpressio,Men,4,1440.0,23.4,4412.16,Credit Card,Delivered
ORD102844,2026-05-27,CUST00664,Preeti Menon,Indore,Madhya Pradesh,Tom Ford,Black Orchid,Unisex,3,9610.0,8.5,26379.45,Net Banking,Delivered
ORD102845,2026-05-27,CUST01040,Meera Choudhary,Mumbai,Maharashtra,Armani,Si Passione,Women,1,5070.0,13.5,4385.55,UPI,Cancelled
ORD102846,2026-05-27,CUST00729,Vikram Das,Chennai,Tamil Nadu,Zara,Zara Woman Rose,Women,3,2470.0,26.0,5483.4,Credit Card,Returned
ORD102847,2026-05-28,CUST00082,Manoj Choudhary,Bengaluru,Karnataka,Gucci,Gucci Bloom,Women,2,7710.0,7.8,14217.24,Credit Card,Delivered
ORD102848,2026-05-28,CUST00532,Vihaan Yadav,Visakhapatnam,Andhra Pradesh,Fogg,Fogg Femme,Women,2,1770.0,29.9,2481.54,Net Banking,Delivered
ORD102849,2026-05-28,CUST00396,Sai Yadav,Chennai,Tamil Nadu,Armani,Code,Men,3,7650.0,0.6,22812.3,UPI,Returned
ORD102850,2026-05-28,CUST00799,Aryan Mukherjee,Delhi,Delhi,Versace,Dylan Blue,Men,1,3880.0,19.0,3142.8,Cash on Delivery,Delivered
ORD102851,2026-05-28,CUST00537,Divya Shah,Hyderabad,Telangana,Fogg,Fogg Femme,Women,3,1530.0,24.4,3470.04,Credit Card,Returned
ORD102852,2026-05-28,CUST00438,Nikhil Sharma,Nashik,Maharashtra,Gucci,Gucci Flora,Women,2,9720.0,11.9,17126.64,Net Banking,Delivered
ORD102853,2026-05-28,CUST01070,Deepak Gupta,Mumbai,Maharashtra,Armani,Acqua di Gio,Men,2,7700.0,0.9,15261.4,Credit Card,Delivered
ORD102854,2026-05-28,CUST00487,Amit Nair,Nashik,Maharashtra,Versace,Dylan Blue,Men,2,3570.0,18.3,5833.38,UPI,Delivered
ORD102855,2026-05-29,CUST00403,Ananya Krishnan,Delhi,Delhi,Wild Stone,Wild Stone Hunter,Men,1,870.0,0.1,869.13,Net Banking,Delivered
ORD102856,2026-05-29,CUST00175,Pari Joshi,Surat,Gujarat,Wild Stone,Wild Stone Hunter,Men,2,1530.0,15.0,2601.0,UPI,Returned
ORD102857,2026-05-29,CUST00361,Rohan Mehta,Chennai,Tamil Nadu,Burberry,Hero,Men,1,7340.0,16.7,6114.22,Credit Card,Delivered
ORD102858,2026-05-29,CUST00315,Tanvi Shah,Kolkata,West Bengal,Ajmal,Ajmal Amber Wood,Men,3,960.0,10.7,2571.84,Net Banking,Delivered
ORD102859,2026-05-30,CUST00942,Preeti Malhotra,Chennai,Tamil Nadu,Dior,J'adore,Women,2,10800.0,21.3,16999.2,Cash on Delivery,Delivered
ORD102860,2026-05-30,CUST00550,Anjali Rao,Pune,Maharashtra,Chanel,Bleu de Chanel,Men,3,10200.0,12.5,26775.0,UPI,Delivered
ORD102861,2026-05-30,CUST01180,Nikhil Verma,Bengaluru,Karnataka,Zara,Zara Woman Rose,Women,1,1850.0,10.5,1655.75,UPI,Delivered
ORD102862,2026-05-31,CUST01160,Kavya Mishra,Delhi,Delhi,Fogg,Fogg Femme,Women,2,1110.0,24.8,1669.44,Credit Card,Delivered
ORD102863,2026-05-31,CUST01236,Manoj Rathi,Bengaluru,Karnataka,Armani,Acqua di Gio,Men,1,6730.0,21.8,5262.86,UPI,Delivered
ORD102864,2026-05-31,CUST01167,Tanvi Kulkarni,Chennai,Tamil Nadu,Zara,Zara Woman Rose,Women,1,1570.0,11.3,1392.59,UPI,Delivered
ORD102865,2026-05-31,CUST00985,Amit Kulkarni,Jaipur,Rajasthan,Zara,Zara Man Gold,Men,1,1780.0,16.7,1482.74,Credit Card,Delivered
ORD102866,2026-06-01,CUST00428,Rahul Naidu,Nagpur,Maharashtra,Fogg,Fogg Femme,Women,2,1770.0,9.0,3221.4,UPI,Delivered
ORD102867,2026-06-01,CUST00787,Priya Naidu,Bengaluru,Karnataka,Tom Ford,Black Orchid,Unisex,4,11390.0,12.6,39819.44,Cash on Delivery,Delivered
ORD102868,2026-06-01,CUST00458,Sunita Shah,Lucknow,Uttar Pradesh,Dior,J'adore,Women,1,5570.0,19.0,4511.7,UPI,Delivered
ORD102869,2026-06-01,CUST00156,Sai Krishnan,Delhi,Delhi,Calvin Klein,Obsession,Men,3,4390.0,13.7,11365.71,Debit Card,Delivered
ORD102870,2026-06-01,CUST01179,Vivaan Das,Lucknow,Uttar Pradesh,Ajmal,Ajmal Evoke,Unisex,1,1130.0,12.8,985.36,Cash on Delivery,Delivered
ORD102871,2026-06-02,CUST00886,Anjali Malhotra,Hyderabad,Telangana,Calvin Klein,Obsession,Men,1,6950.0,15.9,5844.95,Credit Card,Delivered
ORD102872,2026-06-02,CUST00790,Anjali Joshi,Nashik,Maharashtra,Versace,Dylan Blue,Men,3,5900.0,20.9,14000.7,Cash on Delivery,Delivered
ORD102873,2026-06-02,CUST00532,Vihaan Yadav,Visakhapatnam,Andhra Pradesh,Fogg,Fogg Scent Xpressio,Men,2,1590.0,16.4,2658.48,Cash on Delivery,Delivered
ORD102874,2026-06-03,CUST00646,Aditya Desai,Chennai,Tamil Nadu,Dior,Miss Dior,Women,1,5800.0,0.2,5788.4,Cash on Delivery,Delivered
ORD102875,2026-06-03,CUST00580,Sanya Naidu,Indore,Madhya Pradesh,Fogg,Fogg Femme,Women,2,980.0,18.3,1601.32,UPI,Delivered
ORD102876,2026-06-03,CUST00216,Anil Rathi,Kolkata,West Bengal,Dior,Miss Dior,Women,1,7430.0,5.9,6991.63,UPI,Delivered
ORD102877,2026-06-03,CUST00315,Tanvi Shah,Kolkata,West Bengal,Ajmal,Ajmal Amber Wood,Men,1,1610.0,4.4,1539.16,Credit Card,Returned
ORD102878,2026-06-03,CUST01084,Sai Yadav,Pune,Maharashtra,Wild Stone,Wild Stone Hunter,Men,2,1110.0,20.3,1769.34,Debit Card,Delivered
ORD102879,2026-06-04,CUST00199,Sanya Mehta,Mumbai,Maharashtra,Zara,Zara Unisex Oud,Unisex,1,2710.0,13.3,2349.57,Credit Card,Delivered
ORD102880,2026-06-04,CUST00481,Ayaan Pillai,Kolkata,West Bengal,Chanel,Bleu de Chanel,Men,5,6590.0,2.6,32093.3,UPI,Returned
ORD102881,2026-06-04,CUST00599,Saanvi Rao,Chennai,Tamil Nadu,Gucci,Gucci Guilty,Unisex,1,9070.0,2.5,8843.25,UPI,Delivered
ORD102882,2026-06-04,CUST00550,Anjali Rao,Pune,Maharashtra,Fogg,Fogg Scent Xpressio,Men,2,1750.0,18.2,2863.0,UPI,Delivered
ORD102883,2026-06-04,CUST01070,Deepak Gupta,Mumbai,Maharashtra,Chanel,Chanel No. 5,Women,3,11780.0,10.6,31593.96,Net Banking,Delivered
ORD102884,2026-06-04,CUST00457,Preeti Pillai,Visakhapatnam,Andhra Pradesh,Ajmal,Ajmal Evoke,Unisex,3,3110.0,6.9,8686.23,Cash on Delivery,Delivered
ORD102885,2026-06-05,CUST00094,Amit Naidu,Bengaluru,Karnataka,Ajmal,Ajmal Wisal,Women,2,1580.0,28.8,2249.92,UPI,Delivered
ORD102886,2026-06-05,CUST00754,Meera Yadav,Chennai,Tamil Nadu,Burberry,Hero,Men,1,5300.0,10.7,4732.9,UPI,Delivered
ORD102887,2026-06-05,CUST00541,Diya Reddy,Lucknow,Uttar Pradesh,Ajmal,Ajmal Evoke,Unisex,2,3060.0,5.6,5777.28,UPI,Delivered
ORD102888,2026-06-05,CUST00235,Aadhya Shah,Lucknow,Uttar Pradesh,Ajmal,Ajmal Amber Wood,Men,5,1800.0,19.6,7236.0,Credit Card,Delivered
ORD102889,2026-06-05,CUST00429,Aarav Rathi,Indore,Madhya Pradesh,Wild Stone,Wild Stone Code Platinum,Men,5,1050.0,14.9,4467.75,UPI,Delivered
ORD102890,2026-06-06,CUST00181,Ashok Banerjee,Lucknow,Uttar Pradesh,Fogg,Fogg Scent Xpressio,Men,3,1430.0,3.7,4131.27,Cash on Delivery,Cancelled
ORD102891,2026-06-06,CUST01167,Tanvi Kulkarni,Chennai,Tamil Nadu,Zara,Zara Woman Rose,Women,1,1720.0,17.5,1419.0,UPI,Delivered
ORD102892,2026-06-06,CUST00541,Diya Reddy,Lucknow,Uttar Pradesh,Ajmal,Ajmal Amber Wood,Men,1,1110.0,10.0,999.0,UPI,Delivered
ORD102893,2026-06-06,CUST00799,Aryan Mukherjee,Delhi,Delhi,Chanel,Bleu de Chanel,Men,5,10070.0,0.5,50098.25,Credit Card,Delivered
ORD102894,2026-06-06,CUST00978,Sunita Naidu,Bhopal,Madhya Pradesh,Dior,J'adore,Women,4,10980.0,20.2,35048.16,Credit Card,Delivered
ORD102895,2026-06-07,CUST00062,Vivaan Reddy,Coimbatore,Tamil Nadu,Zara,Zara Unisex Oud,Unisex,1,2740.0,23.2,2104.32,UPI,Delivered
ORD102896,2026-06-07,CUST00140,Rajesh Desai,Indore,Madhya Pradesh,Gucci,Gucci Guilty,Unisex,1,7130.0,1.0,7058.7,Credit Card,Delivered
ORD102897,2026-06-07,CUST00768,Deepak Menon,Hyderabad,Telangana,Zara,Zara Unisex Oud,Unisex,2,1300.0,10.2,2334.8,UPI,Delivered
ORD102898,2026-06-07,CUST00890,Suresh Kumar,Pune,Maharashtra,Versace,Eros,Men,1,4900.0,13.1,4258.1,Cash on Delivery,Delivered
ORD102899,2026-06-07,CUST00965,Divya Mukherjee,Jaipur,Rajasthan,Ajmal,Ajmal Amber Wood,Men,2,1550.0,21.6,2430.4,Net Banking,Delivered
ORD102900,2026-06-07,CUST00453,Anika Iyer,Nashik,Maharashtra,Versace,Dylan Blue,Men,2,8220.0,19.5,13234.2,UPI,Delivered
ORD102901,2026-06-07,CUST01084,Sai Yadav,Pune,Maharashtra,Zara,Zara Woman Rose,Women,2,2000.0,25.8,2968.0,Credit Card,Delivered
ORD102902,2026-06-07,CUST00109,Vihaan Banerjee,Hyderabad,Telangana,Versace,Eros,Men,1,4670.0,10.9,4160.97,Cash on Delivery,Cancelled
ORD102903,2026-06-08,CUST01077,Meera Kumar,Kolkata,West Bengal,Armani,Si Passione,Women,5,5270.0,15.2,22344.8,UPI,Delivered
ORD102904,2026-06-08,CUST00036,Shreya Chatterjee,Hyderabad,Telangana,Gucci,Gucci Flora,Women,3,10800.0,14.2,27799.2,UPI,Delivered
ORD102905,2026-06-09,CUST01130,Ira Naidu,Chandigarh,Punjab,Ajmal,Ajmal Wisal,Women,1,2220.0,3.6,2140.08,UPI,Cancelled
ORD102906,2026-06-09,CUST00550,Anjali Rao,Pune,Maharashtra,Zara,Zara Man Gold,Men,2,2460.0,26.5,3616.2,Credit Card,Delivered
ORD102907,2026-06-09,CUST00508,Aditya Banerjee,Chandigarh,Punjab,Dior,J'adore,Women,4,8020.0,20.9,25375.28,Cash on Delivery,Cancelled
ORD102908,2026-06-09,CUST01030,Preeti Iyer,Delhi,Delhi,Ajmal,Ajmal Amber Wood,Men,3,2030.0,18.0,4993.8,UPI,Delivered
ORD102909,2026-06-10,CUST01220,Aadhya Krishnan,Mumbai,Maharashtra,Armani,Code,Men,3,7630.0,2.1,22409.31,UPI,Delivered
ORD102910,2026-06-10,CUST00064,Sai Verma,Bengaluru,Karnataka,Gucci,Gucci Bloom,Women,1,4570.0,18.4,3729.12,UPI,Delivered
ORD102911,2026-06-10,CUST00028,Rajesh Iyer,Pune,Maharashtra,Ajmal,Ajmal Amber Wood,Men,2,2250.0,19.3,3631.5,UPI,Delivered
ORD102912,2026-06-10,CUST00898,Kiran Agarwal,Bhopal,Madhya Pradesh,Fogg,Fogg Scent Xpressio,Men,1,1760.0,14.6,1503.04,UPI,Delivered
ORD102913,2026-06-11,CUST00913,Yash Rao,Kolkata,West Bengal,Zara,Zara Unisex Oud,Unisex,1,1750.0,9.3,1587.25,Cash on Delivery,Delivered
ORD102914,2026-06-11,CUST01102,Lakshmi Menon,Hyderabad,Telangana,Zara,Zara Man Gold,Men,2,2400.0,11.3,4257.6,UPI,Delivered
ORD102915,2026-06-11,CUST00750,Sanjay Agarwal,Delhi,Delhi,Burberry,Hero,Men,3,4540.0,3.3,13170.54,UPI,Delivered
ORD102916,2026-06-11,CUST00532,Vihaan Yadav,Visakhapatnam,Andhra Pradesh,Dior,Miss Dior,Women,1,4940.0,8.8,4505.28,Credit Card,Delivered
ORD102917,2026-06-12,CUST00401,Kabir Choudhary,Nashik,Maharashtra,Zara,Zara Woman Rose,Women,2,2100.0,9.5,3801.0,Net Banking,Delivered
ORD102918,2026-06-13,CUST00451,Diya Banerjee,Delhi,Delhi,Wild Stone,Wild Stone Hunter,Men,3,1460.0,29.5,3087.9,Debit Card,Delivered
ORD102919,2026-06-13,CUST00403,Ananya Krishnan,Delhi,Delhi,Ajmal,Ajmal Amber Wood,Men,5,1150.0,18.8,4669.0,Cash on Delivery,Delivered
ORD102920,2026-06-13,CUST00532,Vihaan Yadav,Visakhapatnam,Andhra Pradesh,Wild Stone,Wild Stone Code Platinum,Men,3,1060.0,29.4,2245.08,Net Banking,Delivered
ORD102921,2026-06-13,CUST00669,Saanvi Malhotra,Ahmedabad,Gujarat,Wild Stone,Wild Stone Code Platinum,Men,2,1230.0,7.7,2270.58,Credit Card,Delivered
ORD102922,2026-06-13,CUST00123,Swati Gupta,Mumbai,Maharashtra,Ajmal,Ajmal Evoke,Unisex,1,2350.0,12.1,2065.65,Net Banking,Delivered
ORD102923,2026-06-14,CUST01067,Pari Iyer,Ahmedabad,Gujarat,Armani,Code,Men,4,4160.0,4.6,15874.56,UPI,Returned
ORD102924,2026-06-14,CUST00933,Aarav Banerjee,Bengaluru,Karnataka,Tom Ford,Black Orchid,Unisex,5,10410.0,11.1,46272.45,Cash on Delivery,Delivered
ORD102925,2026-06-14,CUST00582,Kiran Reddy,Bengaluru,Karnataka,Zara,Zara Man Gold,Men,1,2420.0,16.0,2032.8,Credit Card,Delivered
ORD102926,2026-06-14,CUST00391,Manoj Choudhary,Kochi,Kerala,Versace,Dylan Blue,Men,3,8240.0,13.2,21456.96,Debit Card,Cancelled
ORD102927,2026-06-14,CUST00806,Vikram Choudhary,Hyderabad,Telangana,Wild Stone,Wild Stone Hunter,Men,1,1450.0,5.6,1368.8,UPI,Delivered
ORD102928,2026-06-15,CUST01116,Isha Singh,Coimbatore,Tamil Nadu,Zara,Zara Unisex Oud,Unisex,1,1400.0,22.3,1087.8,Credit Card,Delivered
ORD102929,2026-06-15,CUST00729,Vikram Das,Chennai,Tamil Nadu,Wild Stone,Wild Stone Code Platinum,Men,3,820.0,17.6,2027.04,UPI,Delivered
ORD102930,2026-06-15,CUST00580,Sanya Naidu,Indore,Madhya Pradesh,Ajmal,Ajmal Evoke,Unisex,1,2630.0,7.1,2443.27,Cash on Delivery,Delivered
ORD102931,2026-06-16,CUST00799,Aryan Mukherjee,Delhi,Delhi,Gucci,Gucci Guilty,Unisex,1,7250.0,2.3,7083.25,Credit Card,Delivered
ORD102932,2026-06-16,CUST01067,Pari Iyer,Delhi,Delhi,Wild Stone,Wild Stone Hunter,Men,1,1300.0,13.6,1123.2,Debit Card,Returned
ORD102933,2026-06-16,CUST01116,Isha Singh,Coimbatore,Tamil Nadu,Chanel,Bleu de Chanel,Men,1,9160.0,16.6,7639.44,Debit Card,Delivered
ORD102934,2026-06-16,CUST00627,Suresh Chatterjee,Jaipur,Rajasthan,Fogg,Fogg Scent Xpressio,Men,1,910.0,26.1,672.49,UPI,Delivered
ORD102935,2026-06-17,CUST00783,Suresh Shah,Kolkata,West Bengal,Armani,Si Passione,Women,2,5020.0,17.2,8313.12,Cash on Delivery,Delivered
ORD102936,2026-06-17,CUST00868,Ramesh Yadav,Bengaluru,Karnataka,Ajmal,Ajmal Wisal,Women,2,1890.0,26.7,2770.74,UPI,Delivered
ORD102937,2026-06-18,CUST00670,Deepak Agarwal,Hyderabad,Telangana,Versace,Eros,Men,4,4270.0,14.2,14654.64,Credit Card,Delivered
ORD102938,2026-06-18,CUST00571,Isha Chatterjee,Delhi,Delhi,Zara,Zara Unisex Oud,Unisex,1,2550.0,11.0,2269.5,UPI,Delivered
ORD102939,2026-06-18,CUST00596,Vikram Malhotra,Kochi,Kerala,Armani,Acqua di Gio,Men,2,5530.0,4.6,10551.24,Cash on Delivery,Delivered
ORD102940,2026-06-18,CUST01087,Kabir Gupta,Delhi,Delhi,Zara,Zara Woman Rose,Women,2,2270.0,9.1,4126.86,Cash on Delivery,Delivered
ORD102941,2026-06-18,CUST00744,Karan Rathi,Surat,Gujarat,Wild Stone,Wild Stone Hunter,Men,4,1300.0,16.1,4362.8,Cash on Delivery,Delivered
ORD102942,2026-06-19,CUST00302,Rahul Menon,Delhi,Delhi,Calvin Klein,Euphoria,Women,1,4280.0,7.6,3954.72,Debit Card,Delivered
ORD102943,2026-06-19,CUST00056,Neha Malhotra,Delhi,Delhi,Fogg,Fogg Femme,Women,1,1640.0,29.9,1149.64,Cash on Delivery,Returned
ORD102944,2026-06-19,CUST01021,Aarav Nair,Kolkata,West Bengal,Versace,Dylan Blue,Men,2,5200.0,4.9,9890.4,UPI,Delivered
ORD102945,2026-06-19,CUST00057,Rajesh Shah,Nagpur,Maharashtra,Wild Stone,Wild Stone Hunter,Men,4,1250.0,11.4,4430.0,Credit Card,Delivered
ORD102946,2026-06-19,CUST01103,Amit Pillai,Chandigarh,Punjab,Ajmal,Ajmal Amber Wood,Men,1,930.0,13.4,805.38,Credit Card,Cancelled
ORD102947,2026-06-19,CUST00227,Kabir Menon,Chennai,Tamil Nadu,Chanel,Coco Mademoiselle,Women,4,5920.0,19.7,19015.04,Cash on Delivery,Delivered
ORD102948,2026-06-20,CUST00830,Krishna Desai,Pune,Maharashtra,Zara,Zara Unisex Oud,Unisex,1,1030.0,17.9,845.63,UPI,Delivered
ORD102949,2026-06-20,CUST01166,Myra Desai,Ahmedabad,Gujarat,Armani,Acqua di Gio,Men,4,6380.0,5.5,24116.4,UPI,Delivered
ORD102950,2026-06-20,CUST00947,Ashok Menon,Bengaluru,Karnataka,Zara,Zara Woman Rose,Women,4,2330.0,1.2,9208.16,Cash on Delivery,Delivered
ORD102951,2026-06-20,CUST01107,Vivaan Banerjee,Hyderabad,Telangana,Calvin Klein,Euphoria,Women,3,4360.0,14.8,11144.16,UPI,Returned
ORD102952,2026-06-20,CUST00363,Ira Pillai,Lucknow,Uttar Pradesh,Tom Ford,Tobacco Vanille,Unisex,3,8950.0,2.3,26232.45,UPI,Delivered
ORD102953,2026-06-20,CUST01052,Dhruv Yadav,Delhi,Delhi,Gucci,Gucci Flora,Women,2,7670.0,15.6,12946.96,Cash on Delivery,Returned
ORD102954,2026-06-21,CUST00968,Anika Shah,Bengaluru,Karnataka,Ajmal,Ajmal Amber Wood,Men,1,1750.0,3.4,1690.5,Debit Card,Cancelled
ORD102955,2026-06-21,CUST00917,Sunita Bansal,Indore,Madhya Pradesh,Dior,Sauvage Elixir,Men,2,10670.0,13.5,18459.1,Debit Card,Delivered
ORD102956,2026-06-21,CUST00698,Geeta Agarwal,Delhi,Delhi,Versace,Dylan Blue,Men,4,6190.0,15.3,20971.72,UPI,Delivered
ORD102957,2026-06-21,CUST01153,Arjun Yadav,Delhi,Delhi,Wild Stone,Wild Stone Code Platinum,Men,1,1530.0,1.1,1513.17,UPI,Delivered
ORD102958,2026-06-22,CUST00795,Nikhil Kulkarni,Kochi,Kerala,Ajmal,Ajmal Wisal,Women,2,1370.0,21.5,2150.9,UPI,Delivered
ORD102959,2026-06-22,CUST00481,Ayaan Pillai,Kolkata,West Bengal,Gucci,Gucci Flora,Women,1,7900.0,14.1,6786.1,Net Banking,Delivered
ORD102960,2026-06-22,CUST01033,Geeta Joshi,Bengaluru,Karnataka,Ajmal,Ajmal Amber Wood,Men,3,2820.0,8.2,7766.28,Cash on Delivery,Delivered
ORD102961,2026-06-22,CUST00309,Yash Joshi,Delhi,Delhi,Burberry,Hero,Men,5,4020.0,21.7,15738.3,Net Banking,Delivered
ORD102962,2026-06-23,CUST00657,Ishaan Krishnan,Bengaluru,Karnataka,Wild Stone,Wild Stone Hunter,Men,2,990.0,28.3,1419.66,UPI,Delivered
ORD102963,2026-06-23,CUST01078,Ayaan Sharma,Mumbai,Maharashtra,Gucci,Gucci Flora,Women,4,10090.0,11.2,35839.68,Cash on Delivery,Delivered
ORD102964,2026-06-23,CUST00894,Kavya Agarwal,Bengaluru,Karnataka,Zara,Zara Woman Rose,Women,2,1510.0,15.1,2563.98,Cash on Delivery,Delivered
ORD102965,2026-06-23,CUST00368,Isha Naidu,Chennai,Tamil Nadu,Wild Stone,Wild Stone Code Platinum,Men,1,1340.0,11.1,1191.26,UPI,Returned
ORD102966,2026-06-23,CUST00405,Preeti Naidu,Mumbai,Maharashtra,Burberry,Her,Women,4,7780.0,17.7,25611.76,UPI,Delivered
ORD102967,2026-06-23,CUST01144,Karan Kumar,Delhi,Delhi,Chanel,Chanel No. 5,Women,3,9690.0,12.0,25581.6,Debit Card,Delivered
ORD102968,2026-06-24,CUST00881,Aditya Malhotra,Coimbatore,Tamil Nadu,Dior,J'adore,Women,3,8630.0,0.7,25708.77,Credit Card,Delivered
ORD102969,2026-06-24,CUST01040,Meera Choudhary,Mumbai,Maharashtra,Armani,Si Passione,Women,2,6740.0,9.4,12212.88,Net Banking,Delivered
ORD102970,2026-06-24,CUST00985,Amit Kulkarni,Jaipur,Rajasthan,Chanel,Chanel No. 5,Women,1,9080.0,12.1,7981.32,Cash on Delivery,Delivered
ORD102971,2026-06-24,CUST00059,Diya Mukherjee,Delhi,Delhi,Gucci,Gucci Flora,Women,2,8910.0,8.8,16251.84,Net Banking,Delivered
ORD102972,2026-06-25,CUST00277,Kavya Chatterjee,Delhi,Delhi,Armani,Acqua di Gio,Men,2,5520.0,15.1,9372.96,UPI,Cancelled
ORD102973,2026-06-25,CUST00457,Preeti Pillai,Visakhapatnam,Andhra Pradesh,Ajmal,Ajmal Evoke,Unisex,2,1190.0,6.7,2220.54,Net Banking,Delivered
ORD102974,2026-06-26,CUST00522,Meera Banerjee,Kochi,Kerala,Ajmal,Ajmal Wisal,Women,1,2090.0,20.7,1657.37,UPI,Delivered
ORD102975,2026-06-26,CUST00315,Tanvi Shah,Lucknow,Uttar Pradesh,Dior,Sauvage Elixir,Men,1,6610.0,4.2,6332.38,Credit Card,Delivered
ORD102976,2026-06-26,CUST00947,Ashok Menon,Indore,Madhya Pradesh,Tom Ford,Tobacco Vanille,Unisex,2,9070.0,12.7,15836.22,Cash on Delivery,Cancelled
ORD102977,2026-06-27,CUST01097,Divya Rao,Hyderabad,Telangana,Fogg,Fogg Scent Xpressio,Men,1,1000.0,22.6,774.0,Cash on Delivery,Delivered
ORD102978,2026-06-27,CUST00670,Deepak Agarwal,Hyderabad,Telangana,Versace,Dylan Blue,Men,2,5510.0,10.3,9884.94,Credit Card,Delivered
ORD102979,2026-06-27,CUST01209,Sai Mukherjee,Nagpur,Maharashtra,Zara,Zara Unisex Oud,Unisex,3,1390.0,9.6,3769.68,Credit Card,Delivered
ORD102980,2026-06-27,CUST00403,Ananya Krishnan,Delhi,Delhi,Calvin Klein,CK One,Unisex,2,3780.0,12.8,6592.32,Debit Card,Delivered
ORD102981,2026-06-27,CUST00431,Rohan Gupta,Kolkata,West Bengal,Ajmal,Ajmal Wisal,Women,1,2250.0,7.6,2079.0,UPI,Delivered
ORD102982,2026-06-28,CUST00359,Priya Joshi,Chennai,Tamil Nadu,Dior,J'adore,Women,1,8340.0,14.4,7139.04,UPI,Delivered
ORD102983,2026-06-28,CUST01144,Karan Kumar,Delhi,Delhi,Fogg,Fogg Scent Xpressio,Men,1,980.0,27.7,708.54,UPI,Delivered
ORD102984,2026-06-28,CUST01245,Ishaan Choudhary,Mumbai,Maharashtra,Fogg,Fogg Femme,Women,2,1600.0,20.0,2560.0,Debit Card,Delivered
ORD102985,2026-06-28,CUST00280,Preeti Kumar,Chandigarh,Punjab,Zara,Zara Man Gold,Men,4,2560.0,0.3,10209.28,Net Banking,Delivered
ORD102986,2026-06-28,CUST00596,Vikram Malhotra,Kochi,Kerala,Ajmal,Ajmal Wisal,Women,2,2170.0,1.8,4261.88,UPI,Delivered
ORD102987,2026-06-28,CUST00088,Kavya Krishnan,Surat,Gujarat,Gucci,Gucci Guilty,Unisex,2,9830.0,11.5,17399.1,UPI,Delivered
ORD102988,2026-06-28,CUST01142,Ayaan Bansal,Chandigarh,Punjab,Dior,Sauvage Elixir,Men,2,11150.0,1.6,21943.2,UPI,Delivered
ORD102989,2026-06-28,CUST00541,Diya Reddy,Lucknow,Uttar Pradesh,Fogg,Fogg Scent Xpressio,Men,1,1160.0,18.8,941.92,UPI,Delivered
ORD102990,2026-06-28,CUST00646,Aditya Desai,Chennai,Tamil Nadu,Fogg,Fogg Scent Xpressio,Men,3,1430.0,25.4,3200.34,UPI,Delivered
ORD102991,2026-06-28,CUST00309,Yash Joshi,Delhi,Delhi,Ajmal,Ajmal Evoke,Unisex,4,2920.0,0.4,11633.28,Credit Card,Delivered
ORD102992,2026-06-29,CUST00883,Swati Malhotra,Mumbai,Maharashtra,Versace,Eros,Men,5,6570.0,13.5,28415.25,UPI,Delivered
ORD102993,2026-06-29,CUST00965,Divya Mukherjee,Jaipur,Rajasthan,Chanel,Chanel No. 5,Women,1,6510.0,12.6,5689.74,Credit Card,Delivered
ORD102994,2026-06-29,CUST00522,Meera Banerjee,Kochi,Kerala,Fogg,Fogg Scent Xpressio,Men,5,1130.0,8.1,5192.35,Debit Card,Returned
ORD102995,2026-06-29,CUST00868,Ramesh Yadav,Bengaluru,Karnataka,Ajmal,Ajmal Amber Wood,Men,1,2530.0,16.1,2122.67,Credit Card,Delivered
ORD102996,2026-06-29,CUST01245,Ishaan Choudhary,Mumbai,Maharashtra,Dior,J'adore,Women,1,7930.0,1.7,7795.19,Debit Card,Delivered
ORD102997,2026-06-30,CUST00787,Priya Naidu,Bengaluru,Karnataka,Armani,Si Passione,Women,2,7650.0,4.7,14580.9,Cash on Delivery,Delivered
ORD102998,2026-06-30,CUST01179,Vivaan Das,Kolkata,West Bengal,Zara,Zara Unisex Oud,Unisex,1,2030.0,5.1,1926.47,Cash on Delivery,Delivered
ORD102999,2026-06-30,CUST00064,Sai Verma,Bengaluru,Karnataka,Ajmal,Ajmal Evoke,Unisex,1,2400.0,9.2,2179.2,UPI,Delivered
